arm_id,family,n_pairs,legacy_mean_s,maxmin_mean_s,paired_ratio_mean,paired_ratio_median,paired_ratio_min,paired_ratio_max,maxmin_faster_count,bit_equal_count,maxmin_slower_count,inference_note
background_p16_k1_rate0,background,100,0.040793500000000656,0.040791500000000654,0.99995337995338,1.0,0.9953379953379953,1.0,1,99,0,descriptive_only_CI_and_claim_audit_follow
background_p16_k1_rate1000,background,100,0.04385650000000075,0.04385150000000074,0.9998889324401368,1.0,0.9920182440136829,1.0,2,98,0,descriptive_only_CI_and_claim_audit_follow
background_p16_k1_rate200,background,100,0.04136950000000067,0.04136750000000067,0.99995337995338,1.0,0.9953379953379953,1.0,1,99,0,descriptive_only_CI_and_claim_audit_follow
background_p16_k1_rate500,background,100,0.042354500000000704,0.042354500000000704,1.0,1.0,1.0,1.0,0,100,0,descriptive_only_CI_and_claim_audit_follow
background_p16_k4_rate0,background,100,0.04050000000000065,0.04050000000000065,1.0,1.0,1.0,1.0,0,100,0,descriptive_only_CI_and_claim_audit_follow
background_p16_k4_rate1000,background,100,0.041628000000000685,0.041628000000000685,1.0,1.0,1.0,1.0,0,100,0,descriptive_only_CI_and_claim_audit_follow
background_p16_k4_rate200,background,100,0.040771500000000654,0.040771500000000654,1.0,1.0,1.0,1.0,0,100,0,descriptive_only_CI_and_claim_audit_follow
background_p16_k4_rate500,background,100,0.04114050000000066,0.04114050000000066,1.0,1.0,1.0,1.0,0,100,0,descriptive_only_CI_and_claim_audit_follow
congestion_hot_spot_p16_k1,congestion,100,0.1312189999999937,0.13073449999999376,0.9972150150024399,1.0,0.948111847794756,1.0,7,93,0,descriptive_only_CI_and_claim_audit_follow
congestion_hot_spot_p16_k2,congestion,100,0.08709149999999853,0.08509249999999875,0.9787010755844219,0.9779161688121624,0.9300349825087514,1.0,52,48,0,descriptive_only_CI_and_claim_audit_follow
congestion_hot_spot_p16_k4,congestion,100,0.060639500000000686,0.059092500000000714,0.9739047478141637,0.9754295400502184,0.9161248374512443,1.0,73,27,0,descriptive_only_CI_and_claim_audit_follow
congestion_hot_spot_p16_k8,congestion,100,0.04425700000000072,0.0430995000000007,0.973571009336285,0.973981864083199,0.9245107176141651,1.0,90,10,0,descriptive_only_CI_and_claim_audit_follow
congestion_iid_p16_k1,congestion,100,0.029232000000000324,0.02905250000000032,0.9960086385619908,1.0,0.9642058165548094,1.0,22,78,0,descriptive_only_CI_and_claim_audit_follow
congestion_iid_p16_k2,congestion,100,0.02424950000000018,0.023883000000000168,0.9846504589318489,0.9892703862660942,0.9396551724137918,1.0,77,23,0,descriptive_only_CI_and_claim_audit_follow
congestion_iid_p16_k4,congestion,100,0.02251750000000013,0.021981500000000116,0.9760952347646996,0.9763025809574761,0.9515418502202633,1.0,99,1,0,descriptive_only_CI_and_claim_audit_follow
congestion_iid_p16_k8,congestion,100,0.021986000000000113,0.021658500000000105,0.9851257875224717,0.9863013698630134,0.9601769911504415,0.9956521739130434,100,0,0,descriptive_only_CI_and_claim_audit_follow
congestion_microburst_p16_k1,congestion,100,0.027099000000000265,0.027086000000000263,0.9997026981017545,1.0,0.996523754345307,1.0,13,87,0,descriptive_only_CI_and_claim_audit_follow
congestion_microburst_p16_k2,congestion,100,0.02300300000000015,0.022967500000000144,0.9984133106868854,1.0,0.9885057471264365,1.0,38,62,0,descriptive_only_CI_and_claim_audit_follow
congestion_microburst_p16_k4,congestion,100,0.021820500000000114,0.021754500000000107,0.9969517323222185,0.9976851851851851,0.9908045977011493,1.0,89,11,0,descriptive_only_CI_and_claim_audit_follow
congestion_microburst_p16_k8,congestion,100,0.021602500000000108,0.021559000000000106,0.997987073389787,0.9976851851851851,0.995381062355658,1.0,79,21,0,descriptive_only_CI_and_claim_audit_follow
congestion_onoff_p16_k1,congestion,100,0.09084699999999814,0.09049299999999817,0.9962600405159812,1.0,0.8791451731761325,1.0,10,90,0,descriptive_only_CI_and_claim_audit_follow
congestion_onoff_p16_k2,congestion,100,0.059197500000000625,0.0579620000000007,0.9812021898512501,0.9984705096637669,0.8479184367034821,1.0,52,48,0,descriptive_only_CI_and_claim_audit_follow
congestion_onoff_p16_k4,congestion,100,0.043236000000000684,0.041659000000000654,0.9631322963580705,0.973053232756945,0.8704784130688432,1.0,92,8,0,descriptive_only_CI_and_claim_audit_follow
congestion_onoff_p16_k8,congestion,100,0.033210500000000434,0.0320040000000004,0.9637990368863895,0.9687529370937769,0.8734567901234548,1.0,98,2,0,descriptive_only_CI_and_claim_audit_follow
controller_p16_af00_adaptive,controller,100,0.02288350000000014,0.022875500000000142,0.9997522343832146,1.0,0.9868852459016392,1.0,2,98,0,descriptive_only_CI_and_claim_audit_follow
controller_p16_af00_baseline,controller,100,0.026219000000000235,0.026219000000000235,1.0,1.0,1.0,1.0,0,100,0,descriptive_only_CI_and_claim_audit_follow
controller_p16_af00_static_k4,controller,100,0.021661000000000107,0.021661000000000107,1.0,1.0,1.0,1.0,0,100,0,descriptive_only_CI_and_claim_audit_follow
controller_p16_af01_adaptive,controller,100,0.03567500000000051,0.03508900000000049,0.983776552437988,0.9885148151113663,0.9004854368932026,1.0620384047267366,66,10,24,descriptive_only_CI_and_claim_audit_follow
controller_p16_af01_baseline,controller,100,0.06434900000000038,0.06425950000000039,0.9989053350999129,1.0,0.9305169538632637,1.0,4,96,0,descriptive_only_CI_and_claim_audit_follow
controller_p16_af01_static_k4,controller,100,0.03339700000000045,0.032511500000000415,0.9730386858070915,0.9860774476441548,0.7634920634920597,1.0,76,24,0,descriptive_only_CI_and_claim_audit_follow
controller_p16_af03_adaptive,controller,100,0.046023500000000786,0.044291000000000746,0.9620633264762057,0.9670219717091035,0.7812197483059029,1.0381355932203393,87,3,10,descriptive_only_CI_and_claim_audit_follow
controller_p16_af03_baseline,controller,100,0.09366399999999783,0.09330899999999787,0.9968695277592089,1.0,0.8782608695652265,1.0,5,95,0,descriptive_only_CI_and_claim_audit_follow
controller_p16_af03_static_k4,controller,100,0.042694000000000704,0.04118050000000066,0.9643364878329773,0.9734429515254988,0.8662251655629121,1.0,89,11,0,descriptive_only_CI_and_claim_audit_follow
controller_p16_af05_adaptive,controller,100,0.053267500000000904,0.05133350000000088,0.9637428929363057,0.9681111111111107,0.8644859813084099,1.032290615539859,90,3,7,descriptive_only_CI_and_claim_audit_follow
controller_p16_af05_baseline,controller,100,0.10989649999999605,0.10943849999999611,0.9963600717922968,1.0,0.8727901614143047,1.0,9,91,0,descriptive_only_CI_and_claim_audit_follow
controller_p16_af05_static_k4,controller,100,0.04943150000000083,0.047265000000000806,0.9561196398661513,0.9622654423991949,0.8496815286624184,1.0,95,5,0,descriptive_only_CI_and_claim_audit_follow
controller_p64_af00_adaptive,controller,100,0.030065000000000345,0.02983850000000034,0.9928409514596978,0.9934264185594295,0.931610942249239,1.005952380952381,55,41,4,descriptive_only_CI_and_claim_audit_follow
controller_p64_af00_baseline,controller,100,0.04381050000000073,0.04381050000000073,1.0,1.0,1.0,1.0,0,100,0,descriptive_only_CI_and_claim_audit_follow
controller_p64_af00_static_k4,controller,100,0.02380400000000017,0.02380400000000017,1.0,1.0,1.0,1.0,0,100,0,descriptive_only_CI_and_claim_audit_follow
controller_p64_af01_adaptive,controller,100,0.043177000000000715,0.042365000000000694,0.9815214023815879,0.990296066048145,0.8923976608187122,1.0694597574421176,64,8,28,descriptive_only_CI_and_claim_audit_follow
controller_p64_af01_baseline,controller,100,0.08569649999999869,0.08454749999999883,0.9883670310336314,1.0,0.8597260273972728,1.0,27,73,0,descriptive_only_CI_and_claim_audit_follow
controller_p64_af01_static_k4,controller,100,0.04550650000000073,0.044418000000000714,0.9763593469884274,0.9870218837351665,0.8960943257185057,1.0,73,27,0,descriptive_only_CI_and_claim_audit_follow
controller_p64_af03_adaptive,controller,100,0.057362500000000864,0.055279500000000883,0.9636834998597607,0.9730414962203602,0.831558567279766,1.060135790494666,90,2,8,descriptive_only_CI_and_claim_audit_follow
controller_p64_af03_baseline,controller,100,0.11702399999999527,0.1131744999999957,0.9686728667658177,0.9856115607229865,0.877022653721691,1.0,59,41,0,descriptive_only_CI_and_claim_audit_follow
controller_p64_af03_static_k4,controller,100,0.057888500000000835,0.05535700000000086,0.9565501196711449,0.9707700173261014,0.8280898876404474,1.0,90,10,0,descriptive_only_CI_and_claim_audit_follow
controller_p64_af05_adaptive,controller,100,0.06388450000000077,0.06079600000000088,0.9522114772709717,0.9562269488528423,0.8572418572418722,1.0213351686166527,95,2,3,descriptive_only_CI_and_claim_audit_follow
controller_p64_af05_baseline,controller,100,0.137608999999993,0.13153599999999366,0.9568898293853546,0.9582030946177207,0.8622754491018054,1.0,89,11,0,descriptive_only_CI_and_claim_audit_follow
controller_p64_af05_static_k4,controller,100,0.06290750000000074,0.05966700000000086,0.949757591796187,0.9521650221239668,0.8538163001293816,1.0,95,5,0,descriptive_only_CI_and_claim_audit_follow
equal_2tier_p16_k1,static_split,100,0.008984499999999973,0.008984499999999973,1.0,1.0,1.0,1.0,0,100,0,descriptive_only_CI_and_claim_audit_follow
equal_2tier_p16_k16,static_split,100,0.005399999999999995,0.005399999999999995,1.0,1.0,1.0,1.0,0,100,0,descriptive_only_CI_and_claim_audit_follow
equal_2tier_p16_k2,static_split,100,0.006800499999999987,0.006800499999999987,1.0,1.0,1.0,1.0,0,100,0,descriptive_only_CI_and_claim_audit_follow
equal_2tier_p16_k32,static_split,100,0.005399999999999995,0.005399999999999995,1.0,1.0,1.0,1.0,0,100,0,descriptive_only_CI_and_claim_audit_follow
equal_2tier_p16_k4,static_split,100,0.005629499999999994,0.005629499999999994,1.0,1.0,1.0,1.0,0,100,0,descriptive_only_CI_and_claim_audit_follow
equal_2tier_p16_k8,static_split,100,0.0054064999999999955,0.0054064999999999955,1.0,1.0,1.0,1.0,0,100,0,descriptive_only_CI_and_claim_audit_follow
equal_2tier_p64_k1,static_split,100,0.01630549999999997,0.01630549999999997,1.0,1.0,1.0,1.0,0,100,0,descriptive_only_CI_and_claim_audit_follow
equal_2tier_p64_k16,static_split,100,0.006400499999999989,0.006400499999999989,1.0,1.0,1.0,1.0,0,100,0,descriptive_only_CI_and_claim_audit_follow
equal_2tier_p64_k2,static_split,100,0.011992999999999955,0.011992999999999955,1.0,1.0,1.0,1.0,0,100,0,descriptive_only_CI_and_claim_audit_follow
equal_2tier_p64_k32,static_split,100,0.005809999999999993,0.005809999999999993,1.0,1.0,1.0,1.0,0,100,0,descriptive_only_CI_and_claim_audit_follow
equal_2tier_p64_k4,static_split,100,0.009443499999999971,0.009443499999999971,1.0,1.0,1.0,1.0,0,100,0,descriptive_only_CI_and_claim_audit_follow
equal_2tier_p64_k8,static_split,100,0.007651499999999981,0.007651499999999981,1.0,1.0,1.0,1.0,0,100,0,descriptive_only_CI_and_claim_audit_follow
equal_3tier_nb_p16_k1,static_split,100,0.006576999999999988,0.006576999999999988,1.0,1.0,1.0,1.0,0,100,0,descriptive_only_CI_and_claim_audit_follow
equal_3tier_nb_p16_k16,static_split,100,0.005399999999999995,0.005399999999999995,1.0,1.0,1.0,1.0,0,100,0,descriptive_only_CI_and_claim_audit_follow
equal_3tier_nb_p16_k2,static_split,100,0.005642499999999994,0.005642499999999994,1.0,1.0,1.0,1.0,0,100,0,descriptive_only_CI_and_claim_audit_follow
equal_3tier_nb_p16_k32,static_split,100,0.005399999999999995,0.005399999999999995,1.0,1.0,1.0,1.0,0,100,0,descriptive_only_CI_and_claim_audit_follow
equal_3tier_nb_p16_k4,static_split,100,0.005440499999999995,0.005440499999999995,1.0,1.0,1.0,1.0,0,100,0,descriptive_only_CI_and_claim_audit_follow
equal_3tier_nb_p16_k8,static_split,100,0.005399999999999995,0.005399999999999995,1.0,1.0,1.0,1.0,0,100,0,descriptive_only_CI_and_claim_audit_follow
equal_3tier_nb_p64_k1,static_split,100,0.01096649999999996,0.01096649999999996,1.0,1.0,1.0,1.0,0,100,0,descriptive_only_CI_and_claim_audit_follow
equal_3tier_nb_p64_k16,static_split,100,0.005399999999999995,0.005399999999999995,1.0,1.0,1.0,1.0,0,100,0,descriptive_only_CI_and_claim_audit_follow
equal_3tier_nb_p64_k2,static_split,100,0.008148499999999979,0.008148499999999979,1.0,1.0,1.0,1.0,0,100,0,descriptive_only_CI_and_claim_audit_follow
equal_3tier_nb_p64_k32,static_split,100,0.005399999999999995,0.005399999999999995,1.0,1.0,1.0,1.0,0,100,0,descriptive_only_CI_and_claim_audit_follow
equal_3tier_nb_p64_k4,static_split,100,0.005980499999999992,0.005980499999999992,1.0,1.0,1.0,1.0,0,100,0,descriptive_only_CI_and_claim_audit_follow
equal_3tier_nb_p64_k8,static_split,100,0.0054454999999999955,0.0054454999999999955,1.0,1.0,1.0,1.0,0,100,0,descriptive_only_CI_and_claim_audit_follow
equal_3tier_os2_p16_k1,static_split,100,0.012254999999999983,0.012254999999999983,1.0,1.0,1.0,1.0,0,100,0,descriptive_only_CI_and_claim_audit_follow
equal_3tier_os2_p16_k16,static_split,100,0.005399999999999995,0.005399999999999995,1.0,1.0,1.0,1.0,0,100,0,descriptive_only_CI_and_claim_audit_follow
equal_3tier_os2_p16_k2,static_split,100,0.008477999999999979,0.008477999999999979,1.0,1.0,1.0,1.0,0,100,0,descriptive_only_CI_and_claim_audit_follow
equal_3tier_os2_p16_k32,static_split,100,0.005399999999999995,0.005399999999999995,1.0,1.0,1.0,1.0,0,100,0,descriptive_only_CI_and_claim_audit_follow
equal_3tier_os2_p16_k4,static_split,100,0.005939499999999992,0.005939499999999992,1.0,1.0,1.0,1.0,0,100,0,descriptive_only_CI_and_claim_audit_follow
equal_3tier_os2_p16_k8,static_split,100,0.005399999999999995,0.005399999999999995,1.0,1.0,1.0,1.0,0,100,0,descriptive_only_CI_and_claim_audit_follow
equal_3tier_os2_p64_k1,static_split,100,0.0210700000000001,0.0210700000000001,1.0,1.0,1.0,1.0,0,100,0,descriptive_only_CI_and_claim_audit_follow
equal_3tier_os2_p64_k16,static_split,100,0.0054064999999999955,0.0054064999999999955,1.0,1.0,1.0,1.0,0,100,0,descriptive_only_CI_and_claim_audit_follow
equal_3tier_os2_p64_k2,static_split,100,0.012909499999999957,0.012909499999999957,1.0,1.0,1.0,1.0,0,100,0,descriptive_only_CI_and_claim_audit_follow
equal_3tier_os2_p64_k32,static_split,100,0.005399999999999995,0.005399999999999995,1.0,1.0,1.0,1.0,0,100,0,descriptive_only_CI_and_claim_audit_follow
equal_3tier_os2_p64_k4,static_split,100,0.008629999999999976,0.008629999999999976,1.0,1.0,1.0,1.0,0,100,0,descriptive_only_CI_and_claim_audit_follow
equal_3tier_os2_p64_k8,static_split,100,0.006019999999999991,0.006019999999999991,1.0,1.0,1.0,1.0,0,100,0,descriptive_only_CI_and_claim_audit_follow
equal_3tier_os4_p16_k1,static_split,100,0.02450300000000019,0.02450300000000019,1.0,1.0,1.0,1.0,0,100,0,descriptive_only_CI_and_claim_audit_follow
equal_3tier_os4_p16_k16,static_split,100,0.0055754999999999945,0.0055754999999999945,1.0,1.0,1.0,1.0,0,100,0,descriptive_only_CI_and_claim_audit_follow
equal_3tier_os4_p16_k2,static_split,100,0.016769500000000045,0.016769500000000045,1.0,1.0,1.0,1.0,0,100,0,descriptive_only_CI_and_claim_audit_follow
equal_3tier_os4_p16_k32,static_split,100,0.005399999999999995,0.005399999999999995,1.0,1.0,1.0,1.0,0,100,0,descriptive_only_CI_and_claim_audit_follow
equal_3tier_os4_p16_k4,static_split,100,0.011668999999999962,0.011668999999999962,1.0,1.0,1.0,1.0,0,100,0,descriptive_only_CI_and_claim_audit_follow
equal_3tier_os4_p16_k8,static_split,100,0.007584499999999982,0.007584499999999982,1.0,1.0,1.0,1.0,0,100,0,descriptive_only_CI_and_claim_audit_follow
equal_3tier_os4_p64_k1,static_split,100,0.04209300000000069,0.04209300000000069,1.0,1.0,1.0,1.0,0,100,0,descriptive_only_CI_and_claim_audit_follow
equal_3tier_os4_p64_k16,static_split,100,0.008604499999999977,0.008604499999999977,1.0,1.0,1.0,1.0,0,100,0,descriptive_only_CI_and_claim_audit_follow
equal_3tier_os4_p64_k2,static_split,100,0.025799500000000225,0.025799500000000225,1.0,1.0,1.0,1.0,0,100,0,descriptive_only_CI_and_claim_audit_follow
equal_3tier_os4_p64_k32,static_split,100,0.006528999999999988,0.006528999999999988,1.0,1.0,1.0,1.0,0,100,0,descriptive_only_CI_and_claim_audit_follow
equal_3tier_os4_p64_k4,static_split,100,0.01721999999999998,0.01721999999999998,1.0,1.0,1.0,1.0,0,100,0,descriptive_only_CI_and_claim_audit_follow
equal_3tier_os4_p64_k8,static_split,100,0.011937999999999957,0.011937999999999957,1.0,1.0,1.0,1.0,0,100,0,descriptive_only_CI_and_claim_audit_follow
placement_compact_pod_p64_k1,placement,100,0.06925000000000023,0.06925000000000023,1.0,1.0,1.0,1.0,0,100,0,descriptive_only_CI_and_claim_audit_follow
placement_compact_pod_p64_k8,placement,100,0.027994500000000287,0.02700400000000026,0.9642946388491146,0.9692168338907463,0.8544839255499128,0.9965095986038394,100,0,0,descriptive_only_CI_and_claim_audit_follow
placement_random_p64_k1,placement,100,0.4028744999999638,0.38661049999996555,0.9619341645242767,0.9641238276236866,0.8843309253525988,1.0,80,20,0,descriptive_only_CI_and_claim_audit_follow
placement_random_p64_k8,placement,100,0.11367199999999564,0.10751649999999632,0.9462000369582916,0.9475222049367038,0.8522622345337101,1.0,98,2,0,descriptive_only_CI_and_claim_audit_follow
placement_spread_p64_k1,placement,100,0.4073604999999633,0.40399949999996365,0.9919686780359229,0.9966724996467753,0.9504608294930887,1.0,57,43,0,descriptive_only_CI_and_claim_audit_follow
placement_spread_p64_k8,placement,100,0.12148399999999478,0.11992849999999494,0.9866459725995607,0.9946784433102859,0.9280639431616393,1.0,92,8,0,descriptive_only_CI_and_claim_audit_follow
proportional_2tier_p16_k16,static_split,100,0.005399999999999995,0.005399999999999995,1.0,1.0,1.0,1.0,0,100,0,descriptive_only_CI_and_claim_audit_follow
proportional_2tier_p16_k2,static_split,100,0.006419999999999989,0.0062209999999999896,0.9732782227013708,1.0,0.750000000000001,1.0,43,57,0,descriptive_only_CI_and_claim_audit_follow
proportional_2tier_p16_k4,static_split,100,0.005535499999999994,0.005413499999999996,0.9807277249624771,1.0,0.7883211678832125,1.0,15,85,0,descriptive_only_CI_and_claim_audit_follow
proportional_2tier_p16_k8,static_split,100,0.005403999999999996,0.005399999999999995,0.9993103448275862,1.0,0.931034482758621,1.0,1,99,0,descriptive_only_CI_and_claim_audit_follow
proportional_2tier_p64_k16,static_split,100,0.005741999999999993,0.005399999999999995,0.9417799221200833,0.9473684210526319,0.8372093023255821,1.0,92,8,0,descriptive_only_CI_and_claim_audit_follow
proportional_2tier_p64_k2,static_split,100,0.010302499999999966,0.010069499999999967,0.9769174193530327,0.9833333333333334,0.9111111111111114,1.0,75,25,0,descriptive_only_CI_and_claim_audit_follow
proportional_2tier_p64_k4,static_split,100,0.007518499999999983,0.006915499999999986,0.9217577780130736,0.9353896103896107,0.7292817679558019,0.985611510791367,100,0,0,descriptive_only_CI_and_claim_audit_follow
proportional_2tier_p64_k8,static_split,100,0.00630699999999999,0.005502999999999995,0.8742020411971656,0.8780487804878054,0.7448275862068975,1.0,99,1,0,descriptive_only_CI_and_claim_audit_follow
proportional_3tier_nb_p16_k16,static_split,100,0.005399999999999995,0.005399999999999995,1.0,1.0,1.0,1.0,0,100,0,descriptive_only_CI_and_claim_audit_follow
proportional_3tier_nb_p16_k2,static_split,100,0.005592999999999994,0.005576499999999995,0.9977806868935777,1.0,0.9536423841059605,1.0,7,93,0,descriptive_only_CI_and_claim_audit_follow
proportional_3tier_nb_p16_k4,static_split,100,0.005424999999999996,0.005399999999999995,0.9962737211805358,1.0,0.776978417266188,1.0,2,98,0,descriptive_only_CI_and_claim_audit_follow
proportional_3tier_nb_p16_k8,static_split,100,0.005399999999999995,0.005399999999999995,1.0,1.0,1.0,1.0,0,100,0,descriptive_only_CI_and_claim_audit_follow
proportional_3tier_nb_p64_k16,static_split,100,0.005399999999999995,0.005399999999999995,1.0,1.0,1.0,1.0,0,100,0,descriptive_only_CI_and_claim_audit_follow
proportional_3tier_nb_p64_k2,static_split,100,0.007527999999999983,0.007331999999999983,0.9741434052686166,0.9933774834437087,0.8372093023255821,1.0,84,16,0,descriptive_only_CI_and_claim_audit_follow
proportional_3tier_nb_p64_k4,static_split,100,0.005769999999999993,0.005467499999999995,0.9530717619804965,1.0,0.776978417266188,1.0,36,64,0,descriptive_only_CI_and_claim_audit_follow
proportional_3tier_nb_p64_k8,static_split,100,0.005422499999999994,0.005399999999999995,0.9960729486211715,1.0,0.931034482758621,1.0,7,93,0,descriptive_only_CI_and_claim_audit_follow
proportional_3tier_os2_p16_k16,static_split,100,0.005399999999999995,0.005399999999999995,1.0,1.0,1.0,1.0,0,100,0,descriptive_only_CI_and_claim_audit_follow
proportional_3tier_os2_p16_k2,static_split,100,0.007219999999999984,0.007202499999999984,0.9989583333333333,1.0,0.8958333333333313,1.0,1,99,0,descriptive_only_CI_and_claim_audit_follow
proportional_3tier_os2_p16_k4,static_split,100,0.005624999999999994,0.005399999999999995,0.9663400423728815,1.0,0.750000000000001,1.0,19,81,0,descriptive_only_CI_and_claim_audit_follow
proportional_3tier_os2_p16_k8,static_split,100,0.005399999999999995,0.005399999999999995,1.0,1.0,1.0,1.0,0,100,0,descriptive_only_CI_and_claim_audit_follow
proportional_3tier_os2_p64_k16,static_split,100,0.005400499999999995,0.005399999999999995,0.999908256880734,1.0,0.9908256880733946,1.0,1,99,0,descriptive_only_CI_and_claim_audit_follow
proportional_3tier_os2_p64_k2,static_split,100,0.010732499999999963,0.010682499999999963,0.9958112386589064,1.0,0.8958333333333313,1.0,11,89,0,descriptive_only_CI_and_claim_audit_follow
proportional_3tier_os2_p64_k4,static_split,100,0.006651499999999988,0.005938499999999992,0.8938843592205141,0.9067257821649661,0.7439024390243911,1.0,99,1,0,descriptive_only_CI_and_claim_audit_follow
proportional_3tier_os2_p64_k8,static_split,100,0.005542999999999995,0.005399999999999995,0.9753513713722307,1.0,0.8780487804878054,1.0,41,59,0,descriptive_only_CI_and_claim_audit_follow
proportional_3tier_os4_p16_k16,static_split,100,0.005426999999999995,0.005399999999999995,0.9952083044852026,1.0,0.9473684210526319,1.0,12,88,0,descriptive_only_CI_and_claim_audit_follow
proportional_3tier_os4_p16_k2,static_split,100,0.014228499999999986,0.014228499999999986,1.0,1.0,1.0,1.0,0,100,0,descriptive_only_CI_and_claim_audit_follow
proportional_3tier_os4_p16_k4,static_split,100,0.007535999999999983,0.007535999999999983,1.0,1.0,1.0,1.0,0,100,0,descriptive_only_CI_and_claim_audit_follow
proportional_3tier_os4_p16_k8,static_split,100,0.005813999999999993,0.005399999999999995,0.9309177375987567,0.9230769230769235,0.8244274809160312,1.0,76,24,0,descriptive_only_CI_and_claim_audit_follow
proportional_3tier_os4_p64_k16,static_split,100,0.0058969999999999925,0.005399999999999995,0.9162881868105894,0.915254237288136,0.8503937007874022,0.9473684210526319,100,0,0,descriptive_only_CI_and_claim_audit_follow
proportional_3tier_os4_p64_k2,static_split,100,0.021182500000000094,0.021182500000000094,1.0,1.0,1.0,1.0,0,100,0,descriptive_only_CI_and_claim_audit_follow
proportional_3tier_os4_p64_k4,static_split,100,0.009992499999999967,0.009954999999999967,0.9962055439982723,1.0,0.9242424242424244,1.0,15,85,0,descriptive_only_CI_and_claim_audit_follow
proportional_3tier_os4_p64_k8,static_split,100,0.007083999999999984,0.006353499999999989,0.8973950334069621,0.9025167084377614,0.7200000000000011,0.9712230215827339,100,0,0,descriptive_only_CI_and_claim_audit_follow
