model,seed,k,completion_time_s
onoff,0,1,0.038650000000000594
onoff,0,2,0.02810000000000029
onoff,0,4,0.02810000000000029
onoff,0,8,0.02520000000000021
onoff,1,1,0.06420000000000109
onoff,1,2,0.03365000000000045
onoff,1,4,0.03365000000000045
onoff,1,8,0.02980000000000034
onoff,2,1,0.0912999999999981
onoff,2,2,0.0458000000000008
onoff,2,4,0.028550000000000304
onoff,2,8,0.023050000000000147
onoff,3,1,0.02735000000000027
onoff,3,2,0.02450000000000019
onoff,3,4,0.023250000000000152
onoff,3,8,0.023700000000000165
onoff,4,1,0.021500000000000102
onoff,4,2,0.021500000000000102
onoff,4,4,0.02665000000000025
onoff,4,8,0.022600000000000134
onoff,5,1,0.04375000000000074
onoff,5,2,0.02985000000000034
onoff,5,4,0.025800000000000226
onoff,5,8,0.024450000000000187
onoff,6,1,0.04795000000000086
onoff,6,2,0.035600000000000506
onoff,6,4,0.029700000000000337
onoff,6,8,0.03675000000000054
onoff,7,1,0.021500000000000102
onoff,7,2,0.033500000000000446
onoff,7,4,0.03115000000000038
onoff,7,8,0.034150000000000465
onoff,8,1,0.046400000000000816
onoff,8,2,0.02660000000000025
onoff,8,4,0.02660000000000025
onoff,8,8,0.024050000000000175
onoff,9,1,0.021500000000000102
onoff,9,2,0.021500000000000102
onoff,9,4,0.024400000000000185
onoff,9,8,0.02355000000000016
onoff,10,1,0.029300000000000326
onoff,10,2,0.03020000000000035
onoff,10,4,0.023350000000000155
onoff,10,8,0.023250000000000152
onoff,11,1,0.021500000000000102
onoff,11,2,0.03605000000000052
onoff,11,4,0.026150000000000236
onoff,11,8,0.030700000000000366
onoff,12,1,0.031750000000000396
onoff,12,2,0.023650000000000164
onoff,12,4,0.024050000000000175
onoff,12,8,0.022000000000000117
onoff,13,1,0.021500000000000102
onoff,13,2,0.02660000000000025
onoff,13,4,0.02660000000000025
onoff,13,8,0.02800000000000029
onoff,14,1,0.034200000000000466
onoff,14,2,0.026750000000000253
onoff,14,4,0.026750000000000253
onoff,14,8,0.026500000000000246
onoff,15,1,0.035950000000000516
onoff,15,2,0.03260000000000042
onoff,15,4,0.024300000000000183
onoff,15,8,0.025800000000000226
onoff,16,1,0.048800000000000884
onoff,16,2,0.0284000000000003
onoff,16,4,0.0284000000000003
onoff,16,8,0.02530000000000021
onoff,17,1,0.047800000000000856
onoff,17,2,0.02800000000000029
onoff,17,4,0.02800000000000029
onoff,17,8,0.02455000000000019
onoff,18,1,0.04300000000000072
onoff,18,2,0.028550000000000304
onoff,18,4,0.022950000000000144
onoff,18,8,0.02180000000000011
onoff,19,1,0.029350000000000327
onoff,19,2,0.0284000000000003
onoff,19,4,0.02355000000000016
onoff,19,8,0.02355000000000016
onoff,20,1,0.03360000000000045
onoff,20,2,0.03850000000000059
onoff,20,4,0.027800000000000283
onoff,20,8,0.0284500000000003
onoff,21,1,0.021500000000000102
onoff,21,2,0.021500000000000102
onoff,21,4,0.021500000000000102
onoff,21,8,0.02525000000000021
onoff,22,1,0.047400000000000844
onoff,22,2,0.030400000000000357
onoff,22,4,0.030400000000000357
onoff,22,8,0.02905000000000032
onoff,23,1,0.021500000000000102
onoff,23,2,0.045650000000000794
onoff,23,4,0.045650000000000794
onoff,23,8,0.04840000000000087
onoff,24,1,0.06165000000000125
onoff,24,2,0.037350000000000556
onoff,24,4,0.034150000000000465
onoff,24,8,0.03675000000000054
onoff,25,1,0.03855000000000059
onoff,25,2,0.03015000000000035
onoff,25,4,0.03015000000000035
onoff,25,8,0.022400000000000128
onoff,26,1,0.06125000000000124
onoff,26,2,0.03915000000000061
onoff,26,4,0.028850000000000313
onoff,26,8,0.03265000000000042
onoff,27,1,0.021500000000000102
onoff,27,2,0.023750000000000167
onoff,27,4,0.024700000000000194
onoff,27,8,0.024700000000000194
onoff,28,1,0.04650000000000082
onoff,28,2,0.03055000000000036
onoff,28,4,0.03055000000000036
onoff,28,8,0.02905000000000032
onoff,29,1,0.04435000000000076
onoff,29,2,0.03370000000000045
onoff,29,4,0.03370000000000045
onoff,29,8,0.02385000000000017
onoff,30,1,0.026550000000000247
onoff,30,2,0.022950000000000144
onoff,30,4,0.022950000000000144
onoff,30,8,0.02210000000000012
onoff,31,1,0.04340000000000073
onoff,31,2,0.03425000000000047
onoff,31,4,0.024800000000000197
onoff,31,8,0.02665000000000025
onoff,32,1,0.05570000000000108
onoff,32,2,0.03740000000000056
onoff,32,4,0.03740000000000056
onoff,32,8,0.024450000000000187
onoff,33,1,0.021500000000000102
onoff,33,2,0.027800000000000283
onoff,33,4,0.027800000000000283
onoff,33,8,0.029550000000000333
onoff,34,1,0.047050000000000834
onoff,34,2,0.033450000000000445
onoff,34,4,0.033450000000000445
onoff,34,8,0.0318000000000004
onoff,35,1,0.04160000000000068
onoff,35,2,0.033450000000000445
onoff,35,4,0.024700000000000194
onoff,35,8,0.02450000000000019
onoff,36,1,0.021500000000000102
onoff,36,2,0.021500000000000102
onoff,36,4,0.021500000000000102
onoff,36,8,0.021900000000000114
onoff,37,1,0.021500000000000102
onoff,37,2,0.021500000000000102
onoff,37,4,0.025000000000000203
onoff,37,8,0.02315000000000015
onoff,38,1,0.07564999999999983
onoff,38,2,0.043550000000000734
onoff,38,4,0.03010000000000035
onoff,38,8,0.02670000000000025
onoff,39,1,0.03600000000000052
onoff,39,2,0.0249500000000002
onoff,39,4,0.02705000000000026
onoff,39,8,0.024450000000000187
onoff,40,1,0.06160000000000125
onoff,40,2,0.040750000000000654
onoff,40,4,0.040750000000000654
onoff,40,8,0.042850000000000714
onoff,41,1,0.031750000000000396
onoff,41,2,0.026800000000000254
onoff,41,4,0.022400000000000128
onoff,41,8,0.024750000000000195
onoff,42,1,0.06270000000000125
onoff,42,2,0.038750000000000596
onoff,42,4,0.038750000000000596
onoff,42,8,0.029000000000000317
onoff,43,1,0.021500000000000102
onoff,43,2,0.03750000000000056
onoff,43,4,0.03260000000000042
onoff,43,8,0.036300000000000526
onoff,44,1,0.021500000000000102
onoff,44,2,0.02905000000000032
onoff,44,4,0.02905000000000032
onoff,44,8,0.03090000000000037
onoff,45,1,0.05360000000000102
onoff,45,2,0.03120000000000038
onoff,45,4,0.03120000000000038
onoff,45,8,0.024400000000000185
onoff,46,1,0.039750000000000625
onoff,46,2,0.03410000000000046
onoff,46,4,0.030650000000000364
onoff,46,8,0.028950000000000316
onoff,47,1,0.021500000000000102
onoff,47,2,0.03255000000000042
onoff,47,4,0.03255000000000042
onoff,47,8,0.03440000000000047
onoff,48,1,0.03125000000000038
onoff,48,2,0.02415000000000018
onoff,48,4,0.02415000000000018
onoff,48,8,0.022600000000000134
onoff,49,1,0.026500000000000246
onoff,49,2,0.03235000000000041
onoff,49,4,0.02390000000000017
onoff,49,8,0.02390000000000017
onoff,50,1,0.05815000000000115
onoff,50,2,0.036950000000000545
onoff,50,4,0.028150000000000293
onoff,50,8,0.029900000000000343
onoff,51,1,0.024300000000000183
onoff,51,2,0.02735000000000027
onoff,51,4,0.02390000000000017
onoff,51,8,0.02385000000000017
onoff,52,1,0.03950000000000062
onoff,52,2,0.04895000000000089
onoff,52,4,0.028900000000000314
onoff,52,8,0.028650000000000307
onoff,53,1,0.043200000000000724
onoff,53,2,0.03155000000000039
onoff,53,4,0.03155000000000039
onoff,53,8,0.03335000000000044
onoff,54,1,0.030650000000000364
onoff,54,2,0.02915000000000032
onoff,54,4,0.022650000000000135
onoff,54,8,0.023350000000000155
onoff,55,1,0.057950000000001146
onoff,55,2,0.03780000000000057
onoff,55,4,0.03780000000000057
onoff,55,8,0.0248500000000002
onoff,56,1,0.02945000000000033
onoff,56,2,0.034500000000000475
onoff,56,4,0.034500000000000475
onoff,56,8,0.03705000000000055
onoff,57,1,0.04645000000000082
onoff,57,2,0.029700000000000337
onoff,57,4,0.022900000000000142
onoff,57,8,0.021900000000000114
onoff,58,1,0.0458000000000008
onoff,58,2,0.027800000000000283
onoff,58,4,0.027800000000000283
onoff,58,8,0.023700000000000165
onoff,59,1,0.04755000000000085
onoff,59,2,0.030750000000000367
onoff,59,4,0.030750000000000367
onoff,59,8,0.02390000000000017
onoff,60,1,0.039350000000000614
onoff,60,2,0.032450000000000416
onoff,60,4,0.032450000000000416
onoff,60,8,0.03825000000000058
onoff,61,1,0.05110000000000095
onoff,61,2,0.03580000000000051
onoff,61,4,0.03580000000000051
onoff,61,8,0.031000000000000374
onoff,62,1,0.061750000000001255
onoff,62,2,0.036300000000000526
onoff,62,4,0.036300000000000526
onoff,62,8,0.02630000000000024
onoff,63,1,0.05610000000000109
onoff,63,2,0.03335000000000044
onoff,63,4,0.028950000000000316
onoff,63,8,0.027150000000000264
onoff,64,1,0.052300000000000985
onoff,64,2,0.0320000000000004
onoff,64,4,0.02415000000000018
onoff,64,8,0.02355000000000016
onoff,65,1,0.03965000000000062
onoff,65,2,0.03150000000000039
onoff,65,4,0.03150000000000039
onoff,65,8,0.023350000000000155
onoff,66,1,0.05225000000000098
onoff,66,2,0.032400000000000415
onoff,66,4,0.032400000000000415
onoff,66,8,0.031400000000000386
onoff,67,1,0.04975000000000091
onoff,67,2,0.030650000000000364
onoff,67,4,0.024050000000000175
onoff,67,8,0.02285000000000014
onoff,68,1,0.021500000000000102
onoff,68,2,0.0318500000000004
onoff,68,4,0.0318500000000004
onoff,68,8,0.03740000000000056
onoff,69,1,0.03825000000000058
onoff,69,2,0.040750000000000654
onoff,69,4,0.02880000000000031
onoff,69,8,0.0284000000000003
onoff,70,1,0.03675000000000054
onoff,70,2,0.027200000000000266
onoff,70,4,0.022650000000000135
onoff,70,8,0.02250000000000013
onoff,71,1,0.0494500000000009
onoff,71,2,0.0353000000000005
onoff,71,4,0.0353000000000005
onoff,71,8,0.04030000000000064
onoff,72,1,0.052300000000000985
onoff,72,2,0.039100000000000606
onoff,72,4,0.025350000000000213
onoff,72,8,0.0249000000000002
onoff,73,1,0.021500000000000102
onoff,73,2,0.021500000000000102
onoff,73,4,0.021500000000000102
onoff,73,8,0.02210000000000012
onoff,74,1,0.021500000000000102
onoff,74,2,0.021500000000000102
onoff,74,4,0.023750000000000167
onoff,74,8,0.023750000000000167
onoff,75,1,0.04715000000000084
onoff,75,2,0.03155000000000039
onoff,75,4,0.03155000000000039
onoff,75,8,0.02590000000000023
onoff,76,1,0.021500000000000102
onoff,76,2,0.021500000000000102
onoff,76,4,0.022000000000000117
onoff,76,8,0.023250000000000152
onoff,77,1,0.021500000000000102
onoff,77,2,0.025150000000000207
onoff,77,4,0.025150000000000207
onoff,77,8,0.026850000000000256
onoff,78,1,0.021500000000000102
onoff,78,2,0.030050000000000347
onoff,78,4,0.030050000000000347
onoff,78,8,0.034500000000000475
onoff,79,1,0.021500000000000102
onoff,79,2,0.02810000000000029
onoff,79,4,0.022950000000000144
onoff,79,8,0.022950000000000144
onoff,80,1,0.08889999999999837
onoff,80,2,0.04620000000000081
onoff,80,4,0.03430000000000047
onoff,80,8,0.02905000000000032
onoff,81,1,0.03740000000000056
onoff,81,2,0.028300000000000297
onoff,81,4,0.028300000000000297
onoff,81,8,0.03015000000000035
onoff,82,1,0.04340000000000073
onoff,82,2,0.032050000000000405
onoff,82,4,0.032050000000000405
onoff,82,8,0.03750000000000056
onoff,83,1,0.021500000000000102
onoff,83,2,0.023450000000000158
onoff,83,4,0.023450000000000158
onoff,83,8,0.024650000000000193
onoff,84,1,0.021500000000000102
onoff,84,2,0.0353000000000005
onoff,84,4,0.0353000000000005
onoff,84,8,0.042900000000000715
onoff,85,1,0.04545000000000079
onoff,85,2,0.03430000000000047
onoff,85,4,0.03430000000000047
onoff,85,8,0.04015000000000064
onoff,86,1,0.021500000000000102
onoff,86,2,0.025100000000000205
onoff,86,4,0.025100000000000205
onoff,86,8,0.026100000000000234
onoff,87,1,0.036950000000000545
onoff,87,2,0.03425000000000047
onoff,87,4,0.02810000000000029
onoff,87,8,0.02700000000000026
onoff,88,1,0.021500000000000102
onoff,88,2,0.021500000000000102
onoff,88,4,0.021500000000000102
onoff,88,8,0.021600000000000105
onoff,89,1,0.03720000000000055
onoff,89,2,0.026400000000000243
onoff,89,4,0.02460000000000019
onoff,89,8,0.02250000000000013
onoff,90,1,0.057600000000001136
onoff,90,2,0.033850000000000456
onoff,90,4,0.033850000000000456
onoff,90,8,0.025850000000000227
onoff,91,1,0.021500000000000102
onoff,91,2,0.02985000000000034
onoff,91,4,0.024350000000000184
onoff,91,8,0.02455000000000019
onoff,92,1,0.05085000000000094
onoff,92,2,0.03160000000000039
onoff,92,4,0.03160000000000039
onoff,92,8,0.024300000000000183
onoff,93,1,0.021500000000000102
onoff,93,2,0.03370000000000045
onoff,93,4,0.024700000000000194
onoff,93,8,0.024700000000000194
onoff,94,1,0.03290000000000043
onoff,94,2,0.02735000000000027
onoff,94,4,0.02735000000000027
onoff,94,8,0.03050000000000036
onoff,95,1,0.04315000000000072
onoff,95,2,0.02915000000000032
onoff,95,4,0.0284000000000003
onoff,95,8,0.025000000000000203
onoff,96,1,0.058900000000001174
onoff,96,2,0.033150000000000436
onoff,96,4,0.033150000000000436
onoff,96,8,0.036950000000000545
onoff,97,1,0.021500000000000102
onoff,97,2,0.03785000000000057
onoff,97,4,0.03785000000000057
onoff,97,8,0.04055000000000065
onoff,98,1,0.07649999999999973
onoff,98,2,0.048100000000000864
onoff,98,4,0.029000000000000317
onoff,98,8,0.02350000000000016
onoff,99,1,0.045000000000000775
onoff,99,2,0.02940000000000033
onoff,99,4,0.027500000000000274
onoff,99,8,0.027250000000000267
iid,0,1,0.023250000000000152
iid,0,2,0.021850000000000112
iid,0,4,0.021850000000000112
iid,0,8,0.02175000000000011
iid,1,1,0.02350000000000016
iid,1,2,0.022050000000000118
iid,1,4,0.022050000000000118
iid,1,8,0.021900000000000114
iid,2,1,0.024000000000000174
iid,2,2,0.02210000000000012
iid,2,4,0.021700000000000108
iid,2,8,0.021600000000000105
iid,3,1,0.022900000000000142
iid,3,2,0.02180000000000011
iid,3,4,0.02175000000000011
iid,3,8,0.021900000000000114
iid,4,1,0.021500000000000102
iid,4,2,0.021500000000000102
iid,4,4,0.021600000000000105
iid,4,8,0.021550000000000104
iid,5,1,0.02285000000000014
iid,5,2,0.022000000000000117
iid,5,4,0.02180000000000011
iid,5,8,0.021650000000000107
iid,6,1,0.023050000000000147
iid,6,2,0.02250000000000013
iid,6,4,0.021850000000000112
iid,6,8,0.021900000000000114
iid,7,1,0.021500000000000102
iid,7,2,0.02180000000000011
iid,7,4,0.02175000000000011
iid,7,8,0.021900000000000114
iid,8,1,0.022700000000000137
iid,8,2,0.021700000000000108
iid,8,4,0.021700000000000108
iid,8,8,0.021550000000000104
iid,9,1,0.021500000000000102
iid,9,2,0.021500000000000102
iid,9,4,0.021650000000000107
iid,9,8,0.021600000000000105
iid,10,1,0.023050000000000147
iid,10,2,0.02215000000000012
iid,10,4,0.02180000000000011
iid,10,8,0.021600000000000105
iid,11,1,0.021500000000000102
iid,11,2,0.02180000000000011
iid,11,4,0.02180000000000011
iid,11,8,0.021950000000000115
iid,12,1,0.02280000000000014
iid,12,2,0.021700000000000108
iid,12,4,0.021700000000000108
iid,12,8,0.021550000000000104
iid,13,1,0.021500000000000102
iid,13,2,0.02180000000000011
iid,13,4,0.02180000000000011
iid,13,8,0.021900000000000114
iid,14,1,0.02250000000000013
iid,14,2,0.021650000000000107
iid,14,4,0.021650000000000107
iid,14,8,0.021650000000000107
iid,15,1,0.022750000000000138
iid,15,2,0.022200000000000122
iid,15,4,0.02175000000000011
iid,15,8,0.021900000000000114
iid,16,1,0.02385000000000017
iid,16,2,0.022250000000000124
iid,16,4,0.022250000000000124
iid,16,8,0.022000000000000117
iid,17,1,0.022700000000000137
iid,17,2,0.021700000000000108
iid,17,4,0.021700000000000108
iid,17,8,0.021600000000000105
iid,18,1,0.023250000000000152
iid,18,2,0.021850000000000112
iid,18,4,0.021600000000000105
iid,18,8,0.021550000000000104
iid,19,1,0.022700000000000137
iid,19,2,0.021900000000000114
iid,19,4,0.021700000000000108
iid,19,8,0.021650000000000107
iid,20,1,0.023000000000000145
iid,20,2,0.022300000000000125
iid,20,4,0.021950000000000115
iid,20,8,0.021950000000000115
iid,21,1,0.021500000000000102
iid,21,2,0.021500000000000102
iid,21,4,0.021500000000000102
iid,21,8,0.021650000000000107
iid,22,1,0.023000000000000145
iid,22,2,0.022400000000000128
iid,22,4,0.022400000000000128
iid,22,8,0.02250000000000013
iid,23,1,0.021500000000000102
iid,23,2,0.022050000000000118
iid,23,4,0.022050000000000118
iid,23,8,0.022350000000000127
iid,24,1,0.023750000000000167
iid,24,2,0.022200000000000122
iid,24,4,0.022200000000000122
iid,24,8,0.021950000000000115
iid,25,1,0.022750000000000138
iid,25,2,0.021700000000000108
iid,25,4,0.021700000000000108
iid,25,8,0.021550000000000104
iid,26,1,0.02355000000000016
iid,26,2,0.022200000000000122
iid,26,4,0.022200000000000122
iid,26,8,0.022050000000000118
iid,27,1,0.021500000000000102
iid,27,2,0.021700000000000108
iid,27,4,0.021700000000000108
iid,27,8,0.021850000000000112
iid,28,1,0.023300000000000154
iid,28,2,0.022000000000000117
iid,28,4,0.022000000000000117
iid,28,8,0.021950000000000115
iid,29,1,0.022750000000000138
iid,29,2,0.02180000000000011
iid,29,4,0.021700000000000108
iid,29,8,0.021650000000000107
iid,30,1,0.023050000000000147
iid,30,2,0.021850000000000112
iid,30,4,0.021850000000000112
iid,30,8,0.021600000000000105
iid,31,1,0.023000000000000145
iid,31,2,0.022350000000000127
iid,31,4,0.02180000000000011
iid,31,8,0.022000000000000117
iid,32,1,0.023950000000000173
iid,32,2,0.02210000000000012
iid,32,4,0.02210000000000012
iid,32,8,0.021650000000000107
iid,33,1,0.021500000000000102
iid,33,2,0.022000000000000117
iid,33,4,0.022000000000000117
iid,33,8,0.022250000000000124
iid,34,1,0.02280000000000014
iid,34,2,0.022000000000000117
iid,34,4,0.022000000000000117
iid,34,8,0.022000000000000117
iid,35,1,0.022650000000000135
iid,35,2,0.022000000000000117
iid,35,4,0.021700000000000108
iid,35,8,0.021600000000000105
iid,36,1,0.021500000000000102
iid,36,2,0.021500000000000102
iid,36,4,0.021500000000000102
iid,36,8,0.021550000000000104
iid,37,1,0.021500000000000102
iid,37,2,0.021500000000000102
iid,37,4,0.021650000000000107
iid,37,8,0.021600000000000105
iid,38,1,0.024100000000000177
iid,38,2,0.02215000000000012
iid,38,4,0.021950000000000115
iid,38,8,0.021850000000000112
iid,39,1,0.023000000000000145
iid,39,2,0.02180000000000011
iid,39,4,0.02180000000000011
iid,39,8,0.021600000000000105
iid,40,1,0.022950000000000144
iid,40,2,0.022250000000000124
iid,40,4,0.022250000000000124
iid,40,8,0.022400000000000128
iid,41,1,0.022900000000000142
iid,41,2,0.022000000000000117
iid,41,4,0.021600000000000105
iid,41,8,0.021600000000000105
iid,42,1,0.023750000000000167
iid,42,2,0.022200000000000122
iid,42,4,0.022200000000000122
iid,42,8,0.022000000000000117
iid,43,1,0.021500000000000102
iid,43,2,0.021850000000000112
iid,43,4,0.021850000000000112
iid,43,8,0.022050000000000118
iid,44,1,0.021500000000000102
iid,44,2,0.02180000000000011
iid,44,4,0.02180000000000011
iid,44,8,0.021950000000000115
iid,45,1,0.02280000000000014
iid,45,2,0.02175000000000011
iid,45,4,0.02175000000000011
iid,45,8,0.021600000000000105
iid,46,1,0.02320000000000015
iid,46,2,0.022300000000000125
iid,46,4,0.022200000000000122
iid,46,8,0.022000000000000117
iid,47,1,0.021500000000000102
iid,47,2,0.02175000000000011
iid,47,4,0.02175000000000011
iid,47,8,0.021900000000000114
iid,48,1,0.02280000000000014
iid,48,2,0.02175000000000011
iid,48,4,0.02175000000000011
iid,48,8,0.021600000000000105
iid,49,1,0.022950000000000144
iid,49,2,0.02180000000000011
iid,49,4,0.02180000000000011
iid,49,8,0.021600000000000105
iid,50,1,0.02390000000000017
iid,50,2,0.02215000000000012
iid,50,4,0.02180000000000011
iid,50,8,0.021950000000000115
iid,51,1,0.02285000000000014
iid,51,2,0.022050000000000118
iid,51,4,0.021700000000000108
iid,51,8,0.021650000000000107
iid,52,1,0.022900000000000142
iid,52,2,0.02210000000000012
iid,52,4,0.02175000000000011
iid,52,8,0.021650000000000107
iid,53,1,0.022900000000000142
iid,53,2,0.022000000000000117
iid,53,4,0.022000000000000117
iid,53,8,0.021900000000000114
iid,54,1,0.023000000000000145
iid,54,2,0.02210000000000012
iid,54,4,0.021650000000000107
iid,54,8,0.021600000000000105
iid,55,1,0.02250000000000013
iid,55,2,0.021850000000000112
iid,55,4,0.021700000000000108
iid,55,8,0.021700000000000108
iid,56,1,0.022700000000000137
iid,56,2,0.021950000000000115
iid,56,4,0.021950000000000115
iid,56,8,0.02215000000000012
iid,57,1,0.022700000000000137
iid,57,2,0.02175000000000011
iid,57,4,0.021550000000000104
iid,57,8,0.021550000000000104
iid,58,1,0.022900000000000142
iid,58,2,0.02175000000000011
iid,58,4,0.02175000000000011
iid,58,8,0.021650000000000107
iid,59,1,0.023000000000000145
iid,59,2,0.02180000000000011
iid,59,4,0.02180000000000011
iid,59,8,0.021650000000000107
iid,60,1,0.022700000000000137
iid,60,2,0.021950000000000115
iid,60,4,0.02180000000000011
iid,60,8,0.021950000000000115
iid,61,1,0.023100000000000148
iid,61,2,0.02215000000000012
iid,61,4,0.02215000000000012
iid,61,8,0.02210000000000012
iid,62,1,0.023700000000000165
iid,62,2,0.022200000000000122
iid,62,4,0.021950000000000115
iid,62,8,0.021600000000000105
iid,63,1,0.022900000000000142
iid,63,2,0.02215000000000012
iid,63,4,0.022000000000000117
iid,63,8,0.02215000000000012
iid,64,1,0.02280000000000014
iid,64,2,0.021900000000000114
iid,64,4,0.021900000000000114
iid,64,8,0.02180000000000011
iid,65,1,0.022900000000000142
iid,65,2,0.02180000000000011
iid,65,4,0.02180000000000011
iid,65,8,0.021600000000000105
iid,66,1,0.022950000000000144
iid,66,2,0.022300000000000125
iid,66,4,0.021950000000000115
iid,66,8,0.02180000000000011
iid,67,1,0.02280000000000014
iid,67,2,0.02175000000000011
iid,67,4,0.021650000000000107
iid,67,8,0.021600000000000105
iid,68,1,0.021500000000000102
iid,68,2,0.021650000000000107
iid,68,4,0.021650000000000107
iid,68,8,0.02175000000000011
iid,69,1,0.02280000000000014
iid,69,2,0.022300000000000125
iid,69,4,0.021900000000000114
iid,69,8,0.02175000000000011
iid,70,1,0.022650000000000135
iid,70,2,0.021900000000000114
iid,70,4,0.021600000000000105
iid,70,8,0.021650000000000107
iid,71,1,0.02315000000000015
iid,71,2,0.022050000000000118
iid,71,4,0.022050000000000118
iid,71,8,0.022000000000000117
iid,72,1,0.023300000000000154
iid,72,2,0.02215000000000012
iid,72,4,0.02175000000000011
iid,72,8,0.021600000000000105
iid,73,1,0.021500000000000102
iid,73,2,0.021500000000000102
iid,73,4,0.021500000000000102
iid,73,8,0.021500000000000102
iid,74,1,0.021500000000000102
iid,74,2,0.021500000000000102
iid,74,4,0.021550000000000104
iid,74,8,0.021600000000000105
iid,75,1,0.02285000000000014
iid,75,2,0.02210000000000012
iid,75,4,0.02210000000000012
iid,75,8,0.022050000000000118
iid,76,1,0.021500000000000102
iid,76,2,0.021500000000000102
iid,76,4,0.021550000000000104
iid,76,8,0.021600000000000105
iid,77,1,0.021500000000000102
iid,77,2,0.02180000000000011
iid,77,4,0.02180000000000011
iid,77,8,0.021950000000000115
iid,78,1,0.021500000000000102
iid,78,2,0.02175000000000011
iid,78,4,0.02175000000000011
iid,78,8,0.021850000000000112
iid,79,1,0.021500000000000102
iid,79,2,0.021700000000000108
iid,79,4,0.021600000000000105
iid,79,8,0.021550000000000104
iid,80,1,0.023950000000000173
iid,80,2,0.022400000000000128
iid,80,4,0.022400000000000128
iid,80,8,0.022200000000000122
iid,81,1,0.02285000000000014
iid,81,2,0.02180000000000011
iid,81,4,0.02175000000000011
iid,81,8,0.021850000000000112
iid,82,1,0.022650000000000135
iid,82,2,0.021900000000000114
iid,82,4,0.021900000000000114
iid,82,8,0.022000000000000117
iid,83,1,0.021500000000000102
iid,83,2,0.02180000000000011
iid,83,4,0.02180000000000011
iid,83,8,0.021950000000000115
iid,84,1,0.021500000000000102
iid,84,2,0.02175000000000011
iid,84,4,0.02175000000000011
iid,84,8,0.021900000000000114
iid,85,1,0.022600000000000134
iid,85,2,0.021950000000000115
iid,85,4,0.021950000000000115
iid,85,8,0.021950000000000115
iid,86,1,0.021500000000000102
iid,86,2,0.02175000000000011
iid,86,4,0.02175000000000011
iid,86,8,0.021850000000000112
iid,87,1,0.022950000000000144
iid,87,2,0.021950000000000115
iid,87,4,0.021650000000000107
iid,87,8,0.02175000000000011
iid,88,1,0.021500000000000102
iid,88,2,0.021500000000000102
iid,88,4,0.021500000000000102
iid,88,8,0.021550000000000104
iid,89,1,0.023000000000000145
iid,89,2,0.021900000000000114
iid,89,4,0.021900000000000114
iid,89,8,0.021650000000000107
iid,90,1,0.022950000000000144
iid,90,2,0.021900000000000114
iid,90,4,0.021900000000000114
iid,90,8,0.021950000000000115
iid,91,1,0.021500000000000102
iid,91,2,0.02175000000000011
iid,91,4,0.021600000000000105
iid,91,8,0.021650000000000107
iid,92,1,0.022750000000000138
iid,92,2,0.02180000000000011
iid,92,4,0.021700000000000108
iid,92,8,0.021550000000000104
iid,93,1,0.021500000000000102
iid,93,2,0.021700000000000108
iid,93,4,0.021600000000000105
iid,93,8,0.021600000000000105
iid,94,1,0.024350000000000184
iid,94,2,0.02215000000000012
iid,94,4,0.02175000000000011
iid,94,8,0.021900000000000114
iid,95,1,0.022900000000000142
iid,95,2,0.02175000000000011
iid,95,4,0.02175000000000011
iid,95,8,0.021650000000000107
iid,96,1,0.023950000000000173
iid,96,2,0.022300000000000125
iid,96,4,0.022300000000000125
iid,96,8,0.022000000000000117
iid,97,1,0.021500000000000102
iid,97,2,0.021900000000000114
iid,97,4,0.021900000000000114
iid,97,8,0.022050000000000118
iid,98,1,0.02420000000000018
iid,98,2,0.022200000000000122
iid,98,4,0.02175000000000011
iid,98,8,0.021600000000000105
iid,99,1,0.02315000000000015
iid,99,2,0.02245000000000013
iid,99,4,0.021950000000000115
iid,99,8,0.021850000000000112
hot_spot,0,1,0.07834999999999953
hot_spot,0,2,0.03995000000000063
hot_spot,0,4,0.039700000000000624
hot_spot,0,8,0.03010000000000035
hot_spot,1,1,0.10729999999999634
hot_spot,1,2,0.05380000000000103
hot_spot,1,4,0.05380000000000103
hot_spot,1,8,0.04965000000000091
hot_spot,2,1,0.10719999999999635
hot_spot,2,2,0.05385000000000103
hot_spot,2,4,0.029600000000000334
hot_spot,2,8,0.02520000000000021
hot_spot,3,1,0.07744999999999963
hot_spot,3,2,0.038750000000000596
hot_spot,3,4,0.038750000000000596
hot_spot,3,8,0.04830000000000087
hot_spot,4,1,0.021500000000000102
hot_spot,4,2,0.021500000000000102
hot_spot,4,4,0.02985000000000034
hot_spot,4,8,0.02455000000000019
hot_spot,5,1,0.07794999999999958
hot_spot,5,2,0.03925000000000061
hot_spot,5,4,0.03815000000000058
hot_spot,5,8,0.025100000000000205
hot_spot,6,1,0.07919999999999944
hot_spot,6,2,0.05245000000000099
hot_spot,6,4,0.0389000000000006
hot_spot,6,8,0.048450000000000874
hot_spot,7,1,0.021500000000000102
hot_spot,7,2,0.03930000000000061
hot_spot,7,4,0.03930000000000061
hot_spot,7,8,0.04835000000000087
hot_spot,8,1,0.07969999999999938
hot_spot,8,2,0.04000000000000063
hot_spot,8,4,0.04000000000000063
hot_spot,8,8,0.02525000000000021
hot_spot,9,1,0.021500000000000102
hot_spot,9,2,0.021500000000000102
hot_spot,9,4,0.025100000000000205
hot_spot,9,8,0.025050000000000204
hot_spot,10,1,0.07879999999999948
hot_spot,10,2,0.039750000000000625
hot_spot,10,4,0.039750000000000625
hot_spot,10,8,0.025400000000000214
hot_spot,11,1,0.021500000000000102
hot_spot,11,2,0.04020000000000064
hot_spot,11,4,0.038650000000000594
hot_spot,11,8,0.04870000000000088
hot_spot,12,1,0.07809999999999956
hot_spot,12,2,0.03860000000000059
hot_spot,12,4,0.03860000000000059
hot_spot,12,8,0.024650000000000193
hot_spot,13,1,0.021500000000000102
hot_spot,13,2,0.039350000000000614
hot_spot,13,4,0.039350000000000614
hot_spot,13,8,0.048800000000000884
hot_spot,14,1,0.07764999999999961
hot_spot,14,2,0.039050000000000605
hot_spot,14,4,0.039050000000000605
hot_spot,14,8,0.02940000000000033
hot_spot,15,1,0.07764999999999961
hot_spot,15,2,0.03960000000000062
hot_spot,15,4,0.038750000000000596
hot_spot,15,8,0.0492500000000009
hot_spot,16,1,0.10824999999999624
hot_spot,16,2,0.05345000000000102
hot_spot,16,4,0.05345000000000102
hot_spot,16,8,0.04840000000000087
hot_spot,17,1,0.07804999999999956
hot_spot,17,2,0.03925000000000061
hot_spot,17,4,0.03925000000000061
hot_spot,17,8,0.025150000000000207
hot_spot,18,1,0.07664999999999972
hot_spot,18,2,0.0389500000000006
hot_spot,18,4,0.024800000000000197
hot_spot,18,8,0.022650000000000135
hot_spot,19,1,0.07909999999999945
hot_spot,19,2,0.03980000000000063
hot_spot,19,4,0.038350000000000585
hot_spot,19,8,0.02520000000000021
hot_spot,20,1,0.07919999999999944
hot_spot,20,2,0.05525000000000107
hot_spot,20,4,0.03955000000000062
hot_spot,20,8,0.04895000000000089
hot_spot,21,1,0.021500000000000102
hot_spot,21,2,0.021500000000000102
hot_spot,21,4,0.021500000000000102
hot_spot,21,8,0.029650000000000336
hot_spot,22,1,0.07729999999999965
hot_spot,22,2,0.05315000000000101
hot_spot,22,4,0.05315000000000101
hot_spot,22,8,0.06645000000000084
hot_spot,23,1,0.021500000000000102
hot_spot,23,2,0.054450000000001046
hot_spot,23,4,0.054450000000001046
hot_spot,23,8,0.06705000000000078
hot_spot,24,1,0.10604999999999648
hot_spot,24,2,0.05320000000000101
hot_spot,24,4,0.05320000000000101
hot_spot,24,8,0.05005000000000092
hot_spot,25,1,0.07829999999999954
hot_spot,25,2,0.0389000000000006
hot_spot,25,4,0.0389000000000006
hot_spot,25,8,0.025100000000000205
hot_spot,26,1,0.10789999999999628
hot_spot,26,2,0.05465000000000105
hot_spot,26,4,0.03925000000000061
hot_spot,26,8,0.04825000000000087
hot_spot,27,1,0.021500000000000102
hot_spot,27,2,0.03955000000000062
hot_spot,27,4,0.03955000000000062
hot_spot,27,8,0.04960000000000091
hot_spot,28,1,0.07744999999999963
hot_spot,28,2,0.039000000000000604
hot_spot,28,4,0.039000000000000604
hot_spot,28,8,0.048450000000000874
hot_spot,29,1,0.07719999999999966
hot_spot,29,2,0.03820000000000058
hot_spot,29,4,0.03815000000000058
hot_spot,29,8,0.025450000000000216
hot_spot,30,1,0.0776999999999996
hot_spot,30,2,0.039100000000000606
hot_spot,30,4,0.039100000000000606
hot_spot,30,8,0.025050000000000204
hot_spot,31,1,0.07874999999999949
hot_spot,31,2,0.053750000000001026
hot_spot,31,4,0.038750000000000596
hot_spot,31,8,0.04830000000000087
hot_spot,32,1,0.10619999999999646
hot_spot,32,2,0.05190000000000097
hot_spot,32,4,0.05190000000000097
hot_spot,32,8,0.02870000000000031
hot_spot,33,1,0.021500000000000102
hot_spot,33,2,0.05460000000000105
hot_spot,33,4,0.05460000000000105
hot_spot,33,8,0.0677500000000007
hot_spot,34,1,0.07754999999999962
hot_spot,34,2,0.04035000000000064
hot_spot,34,4,0.04035000000000064
hot_spot,34,8,0.049550000000000906
hot_spot,35,1,0.07994999999999935
hot_spot,35,2,0.04015000000000064
hot_spot,35,4,0.02595000000000023
hot_spot,35,8,0.025450000000000216
hot_spot,36,1,0.021500000000000102
hot_spot,36,2,0.021500000000000102
hot_spot,36,4,0.021500000000000102
hot_spot,36,8,0.022050000000000118
hot_spot,37,1,0.021500000000000102
hot_spot,37,2,0.021500000000000102
hot_spot,37,4,0.03020000000000035
hot_spot,37,8,0.0249500000000002
hot_spot,38,1,0.10509999999999659
hot_spot,38,2,0.05215000000000098
hot_spot,38,4,0.038650000000000594
hot_spot,38,8,0.047050000000000834
hot_spot,39,1,0.07834999999999953
hot_spot,39,2,0.039000000000000604
hot_spot,39,4,0.039000000000000604
hot_spot,39,8,0.025150000000000207
hot_spot,40,1,0.07849999999999951
hot_spot,40,2,0.05575000000000108
hot_spot,40,4,0.05575000000000108
hot_spot,40,8,0.06840000000000063
hot_spot,41,1,0.07724999999999965
hot_spot,41,2,0.03960000000000062
hot_spot,41,4,0.025450000000000216
hot_spot,41,8,0.025450000000000216
hot_spot,42,1,0.10739999999999633
hot_spot,42,2,0.05260000000000099
hot_spot,42,4,0.05260000000000099
hot_spot,42,8,0.04765000000000085
hot_spot,43,1,0.021500000000000102
hot_spot,43,2,0.038700000000000595
hot_spot,43,4,0.038400000000000586
hot_spot,43,8,0.04750000000000085
hot_spot,44,1,0.021500000000000102
hot_spot,44,2,0.0389000000000006
hot_spot,44,4,0.0389000000000006
hot_spot,44,8,0.04860000000000088
hot_spot,45,1,0.07894999999999947
hot_spot,45,2,0.04020000000000064
hot_spot,45,4,0.04020000000000064
hot_spot,45,8,0.02555000000000022
hot_spot,46,1,0.07874999999999949
hot_spot,46,2,0.052300000000000985
hot_spot,46,4,0.039750000000000625
hot_spot,46,8,0.04965000000000091
hot_spot,47,1,0.021500000000000102
hot_spot,47,2,0.039350000000000614
hot_spot,47,4,0.03705000000000055
hot_spot,47,8,0.04665000000000082
hot_spot,48,1,0.07709999999999967
hot_spot,48,2,0.038700000000000595
hot_spot,48,4,0.03820000000000058
hot_spot,48,8,0.02555000000000022
hot_spot,49,1,0.07734999999999964
hot_spot,49,2,0.04025000000000064
hot_spot,49,4,0.03930000000000061
hot_spot,49,8,0.025150000000000207
hot_spot,50,1,0.10529999999999656
hot_spot,50,2,0.05215000000000098
hot_spot,50,4,0.03985000000000063
hot_spot,50,8,0.05010000000000092
hot_spot,51,1,0.07869999999999949
hot_spot,51,2,0.03930000000000061
hot_spot,51,4,0.02520000000000021
hot_spot,51,8,0.0249500000000002
hot_spot,52,1,0.07874999999999949
hot_spot,52,2,0.053350000000001015
hot_spot,52,4,0.039700000000000624
hot_spot,52,8,0.02980000000000034
hot_spot,53,1,0.08009999999999934
hot_spot,53,2,0.03985000000000063
hot_spot,53,4,0.03985000000000063
hot_spot,53,8,0.04900000000000089
hot_spot,54,1,0.07799999999999957
hot_spot,54,2,0.038350000000000585
hot_spot,54,4,0.0249500000000002
hot_spot,54,8,0.025350000000000213
hot_spot,55,1,0.07759999999999961
hot_spot,55,2,0.03920000000000061
hot_spot,55,4,0.038650000000000594
hot_spot,55,8,0.02565000000000022
hot_spot,56,1,0.07729999999999965
hot_spot,56,2,0.0389000000000006
hot_spot,56,4,0.038050000000000576
hot_spot,56,8,0.048100000000000864
hot_spot,57,1,0.07844999999999952
hot_spot,57,2,0.038650000000000594
hot_spot,57,4,0.0249500000000002
hot_spot,57,8,0.02210000000000012
hot_spot,58,1,0.07839999999999953
hot_spot,58,2,0.039450000000000617
hot_spot,58,4,0.039450000000000617
hot_spot,58,8,0.029550000000000333
hot_spot,59,1,0.07984999999999937
hot_spot,59,2,0.03995000000000063
hot_spot,59,4,0.03995000000000063
hot_spot,59,8,0.025800000000000226
hot_spot,60,1,0.07644999999999974
hot_spot,60,2,0.03965000000000062
hot_spot,60,4,0.03965000000000062
hot_spot,60,8,0.04910000000000089
hot_spot,61,1,0.07824999999999954
hot_spot,61,2,0.039400000000000615
hot_spot,61,4,0.039400000000000615
hot_spot,61,8,0.04970000000000091
hot_spot,62,1,0.10699999999999638
hot_spot,62,2,0.052000000000000976
hot_spot,62,4,0.052000000000000976
hot_spot,62,8,0.029200000000000323
hot_spot,63,1,0.07824999999999954
hot_spot,63,2,0.03955000000000062
hot_spot,63,4,0.03955000000000062
hot_spot,63,8,0.04805000000000086
hot_spot,64,1,0.07849999999999951
hot_spot,64,2,0.03985000000000063
hot_spot,64,4,0.03985000000000063
hot_spot,64,8,0.0494500000000009
hot_spot,65,1,0.07689999999999969
hot_spot,65,2,0.03930000000000061
hot_spot,65,4,0.03930000000000061
hot_spot,65,8,0.02525000000000021
hot_spot,66,1,0.07849999999999951
hot_spot,66,2,0.05415000000000104
hot_spot,66,4,0.040050000000000634
hot_spot,66,8,0.049550000000000906
hot_spot,67,1,0.07839999999999953
hot_spot,67,2,0.03855000000000059
hot_spot,67,4,0.02520000000000021
hot_spot,67,8,0.0248500000000002
hot_spot,68,1,0.021500000000000102
hot_spot,68,2,0.039050000000000605
hot_spot,68,4,0.039050000000000605
hot_spot,68,8,0.0493500000000009
hot_spot,69,1,0.07764999999999961
hot_spot,69,2,0.05490000000000106
hot_spot,69,4,0.03155000000000039
hot_spot,69,8,0.030950000000000373
hot_spot,70,1,0.07734999999999964
hot_spot,70,2,0.0389500000000006
hot_spot,70,4,0.0249000000000002
hot_spot,70,8,0.025350000000000213
hot_spot,71,1,0.07909999999999945
hot_spot,71,2,0.040450000000000645
hot_spot,71,4,0.040450000000000645
hot_spot,71,8,0.04960000000000091
hot_spot,72,1,0.07799999999999957
hot_spot,72,2,0.039000000000000604
hot_spot,72,4,0.02945000000000033
hot_spot,72,8,0.025400000000000214
hot_spot,73,1,0.021500000000000102
hot_spot,73,2,0.021500000000000102
hot_spot,73,4,0.021500000000000102
hot_spot,73,8,0.022200000000000122
hot_spot,74,1,0.021500000000000102
hot_spot,74,2,0.021500000000000102
hot_spot,74,4,0.02560000000000022
hot_spot,74,8,0.02560000000000022
hot_spot,75,1,0.07909999999999945
hot_spot,75,2,0.03920000000000061
hot_spot,75,4,0.03920000000000061
hot_spot,75,8,0.04900000000000089
hot_spot,76,1,0.021500000000000102
hot_spot,76,2,0.021500000000000102
hot_spot,76,4,0.0249500000000002
hot_spot,76,8,0.0249500000000002
hot_spot,77,1,0.021500000000000102
hot_spot,77,2,0.03960000000000062
hot_spot,77,4,0.03960000000000062
hot_spot,77,8,0.0494500000000009
hot_spot,78,1,0.021500000000000102
hot_spot,78,2,0.03965000000000062
hot_spot,78,4,0.03960000000000062
hot_spot,78,8,0.0492500000000009
hot_spot,79,1,0.021500000000000102
hot_spot,79,2,0.03845000000000059
hot_spot,79,4,0.0249500000000002
hot_spot,79,8,0.024800000000000197
hot_spot,80,1,0.10799999999999627
hot_spot,80,2,0.05400000000000103
hot_spot,80,4,0.05400000000000103
hot_spot,80,8,0.04865000000000088
hot_spot,81,1,0.07729999999999965
hot_spot,81,2,0.039100000000000606
hot_spot,81,4,0.0388000000000006
hot_spot,81,8,0.04855000000000088
hot_spot,82,1,0.07734999999999964
hot_spot,82,2,0.03930000000000061
hot_spot,82,4,0.03815000000000058
hot_spot,82,8,0.04785000000000086
hot_spot,83,1,0.021500000000000102
hot_spot,83,2,0.03860000000000059
hot_spot,83,4,0.03860000000000059
hot_spot,83,8,0.048800000000000884
hot_spot,84,1,0.021500000000000102
hot_spot,84,2,0.03985000000000063
hot_spot,84,4,0.03985000000000063
hot_spot,84,8,0.0494500000000009
hot_spot,85,1,0.0785999999999995
hot_spot,85,2,0.038650000000000594
hot_spot,85,4,0.038650000000000594
hot_spot,85,8,0.048150000000000866
hot_spot,86,1,0.021500000000000102
hot_spot,86,2,0.03960000000000062
hot_spot,86,4,0.03960000000000062
hot_spot,86,8,0.0494500000000009
hot_spot,87,1,0.07674999999999971
hot_spot,87,2,0.038750000000000596
hot_spot,87,4,0.038750000000000596
hot_spot,87,8,0.04860000000000088
hot_spot,88,1,0.021500000000000102
hot_spot,88,2,0.021500000000000102
hot_spot,88,4,0.021500000000000102
hot_spot,88,8,0.021900000000000114
hot_spot,89,1,0.07749999999999962
hot_spot,89,2,0.038300000000000584
hot_spot,89,4,0.037250000000000554
hot_spot,89,8,0.025100000000000205
hot_spot,90,1,0.0794999999999994
hot_spot,90,2,0.040050000000000634
hot_spot,90,4,0.03915000000000061
hot_spot,90,8,0.04855000000000088
hot_spot,91,1,0.021500000000000102
hot_spot,91,2,0.0389500000000006
hot_spot,91,4,0.02520000000000021
hot_spot,91,8,0.025500000000000217
hot_spot,92,1,0.07814999999999955
hot_spot,92,2,0.039100000000000606
hot_spot,92,4,0.039100000000000606
hot_spot,92,8,0.0249000000000002
hot_spot,93,1,0.021500000000000102
hot_spot,93,2,0.03850000000000059
hot_spot,93,4,0.025100000000000205
hot_spot,93,8,0.025100000000000205
hot_spot,94,1,0.10709999999999636
hot_spot,94,2,0.05385000000000103
hot_spot,94,4,0.03930000000000061
hot_spot,94,8,0.04900000000000089
hot_spot,95,1,0.07734999999999964
hot_spot,95,2,0.0389000000000006
hot_spot,95,4,0.03790000000000057
hot_spot,95,8,0.025100000000000205
hot_spot,96,1,0.10704999999999637
hot_spot,96,2,0.05345000000000102
hot_spot,96,4,0.05345000000000102
hot_spot,96,8,0.0492500000000009
hot_spot,97,1,0.021500000000000102
hot_spot,97,2,0.03925000000000061
hot_spot,97,4,0.03925000000000061
hot_spot,97,8,0.048800000000000884
hot_spot,98,1,0.10659999999999642
hot_spot,98,2,0.05255000000000099
hot_spot,98,4,0.038300000000000584
hot_spot,98,8,0.024800000000000197
hot_spot,99,1,0.07889999999999947
hot_spot,99,2,0.055100000000001065
hot_spot,99,4,0.040400000000000644
hot_spot,99,8,0.0494500000000009
incast,0,1,0.3430999999999704
incast,0,2,0.3430999999999704
incast,0,4,0.3430999999999704
incast,0,8,0.3430999999999704
incast,1,1,0.2549499999999801
incast,1,2,0.2549499999999801
incast,1,4,0.2549499999999801
incast,1,8,0.2549499999999801
incast,2,1,0.2531999999999803
incast,2,2,0.2531999999999803
incast,2,4,0.2531999999999803
incast,2,8,0.2531999999999803
incast,3,1,0.3390499999999708
incast,3,2,0.3390499999999708
incast,3,4,0.3390499999999708
incast,3,8,0.3390499999999708
incast,4,1,0.34234999999997046
incast,4,2,0.34234999999997046
incast,4,4,0.34234999999997046
incast,4,8,0.34234999999997046
incast,5,1,0.3382999999999709
incast,5,2,0.3382999999999709
incast,5,4,0.3382999999999709
incast,5,8,0.3382999999999709
incast,6,1,0.3408999999999706
incast,6,2,0.3408999999999706
incast,6,4,0.3408999999999706
incast,6,8,0.3408999999999706
incast,7,1,0.3402999999999707
incast,7,2,0.3402999999999707
incast,7,4,0.3402999999999707
incast,7,8,0.3402999999999707
incast,8,1,0.3402499999999707
incast,8,2,0.3402499999999707
incast,8,4,0.3402499999999707
incast,8,8,0.3402499999999707
incast,9,1,0.34134999999997057
incast,9,2,0.34134999999997057
incast,9,4,0.34134999999997057
incast,9,8,0.34134999999997057
incast,10,1,0.33859999999997087
incast,10,2,0.33859999999997087
incast,10,4,0.33859999999997087
incast,10,8,0.33859999999997087
incast,11,1,0.3401999999999707
incast,11,2,0.3401999999999707
incast,11,4,0.3401999999999707
incast,11,8,0.3401999999999707
incast,12,1,0.34134999999997057
incast,12,2,0.34134999999997057
incast,12,4,0.34134999999997057
incast,12,8,0.34134999999997057
incast,13,1,0.34069999999997064
incast,13,2,0.34069999999997064
incast,13,4,0.34069999999997064
incast,13,8,0.34069999999997064
incast,14,1,0.33889999999997084
incast,14,2,0.33889999999997084
incast,14,4,0.33889999999997084
incast,14,8,0.33889999999997084
incast,15,1,0.337449999999971
incast,15,2,0.337449999999971
incast,15,4,0.337449999999971
incast,15,8,0.337449999999971
incast,16,1,0.33884999999997084
incast,16,2,0.33884999999997084
incast,16,4,0.33884999999997084
incast,16,8,0.33884999999997084
incast,17,1,0.2547999999999801
incast,17,2,0.2547999999999801
incast,17,4,0.2547999999999801
incast,17,8,0.2547999999999801
incast,18,1,0.33979999999997074
incast,18,2,0.33979999999997074
incast,18,4,0.33979999999997074
incast,18,8,0.33979999999997074
incast,19,1,0.34249999999997044
incast,19,2,0.34249999999997044
incast,19,4,0.34249999999997044
incast,19,8,0.34249999999997044
incast,20,1,0.34054999999997065
incast,20,2,0.34054999999997065
incast,20,4,0.34054999999997065
incast,20,8,0.34054999999997065
incast,21,1,0.33794999999997094
incast,21,2,0.33794999999997094
incast,21,4,0.33794999999997094
incast,21,8,0.33794999999997094
incast,22,1,0.3419499999999705
incast,22,2,0.3419499999999705
incast,22,4,0.3419499999999705
incast,22,8,0.3419499999999705
incast,23,1,0.25334999999998026
incast,23,2,0.25334999999998026
incast,23,4,0.25334999999998026
incast,23,8,0.25334999999998026
incast,24,1,0.33964999999997075
incast,24,2,0.33964999999997075
incast,24,4,0.33964999999997075
incast,24,8,0.33964999999997075
incast,25,1,0.33949999999997077
incast,25,2,0.33949999999997077
incast,25,4,0.33949999999997077
incast,25,8,0.33949999999997077
incast,26,1,0.33959999999997076
incast,26,2,0.33959999999997076
incast,26,4,0.33959999999997076
incast,26,8,0.33959999999997076
incast,27,1,0.3318499999999716
incast,27,2,0.3318499999999716
incast,27,4,0.3318499999999716
incast,27,8,0.3318499999999716
incast,28,1,0.25574999999998
incast,28,2,0.25574999999998
incast,28,4,0.25574999999998
incast,28,8,0.25574999999998
incast,29,1,0.3364999999999711
incast,29,2,0.3364999999999711
incast,29,4,0.3364999999999711
incast,29,8,0.3364999999999711
incast,30,1,0.3382499999999709
incast,30,2,0.3382499999999709
incast,30,4,0.3382499999999709
incast,30,8,0.3382499999999709
incast,31,1,0.25329999999998026
incast,31,2,0.25329999999998026
incast,31,4,0.25329999999998026
incast,31,8,0.25329999999998026
incast,32,1,0.3400999999999707
incast,32,2,0.3400999999999707
incast,32,4,0.3400999999999707
incast,32,8,0.3400999999999707
incast,33,1,0.3399999999999707
incast,33,2,0.3399999999999707
incast,33,4,0.3399999999999707
incast,33,8,0.3399999999999707
incast,34,1,0.34074999999997063
incast,34,2,0.34074999999997063
incast,34,4,0.34074999999997063
incast,34,8,0.34074999999997063
incast,35,1,0.3399499999999707
incast,35,2,0.3399499999999707
incast,35,4,0.3399499999999707
incast,35,8,0.3399499999999707
incast,36,1,0.3392499999999708
incast,36,2,0.3392499999999708
incast,36,4,0.3392499999999708
incast,36,8,0.3392499999999708
incast,37,1,0.25439999999998014
incast,37,2,0.25439999999998014
incast,37,4,0.25439999999998014
incast,37,8,0.25439999999998014
incast,38,1,0.3390999999999708
incast,38,2,0.3390999999999708
incast,38,4,0.3390999999999708
incast,38,8,0.3390999999999708
incast,39,1,0.25429999999998015
incast,39,2,0.25429999999998015
incast,39,4,0.25429999999998015
incast,39,8,0.25429999999998015
incast,40,1,0.25164999999998044
incast,40,2,0.25164999999998044
incast,40,4,0.25164999999998044
incast,40,8,0.25164999999998044
incast,41,1,0.3384499999999709
incast,41,2,0.3384499999999709
incast,41,4,0.3384499999999709
incast,41,8,0.3384499999999709
incast,42,1,0.34069999999997064
incast,42,2,0.34069999999997064
incast,42,4,0.34069999999997064
incast,42,8,0.34069999999997064
incast,43,1,0.3389999999999708
incast,43,2,0.3389999999999708
incast,43,4,0.3389999999999708
incast,43,8,0.3389999999999708
incast,44,1,0.3403499999999707
incast,44,2,0.3403499999999707
incast,44,4,0.3403499999999707
incast,44,8,0.3403499999999707
incast,45,1,0.33784999999997095
incast,45,2,0.33784999999997095
incast,45,4,0.33784999999997095
incast,45,8,0.33784999999997095
incast,46,1,0.25419999999998016
incast,46,2,0.25419999999998016
incast,46,4,0.25419999999998016
incast,46,8,0.25419999999998016
incast,47,1,0.3409999999999706
incast,47,2,0.3409999999999706
incast,47,4,0.3409999999999706
incast,47,8,0.3409999999999706
incast,48,1,0.337299999999971
incast,48,2,0.337299999999971
incast,48,4,0.337299999999971
incast,48,8,0.337299999999971
incast,49,1,0.33514999999997125
incast,49,2,0.33514999999997125
incast,49,4,0.33514999999997125
incast,49,8,0.33514999999997125
incast,50,1,0.34149999999997055
incast,50,2,0.34149999999997055
incast,50,4,0.34149999999997055
incast,50,8,0.34149999999997055
incast,51,1,0.2547499999999801
incast,51,2,0.2547499999999801
incast,51,4,0.2547499999999801
incast,51,8,0.2547499999999801
incast,52,1,0.3418999999999705
incast,52,2,0.3418999999999705
incast,52,4,0.3418999999999705
incast,52,8,0.3418999999999705
incast,53,1,0.3367499999999711
incast,53,2,0.3367499999999711
incast,53,4,0.3367499999999711
incast,53,8,0.3367499999999711
incast,54,1,0.2545499999999801
incast,54,2,0.2545499999999801
incast,54,4,0.2545499999999801
incast,54,8,0.2545499999999801
incast,55,1,0.337349999999971
incast,55,2,0.337349999999971
incast,55,4,0.337349999999971
incast,55,8,0.337349999999971
incast,56,1,0.33699999999997104
incast,56,2,0.33699999999997104
incast,56,4,0.33699999999997104
incast,56,8,0.33699999999997104
incast,57,1,0.337599999999971
incast,57,2,0.337599999999971
incast,57,4,0.337599999999971
incast,57,8,0.337599999999971
incast,58,1,0.34159999999997054
incast,58,2,0.34159999999997054
incast,58,4,0.34159999999997054
incast,58,8,0.34159999999997054
incast,59,1,0.33784999999997095
incast,59,2,0.33784999999997095
incast,59,4,0.33784999999997095
incast,59,8,0.33784999999997095
incast,60,1,0.34144999999997055
incast,60,2,0.34144999999997055
incast,60,4,0.34144999999997055
incast,60,8,0.34144999999997055
incast,61,1,0.34044999999997066
incast,61,2,0.34044999999997066
incast,61,4,0.34044999999997066
incast,61,8,0.34044999999997066
incast,62,1,0.25434999999998015
incast,62,2,0.25434999999998015
incast,62,4,0.25434999999998015
incast,62,8,0.25434999999998015
incast,63,1,0.25414999999998017
incast,63,2,0.25414999999998017
incast,63,4,0.25414999999998017
incast,63,8,0.25414999999998017
incast,64,1,0.25354999999998024
incast,64,2,0.25354999999998024
incast,64,4,0.25354999999998024
incast,64,8,0.25354999999998024
incast,65,1,0.33974999999997074
incast,65,2,0.33974999999997074
incast,65,4,0.33974999999997074
incast,65,8,0.33974999999997074
incast,66,1,0.33964999999997075
incast,66,2,0.33964999999997075
incast,66,4,0.33964999999997075
incast,66,8,0.33964999999997075
incast,67,1,0.25524999999998005
incast,67,2,0.25524999999998005
incast,67,4,0.25524999999998005
incast,67,8,0.25524999999998005
incast,68,1,0.3411999999999706
incast,68,2,0.3411999999999706
incast,68,4,0.3411999999999706
incast,68,8,0.3411999999999706
incast,69,1,0.3384499999999709
incast,69,2,0.3384499999999709
incast,69,4,0.3384499999999709
incast,69,8,0.3384499999999709
incast,70,1,0.25344999999998025
incast,70,2,0.25344999999998025
incast,70,4,0.25344999999998025
incast,70,8,0.25344999999998025
incast,71,1,0.337649999999971
incast,71,2,0.337649999999971
incast,71,4,0.337649999999971
incast,71,8,0.337649999999971
incast,72,1,0.25514999999998006
incast,72,2,0.25514999999998006
incast,72,4,0.25514999999998006
incast,72,8,0.25514999999998006
incast,73,1,0.3385499999999709
incast,73,2,0.3385499999999709
incast,73,4,0.3385499999999709
incast,73,8,0.3385499999999709
incast,74,1,0.25339999999998025
incast,74,2,0.25339999999998025
incast,74,4,0.25339999999998025
incast,74,8,0.25339999999998025
incast,75,1,0.33794999999997094
incast,75,2,0.33794999999997094
incast,75,4,0.33794999999997094
incast,75,8,0.33794999999997094
incast,76,1,0.3407999999999706
incast,76,2,0.3407999999999706
incast,76,4,0.3407999999999706
incast,76,8,0.3407999999999706
incast,77,1,0.2565999999999799
incast,77,2,0.2565999999999799
incast,77,4,0.2565999999999799
incast,77,8,0.2565999999999799
incast,78,1,0.25514999999998006
incast,78,2,0.25514999999998006
incast,78,4,0.25514999999998006
incast,78,8,0.25514999999998006
incast,79,1,0.3408499999999706
incast,79,2,0.3408499999999706
incast,79,4,0.3408499999999706
incast,79,8,0.3408499999999706
incast,80,1,0.33969999999997075
incast,80,2,0.33969999999997075
incast,80,4,0.33969999999997075
incast,80,8,0.33969999999997075
incast,81,1,0.34259999999997043
incast,81,2,0.34259999999997043
incast,81,4,0.34259999999997043
incast,81,8,0.34259999999997043
incast,82,1,0.34164999999997053
incast,82,2,0.34164999999997053
incast,82,4,0.34164999999997053
incast,82,8,0.34164999999997053
incast,83,1,0.34249999999997044
incast,83,2,0.34249999999997044
incast,83,4,0.34249999999997044
incast,83,8,0.34249999999997044
incast,84,1,0.2546499999999801
incast,84,2,0.2546499999999801
incast,84,4,0.2546499999999801
incast,84,8,0.2546499999999801
incast,85,1,0.3428499999999704
incast,85,2,0.3428499999999704
incast,85,4,0.3428499999999704
incast,85,8,0.3428499999999704
incast,86,1,0.34054999999997065
incast,86,2,0.34054999999997065
incast,86,4,0.34054999999997065
incast,86,8,0.34054999999997065
incast,87,1,0.33894999999997083
incast,87,2,0.33894999999997083
incast,87,4,0.33894999999997083
incast,87,8,0.33894999999997083
incast,88,1,0.3380999999999709
incast,88,2,0.3380999999999709
incast,88,4,0.3380999999999709
incast,88,8,0.3380999999999709
incast,89,1,0.3436499999999703
incast,89,2,0.3436499999999703
incast,89,4,0.3436499999999703
incast,89,8,0.3436499999999703
incast,90,1,0.2549499999999801
incast,90,2,0.2549499999999801
incast,90,4,0.2549499999999801
incast,90,8,0.2549499999999801
incast,91,1,0.3394499999999708
incast,91,2,0.3394499999999708
incast,91,4,0.3394499999999708
incast,91,8,0.3394499999999708
incast,92,1,0.3411999999999706
incast,92,2,0.3411999999999706
incast,92,4,0.3411999999999706
incast,92,8,0.3411999999999706
incast,93,1,0.33694999999997105
incast,93,2,0.33694999999997105
incast,93,4,0.33694999999997105
incast,93,8,0.33694999999997105
incast,94,1,0.33974999999997074
incast,94,2,0.33974999999997074
incast,94,4,0.33974999999997074
incast,94,8,0.33974999999997074
incast,95,1,0.34219999999997047
incast,95,2,0.34219999999997047
incast,95,4,0.34219999999997047
incast,95,8,0.34219999999997047
incast,96,1,0.3411999999999706
incast,96,2,0.3411999999999706
incast,96,4,0.3411999999999706
incast,96,8,0.3411999999999706
incast,97,1,0.2531999999999803
incast,97,2,0.2531999999999803
incast,97,4,0.2531999999999803
incast,97,8,0.2531999999999803
incast,98,1,0.3429499999999704
incast,98,2,0.3429499999999704
incast,98,4,0.3429499999999704
incast,98,8,0.3429499999999704
incast,99,1,0.25874999999997966
incast,99,2,0.25874999999997966
incast,99,4,0.25874999999997966
incast,99,8,0.25874999999997966
microburst,0,1,0.022050000000000118
microburst,0,2,0.021500000000000102
microburst,0,4,0.021550000000000104
microburst,0,8,0.021550000000000104
microburst,1,1,0.022350000000000127
microburst,1,2,0.021550000000000104
microburst,1,4,0.021550000000000104
microburst,1,8,0.021550000000000104
microburst,2,1,0.022350000000000127
microburst,2,2,0.021550000000000104
microburst,2,4,0.021550000000000104
microburst,2,8,0.021500000000000102
microburst,3,1,0.022050000000000118
microburst,3,2,0.021550000000000104
microburst,3,4,0.021550000000000104
microburst,3,8,0.021550000000000104
microburst,4,1,0.021500000000000102
microburst,4,2,0.021500000000000102
microburst,4,4,0.021550000000000104
microburst,4,8,0.021550000000000104
microburst,5,1,0.02215000000000012
microburst,5,2,0.021600000000000105
microburst,5,4,0.021550000000000104
microburst,5,8,0.021550000000000104
microburst,6,1,0.022050000000000118
microburst,6,2,0.021550000000000104
microburst,6,4,0.021550000000000104
microburst,6,8,0.021550000000000104
microburst,7,1,0.021500000000000102
microburst,7,2,0.021500000000000102
microburst,7,4,0.021500000000000102
microburst,7,8,0.021500000000000102
microburst,8,1,0.02215000000000012
microburst,8,2,0.021550000000000104
microburst,8,4,0.021550000000000104
microburst,8,8,0.021550000000000104
microburst,9,1,0.021500000000000102
microburst,9,2,0.021500000000000102
microburst,9,4,0.021500000000000102
microburst,9,8,0.021500000000000102
microburst,10,1,0.022250000000000124
microburst,10,2,0.021600000000000105
microburst,10,4,0.021600000000000105
microburst,10,8,0.021550000000000104
microburst,11,1,0.021500000000000102
microburst,11,2,0.021550000000000104
microburst,11,4,0.021550000000000104
microburst,11,8,0.021550000000000104
microburst,12,1,0.022050000000000118
microburst,12,2,0.021500000000000102
microburst,12,4,0.021500000000000102
microburst,12,8,0.021500000000000102
microburst,13,1,0.021500000000000102
microburst,13,2,0.021550000000000104
microburst,13,4,0.021550000000000104
microburst,13,8,0.021550000000000104
microburst,14,1,0.022050000000000118
microburst,14,2,0.021500000000000102
microburst,14,4,0.021550000000000104
microburst,14,8,0.021550000000000104
microburst,15,1,0.02215000000000012
microburst,15,2,0.021550000000000104
microburst,15,4,0.021550000000000104
microburst,15,8,0.021500000000000102
microburst,16,1,0.022250000000000124
microburst,16,2,0.021500000000000102
microburst,16,4,0.021500000000000102
microburst,16,8,0.021500000000000102
microburst,17,1,0.02210000000000012
microburst,17,2,0.021500000000000102
microburst,17,4,0.021650000000000107
microburst,17,8,0.021650000000000107
microburst,18,1,0.022050000000000118
microburst,18,2,0.021500000000000102
microburst,18,4,0.021500000000000102
microburst,18,8,0.021500000000000102
microburst,19,1,0.02215000000000012
microburst,19,2,0.021550000000000104
microburst,19,4,0.021550000000000104
microburst,19,8,0.021550000000000104
microburst,20,1,0.022050000000000118
microburst,20,2,0.021500000000000102
microburst,20,4,0.021500000000000102
microburst,20,8,0.021550000000000104
microburst,21,1,0.021500000000000102
microburst,21,2,0.021500000000000102
microburst,21,4,0.021500000000000102
microburst,21,8,0.021500000000000102
microburst,22,1,0.02215000000000012
microburst,22,2,0.021550000000000104
microburst,22,4,0.021550000000000104
microburst,22,8,0.021550000000000104
microburst,23,1,0.021500000000000102
microburst,23,2,0.021600000000000105
microburst,23,4,0.021600000000000105
microburst,23,8,0.021650000000000107
microburst,24,1,0.022250000000000124
microburst,24,2,0.021600000000000105
microburst,24,4,0.021600000000000105
microburst,24,8,0.021650000000000107
microburst,25,1,0.02215000000000012
microburst,25,2,0.021550000000000104
microburst,25,4,0.021550000000000104
microburst,25,8,0.021550000000000104
microburst,26,1,0.022400000000000128
microburst,26,2,0.021600000000000105
microburst,26,4,0.021550000000000104
microburst,26,8,0.021550000000000104
microburst,27,1,0.021500000000000102
microburst,27,2,0.021550000000000104
microburst,27,4,0.021550000000000104
microburst,27,8,0.021550000000000104
microburst,28,1,0.02215000000000012
microburst,28,2,0.021600000000000105
microburst,28,4,0.021600000000000105
microburst,28,8,0.021550000000000104
microburst,29,1,0.02215000000000012
microburst,29,2,0.021550000000000104
microburst,29,4,0.021550000000000104
microburst,29,8,0.021550000000000104
microburst,30,1,0.022050000000000118
microburst,30,2,0.021500000000000102
microburst,30,4,0.021550000000000104
microburst,30,8,0.021550000000000104
microburst,31,1,0.022050000000000118
microburst,31,2,0.021500000000000102
microburst,31,4,0.021500000000000102
microburst,31,8,0.021500000000000102
microburst,32,1,0.022250000000000124
microburst,32,2,0.021500000000000102
microburst,32,4,0.021500000000000102
microburst,32,8,0.021550000000000104
microburst,33,1,0.021500000000000102
microburst,33,2,0.021600000000000105
microburst,33,4,0.021600000000000105
microburst,33,8,0.021600000000000105
microburst,34,1,0.02215000000000012
microburst,34,2,0.021550000000000104
microburst,34,4,0.021550000000000104
microburst,34,8,0.021550000000000104
microburst,35,1,0.022050000000000118
microburst,35,2,0.021600000000000105
microburst,35,4,0.021550000000000104
microburst,35,8,0.021600000000000105
microburst,36,1,0.021500000000000102
microburst,36,2,0.021500000000000102
microburst,36,4,0.021500000000000102
microburst,36,8,0.021500000000000102
microburst,37,1,0.021500000000000102
microburst,37,2,0.021500000000000102
microburst,37,4,0.021500000000000102
microburst,37,8,0.021550000000000104
microburst,38,1,0.022250000000000124
microburst,38,2,0.021500000000000102
microburst,38,4,0.021600000000000105
microburst,38,8,0.021550000000000104
microburst,39,1,0.022250000000000124
microburst,39,2,0.021600000000000105
microburst,39,4,0.021600000000000105
microburst,39,8,0.021550000000000104
microburst,40,1,0.02215000000000012
microburst,40,2,0.021600000000000105
microburst,40,4,0.021600000000000105
microburst,40,8,0.021600000000000105
microburst,41,1,0.02215000000000012
microburst,41,2,0.021600000000000105
microburst,41,4,0.021550000000000104
microburst,41,8,0.021550000000000104
microburst,42,1,0.022400000000000128
microburst,42,2,0.021650000000000107
microburst,42,4,0.021650000000000107
microburst,42,8,0.021650000000000107
microburst,43,1,0.021500000000000102
microburst,43,2,0.021500000000000102
microburst,43,4,0.021500000000000102
microburst,43,8,0.021500000000000102
microburst,44,1,0.021500000000000102
microburst,44,2,0.021550000000000104
microburst,44,4,0.021550000000000104
microburst,44,8,0.021550000000000104
microburst,45,1,0.02215000000000012
microburst,45,2,0.021550000000000104
microburst,45,4,0.021550000000000104
microburst,45,8,0.021550000000000104
microburst,46,1,0.022250000000000124
microburst,46,2,0.021700000000000108
microburst,46,4,0.021600000000000105
microburst,46,8,0.021600000000000105
microburst,47,1,0.021500000000000102
microburst,47,2,0.021500000000000102
microburst,47,4,0.021500000000000102
microburst,47,8,0.021500000000000102
microburst,48,1,0.02210000000000012
microburst,48,2,0.021500000000000102
microburst,48,4,0.021550000000000104
microburst,48,8,0.021550000000000104
microburst,49,1,0.022050000000000118
microburst,49,2,0.021500000000000102
microburst,49,4,0.021500000000000102
microburst,49,8,0.021500000000000102
microburst,50,1,0.022250000000000124
microburst,50,2,0.021600000000000105
microburst,50,4,0.021550000000000104
microburst,50,8,0.021550000000000104
microburst,51,1,0.022050000000000118
microburst,51,2,0.021500000000000102
microburst,51,4,0.021500000000000102
microburst,51,8,0.021550000000000104
microburst,52,1,0.022250000000000124
microburst,52,2,0.021700000000000108
microburst,52,4,0.021600000000000105
microburst,52,8,0.021550000000000104
microburst,53,1,0.022050000000000118
microburst,53,2,0.021550000000000104
microburst,53,4,0.021550000000000104
microburst,53,8,0.021550000000000104
microburst,54,1,0.02215000000000012
microburst,54,2,0.021550000000000104
microburst,54,4,0.021550000000000104
microburst,54,8,0.021500000000000102
microburst,55,1,0.02215000000000012
microburst,55,2,0.021550000000000104
microburst,55,4,0.021550000000000104
microburst,55,8,0.021550000000000104
microburst,56,1,0.022050000000000118
microburst,56,2,0.021550000000000104
microburst,56,4,0.021550000000000104
microburst,56,8,0.021550000000000104
microburst,57,1,0.02215000000000012
microburst,57,2,0.021550000000000104
microburst,57,4,0.021550000000000104
microburst,57,8,0.021550000000000104
microburst,58,1,0.02215000000000012
microburst,58,2,0.021550000000000104
microburst,58,4,0.021550000000000104
microburst,58,8,0.021600000000000105
microburst,59,1,0.022050000000000118
microburst,59,2,0.021550000000000104
microburst,59,4,0.021550000000000104
microburst,59,8,0.021550000000000104
microburst,60,1,0.022050000000000118
microburst,60,2,0.021500000000000102
microburst,60,4,0.021500000000000102
microburst,60,8,0.021550000000000104
microburst,61,1,0.02210000000000012
microburst,61,2,0.021600000000000105
microburst,61,4,0.021600000000000105
microburst,61,8,0.021550000000000104
microburst,62,1,0.022350000000000127
microburst,62,2,0.021600000000000105
microburst,62,4,0.021550000000000104
microburst,62,8,0.021550000000000104
microburst,63,1,0.022050000000000118
microburst,63,2,0.021600000000000105
microburst,63,4,0.021550000000000104
microburst,63,8,0.021550000000000104
microburst,64,1,0.022250000000000124
microburst,64,2,0.021650000000000107
microburst,64,4,0.021650000000000107
microburst,64,8,0.021600000000000105
microburst,65,1,0.02215000000000012
microburst,65,2,0.021550000000000104
microburst,65,4,0.021550000000000104
microburst,65,8,0.021550000000000104
microburst,66,1,0.022050000000000118
microburst,66,2,0.021500000000000102
microburst,66,4,0.021500000000000102
microburst,66,8,0.021500000000000102
microburst,67,1,0.02210000000000012
microburst,67,2,0.021500000000000102
microburst,67,4,0.021500000000000102
microburst,67,8,0.021500000000000102
microburst,68,1,0.021500000000000102
microburst,68,2,0.021500000000000102
microburst,68,4,0.021500000000000102
microburst,68,8,0.021500000000000102
microburst,69,1,0.022050000000000118
microburst,69,2,0.021500000000000102
microburst,69,4,0.021550000000000104
microburst,69,8,0.021550000000000104
microburst,70,1,0.022050000000000118
microburst,70,2,0.021550000000000104
microburst,70,4,0.021550000000000104
microburst,70,8,0.021550000000000104
microburst,71,1,0.02215000000000012
microburst,71,2,0.021550000000000104
microburst,71,4,0.021550000000000104
microburst,71,8,0.021550000000000104
microburst,72,1,0.022050000000000118
microburst,72,2,0.021500000000000102
microburst,72,4,0.021500000000000102
microburst,72,8,0.021500000000000102
microburst,73,1,0.021500000000000102
microburst,73,2,0.021500000000000102
microburst,73,4,0.021500000000000102
microburst,73,8,0.021550000000000104
microburst,74,1,0.021500000000000102
microburst,74,2,0.021500000000000102
microburst,74,4,0.021500000000000102
microburst,74,8,0.021550000000000104
microburst,75,1,0.02215000000000012
microburst,75,2,0.021600000000000105
microburst,75,4,0.021600000000000105
microburst,75,8,0.021650000000000107
microburst,76,1,0.021500000000000102
microburst,76,2,0.021500000000000102
microburst,76,4,0.021500000000000102
microburst,76,8,0.021550000000000104
microburst,77,1,0.021500000000000102
microburst,77,2,0.021500000000000102
microburst,77,4,0.021550000000000104
microburst,77,8,0.021550000000000104
microburst,78,1,0.021500000000000102
microburst,78,2,0.021600000000000105
microburst,78,4,0.021600000000000105
microburst,78,8,0.021600000000000105
microburst,79,1,0.021500000000000102
microburst,79,2,0.021500000000000102
microburst,79,4,0.021550000000000104
microburst,79,8,0.021550000000000104
microburst,80,1,0.02250000000000013
microburst,80,2,0.021650000000000107
microburst,80,4,0.021650000000000107
microburst,80,8,0.021600000000000105
microburst,81,1,0.022050000000000118
microburst,81,2,0.021500000000000102
microburst,81,4,0.021550000000000104
microburst,81,8,0.021550000000000104
microburst,82,1,0.02215000000000012
microburst,82,2,0.021550000000000104
microburst,82,4,0.021550000000000104
microburst,82,8,0.021550000000000104
microburst,83,1,0.021500000000000102
microburst,83,2,0.021500000000000102
microburst,83,4,0.021500000000000102
microburst,83,8,0.021500000000000102
microburst,84,1,0.021500000000000102
microburst,84,2,0.021500000000000102
microburst,84,4,0.021550000000000104
microburst,84,8,0.021550000000000104
microburst,85,1,0.022050000000000118
microburst,85,2,0.021550000000000104
microburst,85,4,0.021550000000000104
microburst,85,8,0.021550000000000104
microburst,86,1,0.021500000000000102
microburst,86,2,0.021600000000000105
microburst,86,4,0.021600000000000105
microburst,86,8,0.021600000000000105
microburst,87,1,0.022050000000000118
microburst,87,2,0.021500000000000102
microburst,87,4,0.021550000000000104
microburst,87,8,0.021550000000000104
microburst,88,1,0.021500000000000102
microburst,88,2,0.021500000000000102
microburst,88,4,0.021500000000000102
microburst,88,8,0.021500000000000102
microburst,89,1,0.022050000000000118
microburst,89,2,0.021500000000000102
microburst,89,4,0.021550000000000104
microburst,89,8,0.021500000000000102
microburst,90,1,0.02215000000000012
microburst,90,2,0.021550000000000104
microburst,90,4,0.021550000000000104
microburst,90,8,0.021550000000000104
microburst,91,1,0.021500000000000102
microburst,91,2,0.021500000000000102
microburst,91,4,0.021500000000000102
microburst,91,8,0.021550000000000104
microburst,92,1,0.022050000000000118
microburst,92,2,0.021500000000000102
microburst,92,4,0.021550000000000104
microburst,92,8,0.021500000000000102
microburst,93,1,0.021500000000000102
microburst,93,2,0.021500000000000102
microburst,93,4,0.021550000000000104
microburst,93,8,0.021550000000000104
microburst,94,1,0.022200000000000122
microburst,94,2,0.021500000000000102
microburst,94,4,0.021550000000000104
microburst,94,8,0.021550000000000104
microburst,95,1,0.022050000000000118
microburst,95,2,0.021550000000000104
microburst,95,4,0.021550000000000104
microburst,95,8,0.021550000000000104
microburst,96,1,0.022250000000000124
microburst,96,2,0.021500000000000102
microburst,96,4,0.021500000000000102
microburst,96,8,0.021500000000000102
microburst,97,1,0.021500000000000102
microburst,97,2,0.021500000000000102
microburst,97,4,0.021500000000000102
microburst,97,8,0.021500000000000102
microburst,98,1,0.02250000000000013
microburst,98,2,0.021600000000000105
microburst,98,4,0.021550000000000104
microburst,98,8,0.021550000000000104
microburst,99,1,0.022050000000000118
microburst,99,2,0.021600000000000105
microburst,99,4,0.021550000000000104
microburst,99,8,0.021550000000000104
