ring_size,k,affected_fraction,T_mean,T_ci_low,T_ci_high,T_min,T_max,speedup,speedup_ci_low,speedup_ci_high,speedup_low,speedup_high,n_seeds,total_qps,total_qps_std,experiment,method,k_mean,k_mean_std,k_max,msg_bytes,p99_step
4,1.0,0.0,0.021500000000000092,0.021500000000000092,0.021500000000000092,0.0215000000000001,0.0215000000000001,1.0,1.0,1.0,1.0,1.0,1000,4.0,0.0,static,,,,,,
4,1.0,0.1,0.021500000000000092,0.021500000000000092,0.021500000000000092,0.0215000000000001,0.0215000000000001,1.0,1.0,1.0,1.0,1.0,1000,4.0,0.0,static,,,,,,
4,1.0,0.3,0.021500000000000092,0.021500000000000092,0.021500000000000092,0.0215000000000001,0.0215000000000001,1.0,1.0,1.0,1.0,1.0,1000,4.0,0.0,static,,,,,,
4,1.0,0.5,0.021500000000000092,0.021500000000000092,0.021500000000000092,0.0215000000000001,0.0215000000000001,1.0,1.0,1.0,1.0,1.0,1000,4.0,0.0,static,,,,,,
4,2.0,0.0,0.021500000000000092,0.021500000000000092,0.021500000000000092,0.0215000000000001,0.0215000000000001,1.0,1.0,1.0,1.0,1.0,1000,8.0,0.0,static,,,,,,
4,2.0,0.1,0.021500000000000092,0.021500000000000092,0.021500000000000092,0.0215000000000001,0.0215000000000001,1.0,1.0,1.0,1.0,1.0,1000,8.0,0.0,static,,,,,,
4,2.0,0.3,0.021500000000000092,0.021500000000000092,0.021500000000000092,0.0215000000000001,0.0215000000000001,1.0,1.0,1.0,1.0,1.0,1000,8.0,0.0,static,,,,,,
4,2.0,0.5,0.021500000000000092,0.021500000000000092,0.021500000000000092,0.0215000000000001,0.0215000000000001,1.0,1.0,1.0,1.0,1.0,1000,8.0,0.0,static,,,,,,
4,4.0,0.0,0.021500000000000092,0.021500000000000092,0.021500000000000092,0.0215000000000001,0.0215000000000001,1.0,1.0,1.0,1.0,1.0,1000,16.0,0.0,static,,,,,,
4,4.0,0.1,0.021500000000000092,0.021500000000000092,0.021500000000000092,0.0215000000000001,0.0215000000000001,1.0,1.0,1.0,1.0,1.0,1000,16.0,0.0,static,,,,,,
4,4.0,0.3,0.021500000000000092,0.021500000000000092,0.021500000000000092,0.0215000000000001,0.0215000000000001,1.0,1.0,1.0,1.0,1.0,1000,16.0,0.0,static,,,,,,
4,4.0,0.5,0.021500000000000092,0.021500000000000092,0.021500000000000092,0.0215000000000001,0.0215000000000001,1.0,1.0,1.0,1.0,1.0,1000,16.0,0.0,static,,,,,,
4,8.0,0.0,0.021500000000000092,0.021500000000000092,0.021500000000000092,0.0215000000000001,0.0215000000000001,1.0,1.0,1.0,1.0,1.0,1000,32.0,0.0,static,,,,,,
4,8.0,0.1,0.021500000000000092,0.021500000000000092,0.021500000000000092,0.0215000000000001,0.0215000000000001,1.0,1.0,1.0,1.0,1.0,1000,32.0,0.0,static,,,,,,
4,8.0,0.3,0.021500000000000092,0.021500000000000092,0.021500000000000092,0.0215000000000001,0.0215000000000001,1.0,1.0,1.0,1.0,1.0,1000,32.0,0.0,static,,,,,,
4,8.0,0.5,0.021500000000000092,0.021500000000000092,0.021500000000000092,0.0215000000000001,0.0215000000000001,1.0,1.0,1.0,1.0,1.0,1000,32.0,0.0,static,,,,,,
8,1.0,0.0,0.021500000000000092,0.021500000000000092,0.021500000000000092,0.0215000000000001,0.0215000000000001,1.0,1.0,1.0,1.0,1.0,1000,8.0,0.0,static,,,,,,
8,1.0,0.1,0.021500000000000092,0.021500000000000092,0.021500000000000092,0.0215000000000001,0.0215000000000001,1.0,1.0,1.0,1.0,1.0,1000,8.0,0.0,static,,,,,,
8,1.0,0.3,0.021500000000000092,0.021500000000000092,0.021500000000000092,0.0215000000000001,0.0215000000000001,1.0,1.0,1.0,1.0,1.0,1000,8.0,0.0,static,,,,,,
8,1.0,0.5,0.021500000000000092,0.021500000000000092,0.021500000000000092,0.0215000000000001,0.0215000000000001,1.0,1.0,1.0,1.0,1.0,1000,8.0,0.0,static,,,,,,
8,2.0,0.0,0.021500000000000092,0.021500000000000092,0.021500000000000092,0.0215000000000001,0.0215000000000001,1.0,1.0,1.0,1.0,1.0,1000,16.0,0.0,static,,,,,,
8,2.0,0.1,0.021500000000000092,0.021500000000000092,0.021500000000000092,0.0215000000000001,0.0215000000000001,1.0,1.0,1.0,1.0,1.0,1000,16.0,0.0,static,,,,,,
8,2.0,0.3,0.021500000000000092,0.021500000000000092,0.021500000000000092,0.0215000000000001,0.0215000000000001,1.0,1.0,1.0,1.0,1.0,1000,16.0,0.0,static,,,,,,
8,2.0,0.5,0.021500000000000092,0.021500000000000092,0.021500000000000092,0.0215000000000001,0.0215000000000001,1.0,1.0,1.0,1.0,1.0,1000,16.0,0.0,static,,,,,,
8,4.0,0.0,0.021500000000000092,0.021500000000000092,0.021500000000000092,0.0215000000000001,0.0215000000000001,1.0,1.0,1.0,1.0,1.0,1000,32.0,0.0,static,,,,,,
8,4.0,0.1,0.021500000000000092,0.021500000000000092,0.021500000000000092,0.0215000000000001,0.0215000000000001,1.0,1.0,1.0,1.0,1.0,1000,32.0,0.0,static,,,,,,
8,4.0,0.3,0.021500000000000092,0.021500000000000092,0.021500000000000092,0.0215000000000001,0.0215000000000001,1.0,1.0,1.0,1.0,1.0,1000,32.0,0.0,static,,,,,,
8,4.0,0.5,0.021500000000000092,0.021500000000000092,0.021500000000000092,0.0215000000000001,0.0215000000000001,1.0,1.0,1.0,1.0,1.0,1000,32.0,0.0,static,,,,,,
8,8.0,0.0,0.021500000000000092,0.021500000000000092,0.021500000000000092,0.0215000000000001,0.0215000000000001,1.0,1.0,1.0,1.0,1.0,1000,64.0,0.0,static,,,,,,
8,8.0,0.1,0.021500000000000092,0.021500000000000092,0.021500000000000092,0.0215000000000001,0.0215000000000001,1.0,1.0,1.0,1.0,1.0,1000,64.0,0.0,static,,,,,,
8,8.0,0.3,0.021500000000000092,0.021500000000000092,0.021500000000000092,0.0215000000000001,0.0215000000000001,1.0,1.0,1.0,1.0,1.0,1000,64.0,0.0,static,,,,,,
8,8.0,0.5,0.021500000000000092,0.021500000000000092,0.021500000000000092,0.0215000000000001,0.0215000000000001,1.0,1.0,1.0,1.0,1.0,1000,64.0,0.0,static,,,,,,
16,1.0,0.0,0.021500000000000092,0.021500000000000092,0.021500000000000092,0.0215000000000001,0.0215000000000001,1.0,1.0,1.0,1.0,1.0,1000,16.0,0.0,static,,,,,,
16,1.0,0.1,0.02851965000000026,0.027812027500000246,0.02926443875000028,0.0215000000000001,0.0807999999999992,1.0,1.0,1.0,1.0,1.0,1000,16.0,0.0,static,,,,,,
16,1.0,0.3,0.040516450000000474,0.03951794500000047,0.0415346137500005,0.0215000000000001,0.0929999999999979,1.0,1.0,1.0,1.0,1.0,1000,16.0,0.0,static,,,,,,
16,1.0,0.5,0.0520074500000005,0.05096958875000053,0.05313401125000051,0.0215000000000001,0.0949499999999977,1.0,1.0,1.0,1.0,1.0,1000,16.0,0.0,static,,,,,,
16,2.0,0.0,0.021500000000000092,0.021500000000000092,0.021500000000000092,0.0215000000000001,0.0215000000000001,1.0,1.0,1.0,1.0,1.0,1000,32.0,0.0,static,,,,,,
16,2.0,0.1,0.025904900000000196,0.025600912500000187,0.026230985000000203,0.0215000000000001,0.0484000000000008,1.099692649814348,1.07729126163585,1.1228363133322354,0.4919908466819166,3.093959731543633,1000,32.0,0.0,static,,,,,,
16,2.0,0.3,0.03215945000000036,0.031791936250000354,0.03252661875000037,0.0215000000000001,0.0497500000000009,1.2664965425551127,1.2378780145722275,1.29475633515035,0.4842342342342288,3.683168316831571,1000,32.0,0.0,static,,,,,,
16,2.0,0.5,0.03651125000000049,0.036151341250000475,0.0368723212500005,0.0215000000000001,0.0491500000000008,1.4388180599174936,1.4110430679928403,1.4682328718052455,0.4526315789473629,2.9458544839254692,1000,32.0,0.0,static,,,,,,
16,4.0,0.0,0.021500000000000092,0.021500000000000092,0.021500000000000092,0.0215000000000001,0.0215000000000001,1.0,1.0,1.0,1.0,1.0,1000,64.0,0.0,static,,,,,,
16,4.0,0.1,0.024634650000000154,0.024406160000000152,0.02487396500000016,0.0215000000000001,0.0442000000000007,1.1513406484569833,1.1246267755668058,1.1764252132131923,0.5143540669856409,3.03780718336479,1000,64.0,0.0,static,,,,,,
16,4.0,0.3,0.029250700000000275,0.028904935000000263,0.029607697500000283,0.0215000000000001,0.0523000000000009,1.3998496924480015,1.3689038115666385,1.4338545496073032,0.41108986615678256,3.272916666666632,1000,64.0,0.0,static,,,,,,
16,4.0,0.5,0.0335271500000004,0.033133897500000384,0.0339041125000004,0.0223500000000001,0.0491500000000008,1.5694199228714387,1.5397224941424075,1.5990650574901748,0.4804469273742964,3.2819047619046837,1000,64.0,0.0,static,,,,,,
16,8.0,0.0,0.021500000000000092,0.021500000000000092,0.021500000000000092,0.0215000000000001,0.0215000000000001,1.0,1.0,1.0,1.0,1.0,1000,128.0,0.0,static,,,,,,
16,8.0,0.1,0.02433295000000015,0.024044221250000143,0.024622377500000157,0.0215000000000001,0.054600000000001,1.194845307637831,1.16203810399488,1.2253162970001845,0.3937728937728884,3.4393592677345293,1000,128.0,0.0,static,,,,,,
16,8.0,0.3,0.028959200000000265,0.02850574625000025,0.02940891250000028,0.0215000000000001,0.0574000000000011,1.4719717133911923,1.4322176945253657,1.5117759799846135,0.3926940639269353,3.779043280182169,1000,128.0,0.0,static,,,,,,
16,8.0,0.5,0.03308665000000039,0.03258390000000037,0.03362482375000041,0.0218500000000001,0.0602000000000012,1.6608121834379634,1.6212315528909766,1.6998472339660016,0.38248048568950005,3.7090517241378547,1000,128.0,0.0,static,,,,,,
32,1.0,0.0,0.021500000000000092,0.021500000000000092,0.021500000000000092,0.0215000000000001,0.0215000000000001,1.0,1.0,1.0,1.0,1.0,1000,32.0,0.0,static,,,,,,
32,1.0,0.1,0.0345858000000004,0.03372482125000038,0.03543091625000042,0.0215000000000001,0.0807999999999992,1.0,1.0,1.0,1.0,1.0,1000,32.0,0.0,static,,,,,,
32,1.0,0.3,0.05082815000000058,0.04987496375000059,0.051817560000000554,0.0215000000000001,0.0936499999999978,1.0,1.0,1.0,1.0,1.0,1000,32.0,0.0,static,,,,,,
32,1.0,0.5,0.06067690000000043,0.05972155750000046,0.061610732500000424,0.0215000000000001,0.0949499999999977,1.0,1.0,1.0,1.0,1.0,1000,32.0,0.0,static,,,,,,
32,2.0,0.0,0.021500000000000092,0.021500000000000092,0.021500000000000092,0.0215000000000001,0.0215000000000001,1.0,1.0,1.0,1.0,1.0,1000,64.0,0.0,static,,,,,,
32,2.0,0.1,0.03070480000000032,0.030122247500000306,0.03126632750000032,0.0215000000000001,0.0895999999999982,1.1463711435808503,1.1203169292782946,1.1712747122806415,0.4291417165668605,3.059734513274345,1000,64.0,0.0,static,,,,,,
32,2.0,0.3,0.039675750000000516,0.0390168150000005,0.040320627500000525,0.0215000000000001,0.0897999999999982,1.3249154303933757,1.2988292431989954,1.3502499140337714,0.4405737704917981,2.9283018867924158,1000,64.0,0.0,static,,,,,,
32,2.0,0.5,0.0472496000000006,0.0464060450000006,0.048068340000000605,0.0249000000000002,0.0954499999999976,1.3370692981238075,1.314037852545226,1.360746492615107,0.5155875299760142,2.6407284768211423,1000,64.0,0.0,static,,,,,,
32,4.0,0.0,0.021500000000000092,0.021500000000000092,0.021500000000000092,0.0215000000000001,0.0215000000000001,1.0,1.0,1.0,1.0,1.0,1000,128.0,0.0,static,,,,,,
32,4.0,0.1,0.026329850000000193,0.02606335750000019,0.0266050237500002,0.0215000000000001,0.0475000000000008,1.3091610034734777,1.2805673071944828,1.3394466595609757,0.4584221748400796,3.1177644710578396,1000,128.0,0.0,static,,,,,,
32,4.0,0.3,0.03128375000000033,0.030959168750000324,0.03163480875000035,0.0223500000000001,0.0509000000000009,1.642224166519526,1.6136396849289438,1.6729515894360723,0.4864253393665104,3.3682170542634817,1000,128.0,0.0,static,,,,,,
32,4.0,0.5,0.03556510000000045,0.03521809500000045,0.03592207250000047,0.0241000000000001,0.0499500000000009,1.7273281525515438,1.6999987869049822,1.754107145654466,0.5005820721769441,3.259328358208875,1000,128.0,0.0,static,,,,,,
32,8.0,0.0,0.021500000000000092,0.021500000000000092,0.021500000000000092,0.0215000000000001,0.0215000000000001,1.0,1.0,1.0,1.0,1.0,1000,256.0,0.0,static,,,,,,
32,8.0,0.1,0.024050450000000133,0.02390592750000013,0.024186725000000138,0.0215000000000001,0.0356500000000005,1.43563554134633,1.402546370698788,1.4687973551273232,0.6169296987087475,3.5022421524663296,1000,256.0,0.0,static,,,,,,
32,8.0,0.3,0.02639460000000019,0.02622149750000019,0.026562065000000197,0.0218500000000001,0.0375000000000005,1.9341926475177684,1.8976187155603634,1.968297736916825,0.5733333333333284,3.6437007874014635,1000,256.0,0.0,static,,,,,,
32,8.0,0.5,0.02845030000000025,0.028257001250000247,0.028639572500000262,0.0227000000000001,0.0383000000000005,2.1421934978788,2.1105467660610664,2.175980429334293,0.7166666666666628,3.623404255319078,1000,256.0,0.0,static,,,,,,
64,1.0,0.0,0.021500000000000092,0.021500000000000092,0.021500000000000092,0.0215000000000001,0.0215000000000001,1.0,1.0,1.0,1.0,1.0,1000,64.0,0.0,static,,,,,,
64,1.0,0.1,0.04301080000000056,0.04210994625000056,0.04394000500000057,0.0215000000000001,0.0932499999999978,1.0,1.0,1.0,1.0,1.0,1000,64.0,0.0,static,,,,,,
64,1.0,0.3,0.05948630000000054,0.058619452500000585,0.0603210950000005,0.0215000000000001,0.0984499999999973,1.0,1.0,1.0,1.0,1.0,1000,64.0,0.0,static,,,,,,
64,1.0,0.5,0.06937885000000017,0.06869174500000022,0.07006049250000015,0.0365000000000005,0.0979499999999973,1.0,1.0,1.0,1.0,1.0,1000,64.0,0.0,static,,,,,,
64,2.0,0.0,0.021500000000000092,0.021500000000000092,0.021500000000000092,0.0215000000000001,0.0215000000000001,1.0,1.0,1.0,1.0,1.0,1000,128.0,0.0,static,,,,,,
64,2.0,0.1,0.03190210000000036,0.031582132500000346,0.03220753875000037,0.0215000000000001,0.0501000000000009,1.354691409431805,1.3270162520514361,1.381697307824803,0.4291417165668605,3.538899430739928,1000,128.0,0.0,static,,,,,,
64,2.0,0.3,0.03854510000000055,0.03826456750000054,0.038831312500000555,0.0262500000000002,0.0508500000000009,1.5521335714611775,1.5306109151312517,1.5742380326353171,0.47200878155872156,2.605633802816834,1000,128.0,0.0,static,,,,,,
64,2.0,0.5,0.04241665000000066,0.04218613750000065,0.04263320750000067,0.0304500000000003,0.0510500000000009,1.6447822798996936,1.6273228387534895,1.6617698262172662,0.7502569373072949,2.6676300578033794,1000,128.0,0.0,static,,,,,,
64,4.0,0.0,0.021500000000000092,0.021500000000000092,0.021500000000000092,0.0215000000000001,0.0215000000000001,1.0,1.0,1.0,1.0,1.0,1000,256.0,0.0,static,,,,,,
64,4.0,0.1,0.02811345000000024,0.027811091250000235,0.028408910000000252,0.0215000000000001,0.0503000000000009,1.5496473881834758,1.5165303860566974,1.5842725163898455,0.46137339055793414,3.3762781186093522,1000,256.0,0.0,static,,,,,,
64,4.0,0.3,0.0336050500000004,0.03326527875000039,0.033929020000000414,0.0240000000000001,0.0503500000000009,1.8090659347070939,1.7778637013939136,1.8390879545490757,0.5980392156862684,3.326013513513389,1000,256.0,0.0,static,,,,,,
64,4.0,0.5,0.03751660000000052,0.037197296250000504,0.037828770000000525,0.0256500000000002,0.0518000000000009,1.8819505566688988,1.8566617486377985,1.9067916658595943,0.9574014909478155,3.428849902534024,1000,256.0,0.0,static,,,,,,
64,8.0,0.0,0.021500000000000092,0.021500000000000092,0.021500000000000092,0.0215000000000001,0.0215000000000001,1.0,1.0,1.0,1.0,1.0,1000,512.0,0.0,static,,,,,,
64,8.0,0.1,0.02444660000000013,0.024352546250000127,0.024547755000000133,0.0215500000000001,0.0344000000000004,1.759028518250595,1.7197896521382368,1.7967289750580004,0.6409883720930187,3.6483739837397495,1000,512.0,0.0,static,,,,,,
64,8.0,0.3,0.026516850000000196,0.026397541250000194,0.026645206250000202,0.0230500000000001,0.0368500000000005,2.2519558522127228,2.219834840393332,2.2854779002114727,0.5898491083676215,3.736242884250344,1000,512.0,0.0,static,,,,,,
64,8.0,0.5,0.02827610000000024,0.02813443875000024,0.028426155000000248,0.0244000000000001,0.0382500000000005,2.4681685680944256,2.4401338826752346,2.494720990516683,1.107738998482551,3.683908045976888,1000,512.0,0.0,static,,,,,,
16,,0.0,0.021500000000000092,0.021500000000000092,0.021500000000000092,0.0215000000000001,0.0215000000000001,1.0,1.0,1.0,1.0,1.0,1000,16.0,0.0,adaptive,adaptive,1.0,0.0,1.0,,
16,,0.1,0.024257200000000156,0.02396609750000015,0.024549410000000167,0.0215000000000001,0.0432000000000007,1.1449694291027321,1.1264175674618706,1.1637740005232544,0.6795069337442166,2.6420454545454493,1000,16.766,1.2493217379061348,adaptive,adaptive,1.047875,0.07808260861913342,1.702,,
16,,0.3,0.029466950000000297,0.02909744375000028,0.029829257500000306,0.0215000000000001,0.053600000000001,1.3488731542407923,1.3249050339762873,1.3723929721812227,0.6496732026143758,2.9269230769230425,1000,18.389,1.7868608988591899,adaptive,adaptive,1.1493125,0.11167880617869937,2.868,,
16,,0.5,0.03434320000000042,0.03397548000000041,0.034735207500000434,0.0215000000000001,0.0516500000000009,1.4804630891232677,1.4558371448818241,1.5064084849610602,0.573593073593068,3.082554517133831,1000,19.687,1.736100528496275,adaptive,adaptive,1.2304375,0.10850628303101718,3.53,,
16,,0.0,0.021500000000000092,0.021500000000000092,0.021500000000000092,0.0215000000000001,0.0215000000000001,1.0,1.0,1.0,1.0,1.0,1000,16.0,0.0,adaptive,baseline,1.0,0.0,1.0,,
16,,0.1,0.028525600000000245,0.027739981250000233,0.02928007125000026,0.0215000000000001,0.0912499999999981,1.0,1.0,1.0,1.0,1.0,1000,16.0,0.0,adaptive,baseline,1.0,0.0,1.0,,
16,,0.3,0.04045695000000046,0.03948313625000047,0.04145413750000047,0.0215000000000001,0.0899999999999982,1.0,1.0,1.0,1.0,1.0,1000,16.0,0.0,adaptive,baseline,1.0,0.0,1.0,,
16,,0.5,0.051173300000000484,0.05008598250000046,0.05218532875000048,0.0215000000000001,0.0989499999999972,1.0,1.0,1.0,1.0,1.0,1000,16.0,0.0,adaptive,baseline,1.0,0.0,1.0,,
16,,0.0,0.021500000000000092,0.021500000000000092,0.021500000000000092,0.0215000000000001,0.0215000000000001,1.0,1.0,1.0,1.0,1.0,1000,64.0,0.0,adaptive,static(k=4),4.0,0.0,4.0,,
16,,0.1,0.024619000000000155,0.024355951250000153,0.024887215000000157,0.0215000000000001,0.0489000000000008,1.1549883917894472,1.1281521378867276,1.182175363317286,0.5381727158948629,3.1799591002044694,1000,64.0,0.0,adaptive,static(k=4),4.0,0.0,4.0,,
16,,0.3,0.029378450000000278,0.029025112500000266,0.029737916250000294,0.0215000000000001,0.0498500000000009,1.3928472590556098,1.3605408822438385,1.4266647247724602,0.43303121852970206,3.1570247933884046,1000,64.0,0.0,adaptive,static(k=4),4.0,0.0,4.0,,
16,,0.5,0.0332872000000004,0.03291075875000038,0.0336594662500004,0.0218500000000001,0.0506500000000009,1.557330302416346,1.5239101185853572,1.589691475647194,0.4526315789473629,3.402930402930301,1000,64.0,0.0,adaptive,static(k=4),4.0,0.0,4.0,,
32,,0.0,0.021500000000000092,0.021500000000000092,0.021500000000000092,0.0215000000000001,0.0215000000000001,1.0,1.0,1.0,1.0,1.0,1000,32.0,0.0,adaptive,adaptive,1.0,0.0,1.0,,
32,,0.1,0.02773635000000025,0.02735699125000024,0.02816255500000026,0.0215000000000001,0.0498500000000009,1.2230100577661038,1.200806805587432,1.244432034483889,0.5835443037974621,2.693548387096684,1000,33.71,1.836102195214436,adaptive,adaptive,1.0534375,0.05737819360045113,2.357,,
32,,0.3,0.035183650000000455,0.03476445000000044,0.035605760000000465,0.0215000000000001,0.055400000000001,1.459672492043233,1.436434118681338,1.4831579670470179,0.651403249630719,3.003460207612377,1000,36.902,2.535907495715651,adaptive,adaptive,1.1531875,0.0792471092411141,3.581,,
32,,0.5,0.039472150000000567,0.03911053500000056,0.03987440125000058,0.0215000000000001,0.0589000000000011,1.5521182178018944,1.5301408538917711,1.5731555363041263,0.6227461858529761,2.8076335877861647,1000,39.475,2.559673207057285,adaptive,adaptive,1.23359375,0.07998978772054016,3.882,,
32,,0.0,0.021500000000000092,0.021500000000000092,0.021500000000000092,0.0215000000000001,0.0215000000000001,1.0,1.0,1.0,1.0,1.0,1000,32.0,0.0,adaptive,baseline,1.0,0.0,1.0,,
32,,0.1,0.034669300000000396,0.03379177375000039,0.03552023875000041,0.0215000000000001,0.091849999999998,1.0,1.0,1.0,1.0,1.0,1000,32.0,0.0,adaptive,baseline,1.0,0.0,1.0,,
32,,0.3,0.05142630000000055,0.050484551250000564,0.052401480000000535,0.0215000000000001,0.0903999999999982,1.0,1.0,1.0,1.0,1.0,1000,32.0,0.0,adaptive,baseline,1.0,0.0,1.0,,
32,,0.5,0.06082195000000046,0.05990641875000049,0.061777110000000406,0.0215000000000001,0.0989499999999972,1.0,1.0,1.0,1.0,1.0,1000,32.0,0.0,adaptive,baseline,1.0,0.0,1.0,,
32,,0.0,0.021500000000000092,0.021500000000000092,0.021500000000000092,0.0215000000000001,0.0215000000000001,1.0,1.0,1.0,1.0,1.0,1000,128.0,0.0,adaptive,static(k=4),4.0,0.0,4.0,,
32,,0.1,0.026322350000000192,0.026057641250000183,0.026614001250000203,0.0215000000000001,0.0461500000000008,1.3126738958769828,1.2831678923919159,1.3441322915059473,0.46587215601299514,3.4857685009486645,1000,128.0,0.0,adaptive,static(k=4),4.0,0.0,4.0,,
32,,0.3,0.03134750000000033,0.031014992500000328,0.031701571250000345,0.0223000000000001,0.0516500000000009,1.651983060576352,1.6219618461785998,1.6832748317290984,0.5988235294117596,3.670190274841363,1000,128.0,0.0,adaptive,static(k=4),4.0,0.0,4.0,,
32,,0.5,0.034945300000000436,0.03460103875000043,0.035324222500000446,0.0240000000000001,0.0498000000000009,1.7656627348905918,1.7372481839953855,1.7930442102298971,0.5577172503242496,3.7984189723318873,1000,128.0,0.0,adaptive,static(k=4),4.0,0.0,4.0,,
16,1.0,0.0,0.040500000000000605,0.040500000000000605,0.040500000000000605,0.0405000000000006,0.0405000000000006,1.0,1.0,1.0,1.0,1.0,1000,16.0,0.0,allreduce,,,,,268435456.0,0.0054000000000001
16,1.0,0.3,0.05345520000000093,0.05305898875000092,0.05383604250000094,0.0412500000000006,0.0748499999999999,1.0,1.0,1.0,1.0,1.0,1000,16.0,0.0,allreduce,,,,,268435456.0,0.012092014000000251
16,1.0,0.5,0.06007775000000096,0.05970392000000096,0.06046544000000094,0.0433000000000007,0.0786499999999995,1.0,1.0,1.0,1.0,1.0,1000,16.0,0.0,allreduce,,,,,268435456.0,0.013761418500000292
16,2.0,0.0,0.040500000000000605,0.040500000000000605,0.040500000000000605,0.0405000000000006,0.0405000000000006,1.0,1.0,1.0,1.0,1.0,1000,32.0,0.0,allreduce,,,,,268435456.0,0.0054000000000001
16,2.0,0.3,0.04612650000000076,0.046000693750000765,0.046262917500000764,0.0413500000000006,0.054200000000001,1.1577511394187152,1.1510053157163163,1.164820663924865,0.9066232356134609,1.5522388059701404,1000,32.0,0.0,allreduce,,,,,268435456.0,0.008377420000000156
16,2.0,0.5,0.04916650000000084,0.04903079000000085,0.049308126250000854,0.0428000000000007,0.0593000000000011,1.2217442296068104,1.2150086166817962,1.2288640278076366,0.9153846153846149,1.5562248995983574,1000,32.0,0.0,allreduce,,,,,268435456.0,0.009214640500000183
16,4.0,0.0,0.040500000000000605,0.040500000000000605,0.040500000000000605,0.0405000000000006,0.0405000000000006,1.0,1.0,1.0,1.0,1.0,1000,64.0,0.0,allreduce,,,,,268435456.0,0.0054000000000001
16,4.0,0.3,0.04448910000000072,0.04438611500000071,0.044592302500000715,0.0412000000000006,0.0526000000000009,1.2000902262328257,1.1929002631246552,1.2074335856803309,0.9741935483870952,1.621029572836777,1000,64.0,0.0,allreduce,,,,,268435456.0,0.007139955500000074
16,4.0,0.5,0.04687450000000078,0.04675554125000078,0.046991616250000784,0.0418000000000006,0.054200000000001,1.281516267482467,1.2741048626832643,1.2889761831141393,0.8697674418604638,1.6859592711682347,1000,64.0,0.0,allreduce,,,,,268435456.0,0.007693252000000105
16,8.0,0.0,0.040500000000000605,0.040500000000000605,0.040500000000000605,0.0405000000000006,0.0405000000000006,1.0,1.0,1.0,1.0,1.0,1000,128.0,0.0,allreduce,,,,,268435456.0,0.0054000000000001
16,8.0,0.3,0.0440601500000007,0.04397207500000071,0.0441487550000007,0.0407500000000006,0.0512000000000009,1.2123396192358238,1.204691346113226,1.220003268104961,0.9714599341383099,1.681818181818155,1000,128.0,0.0,allreduce,,,,,268435456.0,0.006422127000000067
16,8.0,0.5,0.04593495000000075,0.04583307625000075,0.04603545625000075,0.0418000000000006,0.0511500000000009,1.3076211228107955,1.2998684346848886,1.3154689665473103,0.9694501018329944,1.738121546961288,1000,128.0,0.0,allreduce,,,,,268435456.0,0.006770824500000083
