model,seed,k,completion_time_s
onoff,0,1,0.08289999999999903
onoff,0,2,0.06530000000000097
onoff,0,4,0.04130000000000067
onoff,0,8,0.029650000000000336
onoff,1,1,0.07424999999999998
onoff,1,2,0.04445000000000076
onoff,1,4,0.0353500000000005
onoff,1,8,0.03015000000000035
onoff,2,1,0.08629999999999866
onoff,2,2,0.06015000000000121
onoff,2,4,0.04370000000000074
onoff,2,8,0.03250000000000042
onoff,3,1,0.08094999999999924
onoff,3,2,0.039700000000000624
onoff,3,4,0.04130000000000067
onoff,3,8,0.028550000000000304
onoff,4,1,0.09439999999999776
onoff,4,2,0.05695000000000112
onoff,4,4,0.050950000000000946
onoff,4,8,0.040100000000000635
onoff,5,1,0.08474999999999883
onoff,5,2,0.06730000000000075
onoff,5,4,0.034550000000000476
onoff,5,8,0.030050000000000347
onoff,6,1,0.07879999999999948
onoff,6,2,0.0424500000000007
onoff,6,4,0.03570000000000051
onoff,6,8,0.032400000000000415
onoff,7,1,0.0995499999999972
onoff,7,2,0.052900000000001
onoff,7,4,0.03920000000000061
onoff,7,8,0.030600000000000363
onoff,8,1,0.13464999999999333
onoff,8,2,0.0758499999999998
onoff,8,4,0.04260000000000071
onoff,8,8,0.02945000000000033
onoff,9,1,0.09844999999999732
onoff,9,2,0.05910000000000118
onoff,9,4,0.03825000000000058
onoff,9,8,0.02975000000000034
onoff,10,1,0.07175000000000026
onoff,10,2,0.05470000000000105
onoff,10,4,0.04015000000000064
onoff,10,8,0.03080000000000037
onoff,11,1,0.07739999999999964
onoff,11,2,0.04660000000000082
onoff,11,4,0.03475000000000048
onoff,11,8,0.03295000000000043
onoff,12,1,0.09419999999999779
onoff,12,2,0.047050000000000834
onoff,12,4,0.03745000000000056
onoff,12,8,0.02700000000000026
onoff,13,1,0.08244999999999908
onoff,13,2,0.0640500000000011
onoff,13,4,0.04545000000000079
onoff,13,8,0.04265000000000071
onoff,14,1,0.08509999999999879
onoff,14,2,0.050950000000000946
onoff,14,4,0.043600000000000735
onoff,14,8,0.03370000000000045
onoff,15,1,0.0895499999999983
onoff,15,2,0.062050000000001264
onoff,15,4,0.03930000000000061
onoff,15,8,0.03860000000000059
onoff,16,1,0.08159999999999917
onoff,16,2,0.05150000000000096
onoff,16,4,0.038750000000000596
onoff,16,8,0.030650000000000364
onoff,17,1,0.07390000000000002
onoff,17,2,0.07984999999999937
onoff,17,4,0.05525000000000107
onoff,17,8,0.04120000000000067
onoff,18,1,0.10424999999999668
onoff,18,2,0.054800000000001056
onoff,18,4,0.04130000000000067
onoff,18,8,0.026800000000000254
onoff,19,1,0.09374999999999784
onoff,19,2,0.05460000000000105
onoff,19,4,0.03610000000000052
onoff,19,8,0.0319000000000004
onoff,20,1,0.10339999999999677
onoff,20,2,0.05325000000000101
onoff,20,4,0.04335000000000073
onoff,20,8,0.02765000000000028
onoff,21,1,0.0995499999999972
onoff,21,2,0.0493500000000009
onoff,21,4,0.03260000000000042
onoff,21,8,0.03010000000000035
onoff,22,1,0.1077499999999963
onoff,22,2,0.10324999999999679
onoff,22,4,0.07215000000000021
onoff,22,8,0.03435000000000047
onoff,23,1,0.10449999999999665
onoff,23,2,0.055100000000001065
onoff,23,4,0.04480000000000077
onoff,23,8,0.03340000000000044
onoff,24,1,0.08419999999999889
onoff,24,2,0.045350000000000786
onoff,24,4,0.04350000000000073
onoff,24,8,0.028900000000000314
onoff,25,1,0.08244999999999908
onoff,25,2,0.04690000000000083
onoff,25,4,0.0319500000000004
onoff,25,8,0.02950000000000033
onoff,26,1,0.07984999999999937
onoff,26,2,0.05320000000000101
onoff,26,4,0.03465000000000048
onoff,26,8,0.033500000000000446
onoff,27,1,0.11894999999999506
onoff,27,2,0.06395000000000112
onoff,27,4,0.04085000000000066
onoff,27,8,0.032100000000000406
onoff,28,1,0.07624999999999976
onoff,28,2,0.05885000000000117
onoff,28,4,0.05495000000000106
onoff,28,8,0.03230000000000041
onoff,29,1,0.10424999999999668
onoff,29,2,0.050950000000000946
onoff,29,4,0.04715000000000084
onoff,29,8,0.04715000000000084
onoff,30,1,0.09384999999999782
onoff,30,2,0.06350000000000117
onoff,30,4,0.054400000000001045
onoff,30,8,0.031000000000000374
onoff,31,1,0.09389999999999782
onoff,31,2,0.054750000000001055
onoff,31,4,0.037600000000000564
onoff,31,8,0.03570000000000051
onoff,32,1,0.09014999999999823
onoff,32,2,0.062400000000001274
onoff,32,4,0.03565000000000051
onoff,32,8,0.03580000000000051
onoff,33,1,0.09414999999999779
onoff,33,2,0.0668000000000008
onoff,33,4,0.03430000000000047
onoff,33,8,0.028650000000000307
onoff,34,1,0.09784999999999738
onoff,34,2,0.05320000000000101
onoff,34,4,0.05085000000000094
onoff,34,8,0.030400000000000357
onoff,35,1,0.11984999999999496
onoff,35,2,0.06350000000000117
onoff,35,4,0.03620000000000052
onoff,35,8,0.031750000000000396
onoff,36,1,0.09334999999999788
onoff,36,2,0.06810000000000066
onoff,36,4,0.05430000000000104
onoff,36,8,0.03585000000000051
onoff,37,1,0.09739999999999743
onoff,37,2,0.09739999999999743
onoff,37,4,0.07549999999999985
onoff,37,8,0.045650000000000794
onoff,38,1,0.08569999999999872
onoff,38,2,0.06880000000000058
onoff,38,4,0.038050000000000576
onoff,38,8,0.029650000000000336
onoff,39,1,0.07999999999999935
onoff,39,2,0.08544999999999875
onoff,39,4,0.03995000000000063
onoff,39,8,0.031400000000000386
onoff,40,1,0.1004499999999971
onoff,40,2,0.08219999999999911
onoff,40,4,0.044600000000000764
onoff,40,8,0.030750000000000367
onoff,41,1,0.08704999999999857
onoff,41,2,0.06220000000000127
onoff,41,4,0.05780000000000114
onoff,41,8,0.035600000000000506
onoff,42,1,0.09329999999999788
onoff,42,2,0.04855000000000088
onoff,42,4,0.032400000000000415
onoff,42,8,0.03295000000000043
onoff,43,1,0.09474999999999772
onoff,43,2,0.049150000000000894
onoff,43,4,0.044950000000000774
onoff,43,8,0.03230000000000041
onoff,44,1,0.07939999999999942
onoff,44,2,0.05010000000000092
onoff,44,4,0.0641500000000011
onoff,44,8,0.033450000000000445
onoff,45,1,0.09184999999999804
onoff,45,2,0.08344999999999897
onoff,45,4,0.06365000000000115
onoff,45,8,0.03790000000000057
onoff,46,1,0.09889999999999727
onoff,46,2,0.05050000000000093
onoff,46,4,0.04485000000000077
onoff,46,8,0.03390000000000046
onoff,47,1,0.08754999999999852
onoff,47,2,0.054050000000001035
onoff,47,4,0.03290000000000043
onoff,47,8,0.028300000000000297
onoff,48,1,0.09064999999999818
onoff,48,2,0.04610000000000081
onoff,48,4,0.03375000000000045
onoff,48,8,0.030300000000000354
onoff,49,1,0.09974999999999717
onoff,49,2,0.054400000000001045
onoff,49,4,0.0318500000000004
onoff,49,8,0.033150000000000436
onoff,50,1,0.11064999999999597
onoff,50,2,0.06255000000000127
onoff,50,4,0.04830000000000087
onoff,50,8,0.03125000000000038
onoff,51,1,0.08789999999999848
onoff,51,2,0.047800000000000856
onoff,51,4,0.03715000000000055
onoff,51,8,0.032100000000000406
onoff,52,1,0.10689999999999639
onoff,52,2,0.08004999999999934
onoff,52,4,0.048850000000000886
onoff,52,8,0.037700000000000566
onoff,53,1,0.0876999999999985
onoff,53,2,0.06625000000000086
onoff,53,4,0.05185000000000097
onoff,53,8,0.03235000000000041
onoff,54,1,0.08729999999999855
onoff,54,2,0.049900000000000916
onoff,54,4,0.047800000000000856
onoff,54,8,0.03685000000000054
onoff,55,1,0.10104999999999703
onoff,55,2,0.06750000000000073
onoff,55,4,0.045650000000000794
onoff,55,8,0.03705000000000055
onoff,56,1,0.08489999999999881
onoff,56,2,0.07489999999999991
onoff,56,4,0.057500000000001134
onoff,56,8,0.03215000000000041
onoff,57,1,0.07559999999999983
onoff,57,2,0.06155000000000125
onoff,57,4,0.035900000000000515
onoff,57,8,0.026200000000000237
onoff,58,1,0.0994999999999972
onoff,58,2,0.05070000000000094
onoff,58,4,0.037600000000000564
onoff,58,8,0.03285000000000043
onoff,59,1,0.1085999999999962
onoff,59,2,0.05745000000000113
onoff,59,4,0.04345000000000073
onoff,59,8,0.04345000000000073
onoff,60,1,0.07340000000000008
onoff,60,2,0.03990000000000063
onoff,60,4,0.03670000000000054
onoff,60,8,0.03430000000000047
onoff,61,1,0.050200000000000924
onoff,61,2,0.049850000000000914
onoff,61,4,0.030000000000000346
onoff,61,8,0.02770000000000028
onoff,62,1,0.06285000000000124
onoff,62,2,0.047450000000000846
onoff,62,4,0.03705000000000055
onoff,62,8,0.03260000000000042
onoff,63,1,0.0940999999999978
onoff,63,2,0.04725000000000084
onoff,63,4,0.033850000000000456
onoff,63,8,0.025500000000000217
onoff,64,1,0.06910000000000055
onoff,64,2,0.052950000000001
onoff,64,4,0.03470000000000048
onoff,64,8,0.03425000000000047
onoff,65,1,0.10669999999999641
onoff,65,2,0.05140000000000096
onoff,65,4,0.04125000000000067
onoff,65,8,0.029700000000000337
onoff,66,1,0.11524999999999547
onoff,66,2,0.0564000000000011
onoff,66,4,0.04000000000000063
onoff,66,8,0.03265000000000042
onoff,67,1,0.09054999999999819
onoff,67,2,0.06010000000000121
onoff,67,4,0.04615000000000081
onoff,67,8,0.04065000000000065
onoff,68,1,0.08969999999999828
onoff,68,2,0.07429999999999998
onoff,68,4,0.040750000000000654
onoff,68,8,0.040750000000000654
onoff,69,1,0.09339999999999787
onoff,69,2,0.05395000000000103
onoff,69,4,0.04160000000000068
onoff,69,8,0.03285000000000043
onoff,70,1,0.10624999999999646
onoff,70,2,0.05420000000000104
onoff,70,4,0.031000000000000374
onoff,70,8,0.024450000000000187
onoff,71,1,0.0949999999999977
onoff,71,2,0.05245000000000099
onoff,71,4,0.04410000000000075
onoff,71,8,0.04410000000000075
onoff,72,1,0.09019999999999823
onoff,72,2,0.06645000000000084
onoff,72,4,0.04560000000000079
onoff,72,8,0.028850000000000313
onoff,73,1,0.08169999999999916
onoff,73,2,0.048450000000000874
onoff,73,4,0.041100000000000664
onoff,73,8,0.03015000000000035
onoff,74,1,0.08989999999999826
onoff,74,2,0.04695000000000083
onoff,74,4,0.030650000000000364
onoff,74,8,0.03670000000000054
onoff,75,1,0.07729999999999965
onoff,75,2,0.042200000000000695
onoff,75,4,0.03815000000000058
onoff,75,8,0.029600000000000334
onoff,76,1,0.0877499999999985
onoff,76,2,0.06995000000000046
onoff,76,4,0.040050000000000634
onoff,76,8,0.029700000000000337
onoff,77,1,0.10464999999999663
onoff,77,2,0.05015000000000092
onoff,77,4,0.03950000000000062
onoff,77,8,0.03365000000000045
onoff,78,1,0.08114999999999922
onoff,78,2,0.04785000000000086
onoff,78,4,0.04785000000000086
onoff,78,8,0.034150000000000465
onoff,79,1,0.06530000000000097
onoff,79,2,0.051250000000000955
onoff,79,4,0.05345000000000102
onoff,79,8,0.028250000000000296
onoff,80,1,0.07075000000000037
onoff,80,2,0.04380000000000074
onoff,80,4,0.04315000000000072
onoff,80,8,0.0319500000000004
onoff,81,1,0.0903999999999982
onoff,81,2,0.05450000000000105
onoff,81,4,0.042850000000000714
onoff,81,8,0.03250000000000042
onoff,82,1,0.10184999999999694
onoff,82,2,0.05740000000000113
onoff,82,4,0.04160000000000068
onoff,82,8,0.034550000000000476
onoff,83,1,0.0803999999999993
onoff,83,2,0.050200000000000924
onoff,83,4,0.037350000000000556
onoff,83,8,0.028500000000000303
onoff,84,1,0.11694999999999528
onoff,84,2,0.08564999999999873
onoff,84,4,0.05595000000000109
onoff,84,8,0.03670000000000054
onoff,85,1,0.08609999999999868
onoff,85,2,0.05110000000000095
onoff,85,4,0.045000000000000775
onoff,85,8,0.0318500000000004
onoff,86,1,0.11934999999999502
onoff,86,2,0.08054999999999929
onoff,86,4,0.057600000000001136
onoff,86,8,0.039750000000000625
onoff,87,1,0.062050000000001264
onoff,87,2,0.053400000000001016
onoff,87,4,0.03740000000000056
onoff,87,8,0.031050000000000376
onoff,88,1,0.09074999999999817
onoff,88,2,0.05145000000000096
onoff,88,4,0.042500000000000704
onoff,88,8,0.03265000000000042
onoff,89,1,0.09574999999999761
onoff,89,2,0.07989999999999936
onoff,89,4,0.0422500000000007
onoff,89,8,0.04405000000000075
onoff,90,1,0.1004499999999971
onoff,90,2,0.053350000000001015
onoff,90,4,0.03055000000000036
onoff,90,8,0.028900000000000314
onoff,91,1,0.083199999999999
onoff,91,2,0.04765000000000085
onoff,91,4,0.04275000000000071
onoff,91,8,0.02975000000000034
onoff,92,1,0.07629999999999976
onoff,92,2,0.0494000000000009
onoff,92,4,0.040750000000000654
onoff,92,8,0.03155000000000039
onoff,93,1,0.10419999999999668
onoff,93,2,0.09179999999999805
onoff,93,4,0.04905000000000089
onoff,93,8,0.03410000000000046
onoff,94,1,0.0958999999999976
onoff,94,2,0.0958999999999976
onoff,94,4,0.06510000000000099
onoff,94,8,0.04825000000000087
onoff,95,1,0.07839999999999953
onoff,95,2,0.0564000000000011
onoff,95,4,0.047050000000000834
onoff,95,8,0.038750000000000596
onoff,96,1,0.06785000000000069
onoff,96,2,0.05695000000000112
onoff,96,4,0.0388000000000006
onoff,96,8,0.0353500000000005
onoff,97,1,0.10089999999999705
onoff,97,2,0.06915000000000054
onoff,97,4,0.065050000000001
onoff,97,8,0.03320000000000044
onoff,98,1,0.09024999999999822
onoff,98,2,0.07080000000000036
onoff,98,4,0.039450000000000617
onoff,98,8,0.034150000000000465
onoff,99,1,0.09839999999999732
onoff,99,2,0.0632500000000012
onoff,99,4,0.043200000000000724
onoff,99,8,0.028150000000000293
iid,0,1,0.024100000000000177
iid,0,2,0.02350000000000016
iid,0,4,0.022300000000000125
iid,0,8,0.021900000000000114
iid,1,1,0.02420000000000018
iid,1,2,0.023350000000000155
iid,1,4,0.022200000000000122
iid,1,8,0.021850000000000112
iid,2,1,0.02415000000000018
iid,2,2,0.02280000000000014
iid,2,4,0.022300000000000125
iid,2,8,0.02175000000000011
iid,3,1,0.04490000000000077
iid,3,2,0.022550000000000132
iid,3,4,0.022050000000000118
iid,3,8,0.021950000000000115
iid,4,1,0.0249000000000002
iid,4,2,0.02280000000000014
iid,4,4,0.022200000000000122
iid,4,8,0.022000000000000117
iid,5,1,0.025750000000000224
iid,5,2,0.023750000000000167
iid,5,4,0.022300000000000125
iid,5,8,0.02210000000000012
iid,6,1,0.0249000000000002
iid,6,2,0.023450000000000158
iid,6,4,0.02210000000000012
iid,6,8,0.022000000000000117
iid,7,1,0.02520000000000021
iid,7,2,0.02315000000000015
iid,7,4,0.02215000000000012
iid,7,8,0.021900000000000114
iid,8,1,0.04750000000000085
iid,8,2,0.023750000000000167
iid,8,4,0.022300000000000125
iid,8,8,0.02175000000000011
iid,9,1,0.02460000000000019
iid,9,2,0.02425000000000018
iid,9,4,0.022250000000000124
iid,9,8,0.02215000000000012
iid,10,1,0.02390000000000017
iid,10,2,0.022650000000000135
iid,10,4,0.022650000000000135
iid,10,8,0.02180000000000011
iid,11,1,0.024300000000000183
iid,11,2,0.022900000000000142
iid,11,4,0.022050000000000118
iid,11,8,0.022050000000000118
iid,12,1,0.0248500000000002
iid,12,2,0.02285000000000014
iid,12,4,0.02210000000000012
iid,12,8,0.021950000000000115
iid,13,1,0.02455000000000019
iid,13,2,0.023350000000000155
iid,13,4,0.022250000000000124
iid,13,8,0.02210000000000012
iid,14,1,0.0248500000000002
iid,14,2,0.022900000000000142
iid,14,4,0.022400000000000128
iid,14,8,0.022000000000000117
iid,15,1,0.024700000000000194
iid,15,2,0.023650000000000164
iid,15,4,0.02215000000000012
iid,15,8,0.02210000000000012
iid,16,1,0.024100000000000177
iid,16,2,0.022750000000000138
iid,16,4,0.02245000000000013
iid,16,8,0.021850000000000112
iid,17,1,0.024100000000000177
iid,17,2,0.024300000000000183
iid,17,4,0.02285000000000014
iid,17,8,0.022250000000000124
iid,18,1,0.025150000000000207
iid,18,2,0.03250000000000042
iid,18,4,0.02735000000000027
iid,18,8,0.021900000000000114
iid,19,1,0.02520000000000021
iid,19,2,0.02320000000000015
iid,19,4,0.02215000000000012
iid,19,8,0.021850000000000112
iid,20,1,0.025350000000000213
iid,20,2,0.02315000000000015
iid,20,4,0.02215000000000012
iid,20,8,0.02180000000000011
iid,21,1,0.024700000000000194
iid,21,2,0.02350000000000016
iid,21,4,0.022300000000000125
iid,21,8,0.021950000000000115
iid,22,1,0.025750000000000224
iid,22,2,0.024650000000000193
iid,22,4,0.02285000000000014
iid,22,8,0.021950000000000115
iid,23,1,0.025350000000000213
iid,23,2,0.023400000000000157
iid,23,4,0.02215000000000012
iid,23,8,0.021950000000000115
iid,24,1,0.04470000000000077
iid,24,2,0.023450000000000158
iid,24,4,0.022200000000000122
iid,24,8,0.021850000000000112
iid,25,1,0.02425000000000018
iid,25,2,0.022300000000000125
iid,25,4,0.022050000000000118
iid,25,8,0.021850000000000112
iid,26,1,0.02425000000000018
iid,26,2,0.02285000000000014
iid,26,4,0.022000000000000117
iid,26,8,0.021950000000000115
iid,27,1,0.04660000000000082
iid,27,2,0.03285000000000043
iid,27,4,0.02215000000000012
iid,27,8,0.021950000000000115
iid,28,1,0.02415000000000018
iid,28,2,0.023300000000000154
iid,28,4,0.022350000000000127
iid,28,8,0.022050000000000118
iid,29,1,0.04655000000000082
iid,29,2,0.023400000000000157
iid,29,4,0.022250000000000124
iid,29,8,0.022050000000000118
iid,30,1,0.024750000000000195
iid,30,2,0.023300000000000154
iid,30,4,0.022950000000000144
iid,30,8,0.021950000000000115
iid,31,1,0.025400000000000214
iid,31,2,0.023000000000000145
iid,31,4,0.02215000000000012
iid,31,8,0.021900000000000114
iid,32,1,0.025000000000000203
iid,32,2,0.02415000000000018
iid,32,4,0.022200000000000122
iid,32,8,0.022000000000000117
iid,33,1,0.024450000000000187
iid,33,2,0.023750000000000167
iid,33,4,0.022200000000000122
iid,33,8,0.021950000000000115
iid,34,1,0.04350000000000073
iid,34,2,0.022950000000000144
iid,34,4,0.022350000000000127
iid,34,8,0.021850000000000112
iid,35,1,0.025850000000000227
iid,35,2,0.024100000000000177
iid,35,4,0.02250000000000013
iid,35,8,0.021950000000000115
iid,36,1,0.024750000000000195
iid,36,2,0.022900000000000142
iid,36,4,0.022600000000000134
iid,36,8,0.02215000000000012
iid,37,1,0.04350000000000073
iid,37,2,0.04350000000000073
iid,37,4,0.034150000000000465
iid,37,8,0.023000000000000145
iid,38,1,0.02520000000000021
iid,38,2,0.024350000000000184
iid,38,4,0.02245000000000013
iid,38,8,0.021950000000000115
iid,39,1,0.02555000000000022
iid,39,2,0.03500000000000049
iid,39,4,0.02245000000000013
iid,39,8,0.022050000000000118
iid,40,1,0.0248500000000002
iid,40,2,0.023600000000000163
iid,40,4,0.02215000000000012
iid,40,8,0.021850000000000112
iid,41,1,0.02425000000000018
iid,41,2,0.02285000000000014
iid,41,4,0.022600000000000134
iid,41,8,0.021950000000000115
iid,42,1,0.0248500000000002
iid,42,2,0.02285000000000014
iid,42,4,0.022000000000000117
iid,42,8,0.021850000000000112
iid,43,1,0.04385000000000074
iid,43,2,0.023400000000000157
iid,43,4,0.02210000000000012
iid,43,8,0.021850000000000112
iid,44,1,0.04400000000000075
iid,44,2,0.02285000000000014
iid,44,4,0.022900000000000142
iid,44,8,0.022000000000000117
iid,45,1,0.025400000000000214
iid,45,2,0.024350000000000184
iid,45,4,0.023050000000000147
iid,45,8,0.022300000000000125
iid,46,1,0.024750000000000195
iid,46,2,0.022750000000000138
iid,46,4,0.02250000000000013
iid,46,8,0.021850000000000112
iid,47,1,0.02525000000000021
iid,47,2,0.023300000000000154
iid,47,4,0.02210000000000012
iid,47,8,0.021850000000000112
iid,48,1,0.0248500000000002
iid,48,2,0.022550000000000132
iid,48,4,0.022200000000000122
iid,48,8,0.02180000000000011
iid,49,1,0.04695000000000083
iid,49,2,0.02350000000000016
iid,49,4,0.02215000000000012
iid,49,8,0.022050000000000118
iid,50,1,0.046000000000000804
iid,50,2,0.023000000000000145
iid,50,4,0.022350000000000127
iid,50,8,0.02180000000000011
iid,51,1,0.024000000000000174
iid,51,2,0.02280000000000014
iid,51,4,0.022300000000000125
iid,51,8,0.021900000000000114
iid,52,1,0.024700000000000194
iid,52,2,0.02450000000000019
iid,52,4,0.022700000000000137
iid,52,8,0.021950000000000115
iid,53,1,0.0248500000000002
iid,53,2,0.02315000000000015
iid,53,4,0.022250000000000124
iid,53,8,0.022000000000000117
iid,54,1,0.02530000000000021
iid,54,2,0.02285000000000014
iid,54,4,0.02245000000000013
iid,54,8,0.021900000000000114
iid,55,1,0.024800000000000197
iid,55,2,0.023350000000000155
iid,55,4,0.022600000000000134
iid,55,8,0.022050000000000118
iid,56,1,0.025150000000000207
iid,56,2,0.024750000000000195
iid,56,4,0.022400000000000128
iid,56,8,0.022000000000000117
iid,57,1,0.02415000000000018
iid,57,2,0.023250000000000152
iid,57,4,0.022200000000000122
iid,57,8,0.02175000000000011
iid,58,1,0.025450000000000216
iid,58,2,0.023250000000000152
iid,58,4,0.02210000000000012
iid,58,8,0.021900000000000114
iid,59,1,0.04350000000000073
iid,59,2,0.02280000000000014
iid,59,4,0.022750000000000138
iid,59,8,0.022600000000000134
iid,60,1,0.0249000000000002
iid,60,2,0.022900000000000142
iid,60,4,0.022700000000000137
iid,60,8,0.022000000000000117
iid,61,1,0.024100000000000177
iid,61,2,0.02280000000000014
iid,61,4,0.022250000000000124
iid,61,8,0.021900000000000114
iid,62,1,0.02415000000000018
iid,62,2,0.02320000000000015
iid,62,4,0.022350000000000127
iid,62,8,0.022200000000000122
iid,63,1,0.024650000000000193
iid,63,2,0.022550000000000132
iid,63,4,0.02215000000000012
iid,63,8,0.021850000000000112
iid,64,1,0.024000000000000174
iid,64,2,0.023050000000000147
iid,64,4,0.022250000000000124
iid,64,8,0.022250000000000124
iid,65,1,0.024800000000000197
iid,65,2,0.032450000000000416
iid,65,4,0.02210000000000012
iid,65,8,0.022000000000000117
iid,66,1,0.04335000000000073
iid,66,2,0.02280000000000014
iid,66,4,0.022000000000000117
iid,66,8,0.02180000000000011
iid,67,1,0.024400000000000185
iid,67,2,0.023300000000000154
iid,67,4,0.02280000000000014
iid,67,8,0.02245000000000013
iid,68,1,0.025050000000000204
iid,68,2,0.024400000000000185
iid,68,4,0.022250000000000124
iid,68,8,0.022250000000000124
iid,69,1,0.0248500000000002
iid,69,2,0.022600000000000134
iid,69,4,0.022250000000000124
iid,69,8,0.021950000000000115
iid,70,1,0.025850000000000227
iid,70,2,0.022550000000000132
iid,70,4,0.022050000000000118
iid,70,8,0.02175000000000011
iid,71,1,0.046400000000000816
iid,71,2,0.023250000000000152
iid,71,4,0.02215000000000012
iid,71,8,0.02215000000000012
iid,72,1,0.025050000000000204
iid,72,2,0.02385000000000017
iid,72,4,0.022200000000000122
iid,72,8,0.022050000000000118
iid,73,1,0.025000000000000203
iid,73,2,0.02385000000000017
iid,73,4,0.02215000000000012
iid,73,8,0.021900000000000114
iid,74,1,0.043950000000000745
iid,74,2,0.022900000000000142
iid,74,4,0.021950000000000115
iid,74,8,0.02215000000000012
iid,75,1,0.04455000000000076
iid,75,2,0.022900000000000142
iid,75,4,0.022300000000000125
iid,75,8,0.02180000000000011
iid,76,1,0.024300000000000183
iid,76,2,0.023750000000000167
iid,76,4,0.022400000000000128
iid,76,8,0.02180000000000011
iid,77,1,0.025800000000000226
iid,77,2,0.022900000000000142
iid,77,4,0.022600000000000134
iid,77,8,0.02210000000000012
iid,78,1,0.04345000000000073
iid,78,2,0.023050000000000147
iid,78,4,0.022250000000000124
iid,78,8,0.021900000000000114
iid,79,1,0.023800000000000168
iid,79,2,0.022900000000000142
iid,79,4,0.023000000000000145
iid,79,8,0.021950000000000115
iid,80,1,0.04350000000000073
iid,80,2,0.022400000000000128
iid,80,4,0.02215000000000012
iid,80,8,0.021900000000000114
iid,81,1,0.025400000000000214
iid,81,2,0.022900000000000142
iid,81,4,0.022400000000000128
iid,81,8,0.021950000000000115
iid,82,1,0.025100000000000205
iid,82,2,0.023600000000000163
iid,82,4,0.022300000000000125
iid,82,8,0.022000000000000117
iid,83,1,0.04410000000000075
iid,83,2,0.023000000000000145
iid,83,4,0.022300000000000125
iid,83,8,0.022000000000000117
iid,84,1,0.046750000000000826
iid,84,2,0.03500000000000049
iid,84,4,0.022350000000000127
iid,84,8,0.022000000000000117
iid,85,1,0.025100000000000205
iid,85,2,0.022700000000000137
iid,85,4,0.021950000000000115
iid,85,8,0.021900000000000114
iid,86,1,0.02635000000000024
iid,86,2,0.025000000000000203
iid,86,4,0.02280000000000014
iid,86,8,0.022000000000000117
iid,87,1,0.02390000000000017
iid,87,2,0.02320000000000015
iid,87,4,0.02245000000000013
iid,87,8,0.022200000000000122
iid,88,1,0.02520000000000021
iid,88,2,0.023000000000000145
iid,88,4,0.02215000000000012
iid,88,8,0.022000000000000117
iid,89,1,0.025400000000000214
iid,89,2,0.024800000000000197
iid,89,4,0.022700000000000137
iid,89,8,0.02210000000000012
iid,90,1,0.0248500000000002
iid,90,2,0.022900000000000142
iid,90,4,0.022050000000000118
iid,90,8,0.021900000000000114
iid,91,1,0.024400000000000185
iid,91,2,0.02350000000000016
iid,91,4,0.02215000000000012
iid,91,8,0.02180000000000011
iid,92,1,0.025000000000000203
iid,92,2,0.023000000000000145
iid,92,4,0.02280000000000014
iid,92,8,0.022000000000000117
iid,93,1,0.025100000000000205
iid,93,2,0.025100000000000205
iid,93,4,0.022700000000000137
iid,93,8,0.022000000000000117
iid,94,1,0.025050000000000204
iid,94,2,0.0248500000000002
iid,94,4,0.023700000000000165
iid,94,8,0.022400000000000128
iid,95,1,0.02455000000000019
iid,95,2,0.023100000000000148
iid,95,4,0.022400000000000128
iid,95,8,0.022050000000000118
iid,96,1,0.04385000000000074
iid,96,2,0.03330000000000044
iid,96,4,0.022300000000000125
iid,96,8,0.022000000000000117
iid,97,1,0.025350000000000213
iid,97,2,0.02415000000000018
iid,97,4,0.022700000000000137
iid,97,8,0.022000000000000117
iid,98,1,0.024450000000000187
iid,98,2,0.024050000000000175
iid,98,4,0.02215000000000012
iid,98,8,0.021900000000000114
iid,99,1,0.045000000000000775
iid,99,2,0.033500000000000446
iid,99,4,0.022250000000000124
iid,99,8,0.02180000000000011
hot_spot,0,1,0.10834999999999623
hot_spot,0,2,0.09234999999999799
hot_spot,0,4,0.05845000000000116
hot_spot,0,8,0.03855000000000059
hot_spot,1,1,0.10929999999999612
hot_spot,1,2,0.08969999999999828
hot_spot,1,4,0.06255000000000127
hot_spot,1,8,0.041450000000000674
hot_spot,2,1,0.10884999999999617
hot_spot,2,2,0.07819999999999955
hot_spot,2,4,0.058950000000001175
hot_spot,2,8,0.03480000000000048
hot_spot,3,1,0.10914999999999614
hot_spot,3,2,0.05535000000000107
hot_spot,3,4,0.0423500000000007
hot_spot,3,8,0.040750000000000654
hot_spot,4,1,0.13189999999999363
hot_spot,4,2,0.0767999999999997
hot_spot,4,4,0.0562500000000011
hot_spot,4,8,0.04755000000000085
hot_spot,5,1,0.13324999999999348
hot_spot,5,2,0.09784999999999738
hot_spot,5,4,0.06060000000000122
hot_spot,5,8,0.052800000000001
hot_spot,6,1,0.13559999999999323
hot_spot,6,2,0.083199999999999
hot_spot,6,4,0.046750000000000826
hot_spot,6,8,0.04300000000000072
hot_spot,7,1,0.13284999999999353
hot_spot,7,2,0.08394999999999891
hot_spot,7,4,0.04280000000000071
hot_spot,7,8,0.04865000000000088
hot_spot,8,1,0.18259999999998805
hot_spot,8,2,0.09159999999999807
hot_spot,8,4,0.06040000000000122
hot_spot,8,8,0.03285000000000043
hot_spot,9,1,0.13179999999999364
hot_spot,9,2,0.10504999999999659
hot_spot,9,4,0.053050000000001006
hot_spot,9,8,0.053050000000001006
hot_spot,10,1,0.10869999999999619
hot_spot,10,2,0.0786499999999995
hot_spot,10,4,0.07909999999999945
hot_spot,10,8,0.039450000000000617
hot_spot,11,1,0.10844999999999622
hot_spot,11,2,0.06610000000000088
hot_spot,11,4,0.04540000000000079
hot_spot,11,8,0.0424000000000007
hot_spot,12,1,0.13294999999999352
hot_spot,12,2,0.07914999999999944
hot_spot,12,4,0.058900000000001174
hot_spot,12,8,0.048850000000000886
hot_spot,13,1,0.13144999999999368
hot_spot,13,2,0.07934999999999942
hot_spot,13,4,0.05575000000000108
hot_spot,13,8,0.053700000000001025
hot_spot,14,1,0.13064999999999377
hot_spot,14,2,0.0795999999999994
hot_spot,14,4,0.06705000000000078
hot_spot,14,8,0.04260000000000071
hot_spot,15,1,0.13169999999999366
hot_spot,15,2,0.10004999999999714
hot_spot,15,4,0.050900000000000944
hot_spot,15,8,0.051950000000000975
hot_spot,16,1,0.10779999999999629
hot_spot,16,2,0.06700000000000078
hot_spot,16,4,0.055150000000001066
hot_spot,16,8,0.04020000000000064
hot_spot,17,1,0.110449999999996
hot_spot,17,2,0.11059999999999598
hot_spot,17,4,0.08119999999999922
hot_spot,17,8,0.05430000000000104
hot_spot,18,1,0.13294999999999352
hot_spot,18,2,0.09004999999999824
hot_spot,18,4,0.058200000000001154
hot_spot,18,8,0.04035000000000064
hot_spot,19,1,0.1331999999999935
hot_spot,19,2,0.06700000000000078
hot_spot,19,4,0.04450000000000076
hot_spot,19,8,0.04060000000000065
hot_spot,20,1,0.13239999999999358
hot_spot,20,2,0.08444999999999886
hot_spot,20,4,0.054100000000001036
hot_spot,20,8,0.031350000000000385
hot_spot,21,1,0.13344999999999346
hot_spot,21,2,0.09264999999999796
hot_spot,21,4,0.06370000000000114
hot_spot,21,8,0.04200000000000069
hot_spot,22,1,0.15434999999999116
hot_spot,22,2,0.13189999999999363
hot_spot,22,4,0.08709999999999857
hot_spot,22,8,0.044650000000000765
hot_spot,23,1,0.13264999999999355
hot_spot,23,2,0.08519999999999878
hot_spot,23,4,0.056500000000001105
hot_spot,23,8,0.04125000000000067
hot_spot,24,1,0.1094999999999961
hot_spot,24,2,0.08844999999999842
hot_spot,24,4,0.05905000000000118
hot_spot,24,8,0.03470000000000048
hot_spot,25,1,0.10734999999999634
hot_spot,25,2,0.05495000000000106
hot_spot,25,4,0.05360000000000102
hot_spot,25,8,0.03460000000000048
hot_spot,26,1,0.1076999999999963
hot_spot,26,2,0.07989999999999936
hot_spot,26,4,0.04470000000000077
hot_spot,26,8,0.04375000000000074
hot_spot,27,1,0.17344999999998906
hot_spot,27,2,0.08634999999999865
hot_spot,27,4,0.046750000000000826
hot_spot,27,8,0.04295000000000072
hot_spot,28,1,0.10614999999999647
hot_spot,28,2,0.08424999999999888
hot_spot,28,4,0.06025000000000121
hot_spot,28,8,0.041850000000000685
hot_spot,29,1,0.16784999999998967
hot_spot,29,2,0.08344999999999897
hot_spot,29,4,0.06020000000000121
hot_spot,29,8,0.05315000000000101
hot_spot,30,1,0.13349999999999346
hot_spot,30,2,0.08484999999999882
hot_spot,30,4,0.07764999999999961
hot_spot,30,8,0.03995000000000063
hot_spot,31,1,0.1303499999999938
hot_spot,31,2,0.07739999999999964
hot_spot,31,4,0.062100000000001265
hot_spot,31,8,0.041850000000000685
hot_spot,32,1,0.13284999999999353
hot_spot,32,2,0.09239999999999798
hot_spot,32,4,0.04610000000000081
hot_spot,32,8,0.04000000000000063
hot_spot,33,1,0.13149999999999368
hot_spot,33,2,0.1112999999999959
hot_spot,33,4,0.05530000000000107
hot_spot,33,8,0.043900000000000744
hot_spot,34,1,0.13339999999999347
hot_spot,34,2,0.0677000000000007
hot_spot,34,4,0.06165000000000125
hot_spot,34,8,0.04015000000000064
hot_spot,35,1,0.15289999999999132
hot_spot,35,2,0.09154999999999808
hot_spot,35,4,0.06250000000000128
hot_spot,35,8,0.03985000000000063
hot_spot,36,1,0.13469999999999333
hot_spot,36,2,0.07929999999999943
hot_spot,36,4,0.0804499999999993
hot_spot,36,8,0.04420000000000075
hot_spot,37,1,0.10924999999999613
hot_spot,37,2,0.11744999999999522
hot_spot,37,4,0.11774999999999519
hot_spot,37,8,0.0794999999999994
hot_spot,38,1,0.13169999999999366
hot_spot,38,2,0.10789999999999628
hot_spot,38,4,0.05395000000000103
hot_spot,38,8,0.04105000000000066
hot_spot,39,1,0.1522999999999914
hot_spot,39,2,0.1348999999999933
hot_spot,39,4,0.06845000000000062
hot_spot,39,8,0.042900000000000715
hot_spot,40,1,0.13234999999999358
hot_spot,40,2,0.10529999999999656
hot_spot,40,4,0.05145000000000096
hot_spot,40,8,0.0389000000000006
hot_spot,41,1,0.13164999999999366
hot_spot,41,2,0.0840999999999989
hot_spot,41,4,0.07974999999999938
hot_spot,41,8,0.04130000000000067
hot_spot,42,1,0.13354999999999345
hot_spot,42,2,0.06790000000000068
hot_spot,42,4,0.03980000000000063
hot_spot,42,8,0.04050000000000065
hot_spot,43,1,0.13284999999999353
hot_spot,43,2,0.08579999999999871
hot_spot,43,4,0.05360000000000102
hot_spot,43,8,0.034500000000000475
hot_spot,44,1,0.13144999999999368
hot_spot,44,2,0.06675000000000081
hot_spot,44,4,0.08109999999999923
hot_spot,44,8,0.04755000000000085
hot_spot,45,1,0.13104999999999373
hot_spot,45,2,0.11064999999999597
hot_spot,45,4,0.08114999999999922
hot_spot,45,8,0.05600000000000109
hot_spot,46,1,0.1320999999999936
hot_spot,46,2,0.06605000000000089
hot_spot,46,4,0.06515000000000098
hot_spot,46,8,0.03845000000000059
hot_spot,47,1,0.13159999999999367
hot_spot,47,2,0.08849999999999841
hot_spot,47,4,0.04615000000000081
hot_spot,47,8,0.040050000000000634
hot_spot,48,1,0.1311999999999937
hot_spot,48,2,0.06525000000000097
hot_spot,48,4,0.05325000000000101
hot_spot,48,8,0.034500000000000475
hot_spot,49,1,0.17784999999998857
hot_spot,49,2,0.0876499999999985
hot_spot,49,4,0.059250000000001184
hot_spot,49,8,0.05035000000000093
hot_spot,50,1,0.1703999999999894
hot_spot,50,2,0.0850499999999988
hot_spot,50,4,0.06180000000000126
hot_spot,50,8,0.039400000000000615
hot_spot,51,1,0.10779999999999629
hot_spot,51,2,0.06535000000000096
hot_spot,51,4,0.05745000000000113
hot_spot,51,8,0.04200000000000069
hot_spot,52,1,0.1312999999999937
hot_spot,52,2,0.11904999999999505
hot_spot,52,4,0.057900000000001145
hot_spot,52,8,0.04165000000000068
hot_spot,53,1,0.13354999999999345
hot_spot,53,2,0.08569999999999872
hot_spot,53,4,0.06360000000000116
hot_spot,53,8,0.044300000000000755
hot_spot,54,1,0.1321999999999936
hot_spot,54,2,0.07429999999999998
hot_spot,54,4,0.06575000000000092
hot_spot,54,8,0.04475000000000077
hot_spot,55,1,0.13364999999999344
hot_spot,55,2,0.0876999999999985
hot_spot,55,4,0.06640000000000085
hot_spot,55,8,0.054450000000001046
hot_spot,56,1,0.13019999999999382
hot_spot,56,2,0.11354999999999565
hot_spot,56,4,0.06490000000000101
hot_spot,56,8,0.04085000000000066
hot_spot,57,1,0.10799999999999627
hot_spot,57,2,0.08809999999999846
hot_spot,57,4,0.050200000000000924
hot_spot,57,8,0.03330000000000044
hot_spot,58,1,0.13334999999999347
hot_spot,58,2,0.06690000000000079
hot_spot,58,4,0.04480000000000077
hot_spot,58,8,0.041150000000000665
hot_spot,59,1,0.13289999999999352
hot_spot,59,2,0.07789999999999958
hot_spot,59,4,0.05740000000000113
hot_spot,59,8,0.05740000000000113
hot_spot,60,1,0.1339499999999934
hot_spot,60,2,0.07869999999999949
hot_spot,60,4,0.07729999999999965
hot_spot,60,8,0.050950000000000946
hot_spot,61,1,0.10804999999999626
hot_spot,61,2,0.06710000000000077
hot_spot,61,4,0.059000000000001177
hot_spot,61,8,0.039450000000000617
hot_spot,62,1,0.1076499999999963
hot_spot,62,2,0.08414999999999889
hot_spot,62,4,0.04545000000000079
hot_spot,62,8,0.04615000000000081
hot_spot,63,1,0.12934999999999391
hot_spot,63,2,0.06660000000000083
hot_spot,63,4,0.04700000000000083
hot_spot,63,8,0.032050000000000405
hot_spot,64,1,0.10849999999999621
hot_spot,64,2,0.08269999999999905
hot_spot,64,4,0.05565000000000108
hot_spot,64,8,0.05570000000000108
hot_spot,65,1,0.13629999999999315
hot_spot,65,2,0.06895000000000057
hot_spot,65,4,0.05845000000000116
hot_spot,65,8,0.04905000000000089
hot_spot,66,1,0.15329999999999128
hot_spot,66,2,0.0776999999999996
hot_spot,66,4,0.04860000000000088
hot_spot,66,8,0.038750000000000596
hot_spot,67,1,0.13254999999999356
hot_spot,67,2,0.08874999999999839
hot_spot,67,4,0.06755000000000072
hot_spot,67,8,0.05365000000000102
hot_spot,68,1,0.13364999999999344
hot_spot,68,2,0.11544999999999545
hot_spot,68,4,0.057950000000001146
hot_spot,68,8,0.057950000000001146
hot_spot,69,1,0.13434999999999336
hot_spot,69,2,0.06690000000000079
hot_spot,69,4,0.06120000000000124
hot_spot,69,8,0.04165000000000068
hot_spot,70,1,0.1512499999999915
hot_spot,70,2,0.07574999999999982
hot_spot,70,4,0.04365000000000074
hot_spot,70,8,0.02985000000000034
hot_spot,71,1,0.1675499999999897
hot_spot,71,2,0.08819999999999845
hot_spot,71,4,0.05765000000000114
hot_spot,71,8,0.05765000000000114
hot_spot,72,1,0.13359999999999345
hot_spot,72,2,0.08924999999999833
hot_spot,72,4,0.05905000000000118
hot_spot,72,8,0.0424500000000007
hot_spot,73,1,0.13259999999999356
hot_spot,73,2,0.09234999999999799
hot_spot,73,4,0.052750000000001
hot_spot,73,8,0.0389500000000006
hot_spot,74,1,0.11019999999999602
hot_spot,74,2,0.07739999999999964
hot_spot,74,4,0.042550000000000705
hot_spot,74,8,0.04135000000000067
hot_spot,75,1,0.13234999999999358
hot_spot,75,2,0.07759999999999961
hot_spot,75,4,0.06055000000000122
hot_spot,75,8,0.032050000000000405
hot_spot,76,1,0.10884999999999617
hot_spot,76,2,0.08654999999999863
hot_spot,76,4,0.052800000000001
hot_spot,76,8,0.03215000000000041
hot_spot,77,1,0.15204999999999141
hot_spot,77,2,0.07719999999999966
hot_spot,77,4,0.059950000000001204
hot_spot,77,8,0.04700000000000083
hot_spot,78,1,0.1312999999999937
hot_spot,78,2,0.08519999999999878
hot_spot,78,4,0.06530000000000097
hot_spot,78,8,0.03950000000000062
hot_spot,79,1,0.10874999999999618
hot_spot,79,2,0.07784999999999959
hot_spot,79,4,0.07874999999999949
hot_spot,79,8,0.03980000000000063
hot_spot,80,1,0.10929999999999612
hot_spot,80,2,0.05505000000000106
hot_spot,80,4,0.05610000000000109
hot_spot,80,8,0.04120000000000067
hot_spot,81,1,0.13264999999999355
hot_spot,81,2,0.08324999999999899
hot_spot,81,4,0.056850000000001115
hot_spot,81,8,0.05530000000000107
hot_spot,82,1,0.13259999999999356
hot_spot,82,2,0.0931999999999979
hot_spot,82,4,0.056800000000001113
hot_spot,82,8,0.043600000000000735
hot_spot,83,1,0.10889999999999617
hot_spot,83,2,0.07854999999999951
hot_spot,83,4,0.05505000000000106
hot_spot,83,8,0.041450000000000674
hot_spot,84,1,0.1730499999999891
hot_spot,84,2,0.13559999999999323
hot_spot,84,4,0.07439999999999997
hot_spot,84,8,0.052650000000000995
hot_spot,85,1,0.13149999999999368
hot_spot,85,2,0.07839999999999953
hot_spot,85,4,0.058900000000001174
hot_spot,85,8,0.04130000000000067
hot_spot,86,1,0.1567999999999909
hot_spot,86,2,0.11659999999999532
hot_spot,86,4,0.08249999999999907
hot_spot,86,8,0.054450000000001046
hot_spot,87,1,0.10789999999999628
hot_spot,87,2,0.08354999999999896
hot_spot,87,4,0.06785000000000069
hot_spot,87,8,0.05530000000000107
hot_spot,88,1,0.13019999999999382
hot_spot,88,2,0.06700000000000078
hot_spot,88,4,0.05775000000000114
hot_spot,88,8,0.04000000000000063
hot_spot,89,1,0.13069999999999377
hot_spot,89,2,0.11754999999999521
hot_spot,89,4,0.07689999999999969
hot_spot,89,8,0.059250000000001184
hot_spot,90,1,0.1339499999999934
hot_spot,90,2,0.06725000000000075
hot_spot,90,4,0.043900000000000744
hot_spot,90,8,0.0388500000000006
hot_spot,91,1,0.1350499999999933
hot_spot,91,2,0.08464999999999884
hot_spot,91,4,0.05455000000000105
hot_spot,91,8,0.0319500000000004
hot_spot,92,1,0.13259999999999356
hot_spot,92,2,0.07714999999999966
hot_spot,92,4,0.0695500000000005
hot_spot,92,8,0.04820000000000087
hot_spot,93,1,0.13379999999999342
hot_spot,93,2,0.13379999999999342
hot_spot,93,4,0.07904999999999945
hot_spot,93,8,0.045000000000000775
hot_spot,94,1,0.1313999999999937
hot_spot,94,2,0.1313999999999937
hot_spot,94,4,0.092199999999998
hot_spot,94,8,0.06805000000000067
hot_spot,95,1,0.13164999999999366
hot_spot,95,2,0.08364999999999895
hot_spot,95,4,0.05915000000000118
hot_spot,95,8,0.05530000000000107
hot_spot,96,1,0.1085499999999962
hot_spot,96,2,0.0858499999999987
hot_spot,96,4,0.06110000000000124
hot_spot,96,8,0.0494000000000009
hot_spot,97,1,0.1503999999999916
hot_spot,97,2,0.10804999999999626
hot_spot,97,4,0.08084999999999926
hot_spot,97,8,0.042900000000000715
hot_spot,98,1,0.13164999999999366
hot_spot,98,2,0.1149499999999955
hot_spot,98,4,0.05745000000000113
hot_spot,98,8,0.042150000000000694
hot_spot,99,1,0.1548499999999911
hot_spot,99,2,0.08984999999999826
hot_spot,99,4,0.06090000000000123
hot_spot,99,8,0.04050000000000065
microburst,0,1,0.022350000000000127
microburst,0,2,0.02215000000000012
microburst,0,4,0.021600000000000105
microburst,0,8,0.021600000000000105
microburst,1,1,0.02245000000000013
microburst,1,2,0.02210000000000012
microburst,1,4,0.021600000000000105
microburst,1,8,0.021600000000000105
microburst,2,1,0.02245000000000013
microburst,2,2,0.022050000000000118
microburst,2,4,0.021650000000000107
microburst,2,8,0.021600000000000105
microburst,3,1,0.04310000000000072
microburst,3,2,0.021700000000000108
microburst,3,4,0.021650000000000107
microburst,3,8,0.021600000000000105
microburst,4,1,0.02245000000000013
microburst,4,2,0.021650000000000107
microburst,4,4,0.021700000000000108
microburst,4,8,0.021600000000000105
microburst,5,1,0.02245000000000013
microburst,5,2,0.02215000000000012
microburst,5,4,0.021650000000000107
microburst,5,8,0.021650000000000107
microburst,6,1,0.02245000000000013
microburst,6,2,0.02210000000000012
microburst,6,4,0.021600000000000105
microburst,6,8,0.021600000000000105
microburst,7,1,0.022550000000000132
microburst,7,2,0.02215000000000012
microburst,7,4,0.021600000000000105
microburst,7,8,0.021600000000000105
microburst,8,1,0.04420000000000075
microburst,8,2,0.022350000000000127
microburst,8,4,0.021700000000000108
microburst,8,8,0.021600000000000105
microburst,9,1,0.02245000000000013
microburst,9,2,0.022300000000000125
microburst,9,4,0.021650000000000107
microburst,9,8,0.021600000000000105
microburst,10,1,0.022350000000000127
microburst,10,2,0.022050000000000118
microburst,10,4,0.022050000000000118
microburst,10,8,0.021550000000000104
microburst,11,1,0.022400000000000128
microburst,11,2,0.021650000000000107
microburst,11,4,0.021600000000000105
microburst,11,8,0.021600000000000105
microburst,12,1,0.02250000000000013
microburst,12,2,0.022050000000000118
microburst,12,4,0.021600000000000105
microburst,12,8,0.021550000000000104
microburst,13,1,0.022350000000000127
microburst,13,2,0.02215000000000012
microburst,13,4,0.021600000000000105
microburst,13,8,0.021600000000000105
microburst,14,1,0.022400000000000128
microburst,14,2,0.02215000000000012
microburst,14,4,0.021650000000000107
microburst,14,8,0.021600000000000105
microburst,15,1,0.02250000000000013
microburst,15,2,0.022200000000000122
microburst,15,4,0.021650000000000107
microburst,15,8,0.021600000000000105
microburst,16,1,0.022400000000000128
microburst,16,2,0.021650000000000107
microburst,16,4,0.021650000000000107
microburst,16,8,0.021600000000000105
microburst,17,1,0.02250000000000013
microburst,17,2,0.022600000000000134
microburst,17,4,0.02175000000000011
microburst,17,8,0.021650000000000107
microburst,18,1,0.022700000000000137
microburst,18,2,0.03225000000000041
microburst,18,4,0.026900000000000257
microburst,18,8,0.021600000000000105
microburst,19,1,0.022350000000000127
microburst,19,2,0.021650000000000107
microburst,19,4,0.021650000000000107
microburst,19,8,0.021600000000000105
microburst,20,1,0.022600000000000134
microburst,20,2,0.022200000000000122
microburst,20,4,0.021700000000000108
microburst,20,8,0.021600000000000105
microburst,21,1,0.02250000000000013
microburst,21,2,0.02215000000000012
microburst,21,4,0.021650000000000107
microburst,21,8,0.021650000000000107
microburst,22,1,0.022750000000000138
microburst,22,2,0.022550000000000132
microburst,22,4,0.021650000000000107
microburst,22,8,0.021550000000000104
microburst,23,1,0.022600000000000134
microburst,23,2,0.022050000000000118
microburst,23,4,0.021600000000000105
microburst,23,8,0.021600000000000105
microburst,24,1,0.04295000000000072
microburst,24,2,0.02215000000000012
microburst,24,4,0.021650000000000107
microburst,24,8,0.021600000000000105
microburst,25,1,0.022550000000000132
microburst,25,2,0.021650000000000107
microburst,25,4,0.021600000000000105
microburst,25,8,0.021600000000000105
microburst,26,1,0.02250000000000013
microburst,26,2,0.022050000000000118
microburst,26,4,0.021650000000000107
microburst,26,8,0.021650000000000107
microburst,27,1,0.04445000000000076
microburst,27,2,0.03230000000000041
microburst,27,4,0.021600000000000105
microburst,27,8,0.021650000000000107
microburst,28,1,0.02250000000000013
microburst,28,2,0.022300000000000125
microburst,28,4,0.021700000000000108
microburst,28,8,0.021600000000000105
microburst,29,1,0.04420000000000075
microburst,29,2,0.02210000000000012
microburst,29,4,0.021650000000000107
microburst,29,8,0.021650000000000107
microburst,30,1,0.02250000000000013
microburst,30,2,0.02215000000000012
microburst,30,4,0.021600000000000105
microburst,30,8,0.021550000000000104
microburst,31,1,0.02250000000000013
microburst,31,2,0.021700000000000108
microburst,31,4,0.021700000000000108
microburst,31,8,0.021650000000000107
microburst,32,1,0.022400000000000128
microburst,32,2,0.022250000000000124
microburst,32,4,0.021600000000000105
microburst,32,8,0.021600000000000105
microburst,33,1,0.02245000000000013
microburst,33,2,0.022300000000000125
microburst,33,4,0.021650000000000107
microburst,33,8,0.021650000000000107
microburst,34,1,0.04295000000000072
microburst,34,2,0.021700000000000108
microburst,34,4,0.021600000000000105
microburst,34,8,0.021550000000000104
microburst,35,1,0.022650000000000135
microburst,35,2,0.022350000000000127
microburst,35,4,0.021700000000000108
microburst,35,8,0.021600000000000105
microburst,36,1,0.02250000000000013
microburst,36,2,0.02215000000000012
microburst,36,4,0.021650000000000107
microburst,36,8,0.021600000000000105
microburst,37,1,0.04295000000000072
microburst,37,2,0.04300000000000072
microburst,37,4,0.033100000000000435
microburst,37,8,0.022050000000000118
microburst,38,1,0.02250000000000013
microburst,38,2,0.022400000000000128
microburst,38,4,0.021600000000000105
microburst,38,8,0.021600000000000105
microburst,39,1,0.02250000000000013
microburst,39,2,0.033150000000000436
microburst,39,4,0.021600000000000105
microburst,39,8,0.021600000000000105
microburst,40,1,0.02250000000000013
microburst,40,2,0.022350000000000127
microburst,40,4,0.021600000000000105
microburst,40,8,0.021550000000000104
microburst,41,1,0.02250000000000013
microburst,41,2,0.02210000000000012
microburst,41,4,0.02210000000000012
microburst,41,8,0.021600000000000105
microburst,42,1,0.022600000000000134
microburst,42,2,0.021650000000000107
microburst,42,4,0.021600000000000105
microburst,42,8,0.021550000000000104
microburst,43,1,0.04295000000000072
microburst,43,2,0.02215000000000012
microburst,43,4,0.021600000000000105
microburst,43,8,0.021600000000000105
microburst,44,1,0.04305000000000072
microburst,44,2,0.021600000000000105
microburst,44,4,0.021650000000000107
microburst,44,8,0.021600000000000105
microburst,45,1,0.022600000000000134
microburst,45,2,0.022400000000000128
microburst,45,4,0.021650000000000107
microburst,45,8,0.021600000000000105
microburst,46,1,0.022650000000000135
microburst,46,2,0.021650000000000107
microburst,46,4,0.021600000000000105
microburst,46,8,0.021600000000000105
microburst,47,1,0.02245000000000013
microburst,47,2,0.02215000000000012
microburst,47,4,0.021600000000000105
microburst,47,8,0.021550000000000104
microburst,48,1,0.022600000000000134
microburst,48,2,0.021700000000000108
microburst,48,4,0.021600000000000105
microburst,48,8,0.021600000000000105
microburst,49,1,0.04435000000000076
microburst,49,2,0.022200000000000122
microburst,49,4,0.021600000000000105
microburst,49,8,0.021600000000000105
microburst,50,1,0.04410000000000075
microburst,50,2,0.022050000000000118
microburst,50,4,0.021700000000000108
microburst,50,8,0.021600000000000105
microburst,51,1,0.022300000000000125
microburst,51,2,0.021650000000000107
microburst,51,4,0.021650000000000107
microburst,51,8,0.021600000000000105
microburst,52,1,0.02250000000000013
microburst,52,2,0.022300000000000125
microburst,52,4,0.021600000000000105
microburst,52,8,0.021600000000000105
microburst,53,1,0.02245000000000013
microburst,53,2,0.02210000000000012
microburst,53,4,0.021600000000000105
microburst,53,8,0.021600000000000105
microburst,54,1,0.022400000000000128
microburst,54,2,0.021600000000000105
microburst,54,4,0.021600000000000105
microburst,54,8,0.021600000000000105
microburst,55,1,0.02250000000000013
microburst,55,2,0.022050000000000118
microburst,55,4,0.021700000000000108
microburst,55,8,0.021600000000000105
microburst,56,1,0.022350000000000127
microburst,56,2,0.022300000000000125
microburst,56,4,0.021600000000000105
microburst,56,8,0.021650000000000107
microburst,57,1,0.022400000000000128
microburst,57,2,0.022200000000000122
microburst,57,4,0.021650000000000107
microburst,57,8,0.021600000000000105
microburst,58,1,0.02250000000000013
microburst,58,2,0.021600000000000105
microburst,58,4,0.021650000000000107
microburst,58,8,0.021600000000000105
microburst,59,1,0.04295000000000072
microburst,59,2,0.022250000000000124
microburst,59,4,0.021600000000000105
microburst,59,8,0.021600000000000105
microburst,60,1,0.022600000000000134
microburst,60,2,0.02210000000000012
microburst,60,4,0.02175000000000011
microburst,60,8,0.021650000000000107
microburst,61,1,0.022350000000000127
microburst,61,2,0.021600000000000105
microburst,61,4,0.021600000000000105
microburst,61,8,0.021600000000000105
microburst,62,1,0.022350000000000127
microburst,62,2,0.022050000000000118
microburst,62,4,0.021600000000000105
microburst,62,8,0.021550000000000104
microburst,63,1,0.022600000000000134
microburst,63,2,0.02175000000000011
microburst,63,4,0.021600000000000105
microburst,63,8,0.021600000000000105
microburst,64,1,0.022400000000000128
microburst,64,2,0.02215000000000012
microburst,64,4,0.021550000000000104
microburst,64,8,0.021550000000000104
microburst,65,1,0.02245000000000013
microburst,65,2,0.03230000000000041
microburst,65,4,0.021600000000000105
microburst,65,8,0.021600000000000105
microburst,66,1,0.04300000000000072
microburst,66,2,0.022000000000000117
microburst,66,4,0.021600000000000105
microburst,66,8,0.021600000000000105
microburst,67,1,0.022550000000000132
microburst,67,2,0.02215000000000012
microburst,67,4,0.021600000000000105
microburst,67,8,0.021550000000000104
microburst,68,1,0.022350000000000127
microburst,68,2,0.022250000000000124
microburst,68,4,0.021600000000000105
microburst,68,8,0.021600000000000105
microburst,69,1,0.022400000000000128
microburst,69,2,0.021650000000000107
microburst,69,4,0.021600000000000105
microburst,69,8,0.021600000000000105
microburst,70,1,0.02250000000000013
microburst,70,2,0.021650000000000107
microburst,70,4,0.021650000000000107
microburst,70,8,0.021550000000000104
microburst,71,1,0.044300000000000755
microburst,71,2,0.022250000000000124
microburst,71,4,0.021650000000000107
microburst,71,8,0.021600000000000105
microburst,72,1,0.02245000000000013
microburst,72,2,0.02215000000000012
microburst,72,4,0.021600000000000105
microburst,72,8,0.021600000000000105
microburst,73,1,0.022600000000000134
microburst,73,2,0.022250000000000124
microburst,73,4,0.021650000000000107
microburst,73,8,0.021600000000000105
microburst,74,1,0.04305000000000072
microburst,74,2,0.02215000000000012
microburst,74,4,0.021600000000000105
microburst,74,8,0.021600000000000105
microburst,75,1,0.04305000000000072
microburst,75,2,0.022050000000000118
microburst,75,4,0.021600000000000105
microburst,75,8,0.021550000000000104
microburst,76,1,0.022400000000000128
microburst,76,2,0.022250000000000124
microburst,76,4,0.021600000000000105
microburst,76,8,0.021600000000000105
microburst,77,1,0.022650000000000135
microburst,77,2,0.021600000000000105
microburst,77,4,0.021600000000000105
microburst,77,8,0.021600000000000105
microburst,78,1,0.04295000000000072
microburst,78,2,0.022050000000000118
microburst,78,4,0.021600000000000105
microburst,78,8,0.021600000000000105
microburst,79,1,0.02250000000000013
microburst,79,2,0.02215000000000012
microburst,79,4,0.022200000000000122
microburst,79,8,0.021550000000000104
microburst,80,1,0.04300000000000072
microburst,80,2,0.021600000000000105
microburst,80,4,0.021650000000000107
microburst,80,8,0.021600000000000105
microburst,81,1,0.022600000000000134
microburst,81,2,0.02215000000000012
microburst,81,4,0.021600000000000105
microburst,81,8,0.021600000000000105
microburst,82,1,0.022550000000000132
microburst,82,2,0.02215000000000012
microburst,82,4,0.021600000000000105
microburst,82,8,0.021550000000000104
microburst,83,1,0.04310000000000072
microburst,83,2,0.02215000000000012
microburst,83,4,0.021650000000000107
microburst,83,8,0.021600000000000105
microburst,84,1,0.04420000000000075
microburst,84,2,0.03320000000000044
microburst,84,4,0.021650000000000107
microburst,84,8,0.021600000000000105
microburst,85,1,0.022600000000000134
microburst,85,2,0.022050000000000118
microburst,85,4,0.021600000000000105
microburst,85,8,0.021600000000000105
microburst,86,1,0.022550000000000132
microburst,86,2,0.022400000000000128
microburst,86,4,0.021600000000000105
microburst,86,8,0.021600000000000105
microburst,87,1,0.022400000000000128
microburst,87,2,0.022050000000000118
microburst,87,4,0.021650000000000107
microburst,87,8,0.021650000000000107
microburst,88,1,0.022700000000000137
microburst,88,2,0.021700000000000108
microburst,88,4,0.021650000000000107
microburst,88,8,0.021600000000000105
microburst,89,1,0.022400000000000128
microburst,89,2,0.022250000000000124
microburst,89,4,0.021650000000000107
microburst,89,8,0.021600000000000105
microburst,90,1,0.022700000000000137
microburst,90,2,0.021700000000000108
microburst,90,4,0.021600000000000105
microburst,90,8,0.021600000000000105
microburst,91,1,0.022600000000000134
microburst,91,2,0.022250000000000124
microburst,91,4,0.021600000000000105
microburst,91,8,0.021600000000000105
microburst,92,1,0.02245000000000013
microburst,92,2,0.022050000000000118
microburst,92,4,0.021600000000000105
microburst,92,8,0.021600000000000105
microburst,93,1,0.022700000000000137
microburst,93,2,0.02245000000000013
microburst,93,4,0.022050000000000118
microburst,93,8,0.021600000000000105
microburst,94,1,0.02250000000000013
microburst,94,2,0.022400000000000128
microburst,94,4,0.022250000000000124
microburst,94,8,0.021600000000000105
microburst,95,1,0.02245000000000013
microburst,95,2,0.022050000000000118
microburst,95,4,0.021600000000000105
microburst,95,8,0.021600000000000105
microburst,96,1,0.04315000000000072
microburst,96,2,0.03235000000000041
microburst,96,4,0.021600000000000105
microburst,96,8,0.021600000000000105
microburst,97,1,0.022550000000000132
microburst,97,2,0.022250000000000124
microburst,97,4,0.021650000000000107
microburst,97,8,0.021600000000000105
microburst,98,1,0.022550000000000132
microburst,98,2,0.022400000000000128
microburst,98,4,0.021600000000000105
microburst,98,8,0.021600000000000105
microburst,99,1,0.04310000000000072
microburst,99,2,0.03235000000000041
microburst,99,4,0.021650000000000107
microburst,99,8,0.021600000000000105
