policy,seed,k,t
compact_pod,36,1,0.06275000000000125
compact_pod,36,8,0.02595000000000023
compact_pod,37,1,0.07784999999999959
compact_pod,37,8,0.033500000000000446
compact_pod,38,1,0.06435000000000107
compact_pod,38,8,0.02980000000000034
compact_pod,39,1,0.07554999999999984
compact_pod,39,8,0.02630000000000024
compact_pod,12,1,0.044300000000000755
compact_pod,12,8,0.025750000000000224
compact_pod,13,1,0.08759999999999851
compact_pod,13,8,0.026150000000000236
compact_pod,14,1,0.08394999999999891
compact_pod,14,8,0.02735000000000027
compact_pod,15,1,0.05840000000000116
compact_pod,15,8,0.028650000000000307
compact_pod,4,1,0.07415
compact_pod,4,8,0.029250000000000324
compact_pod,5,1,0.06050000000000122
compact_pod,5,8,0.02980000000000034
compact_pod,6,1,0.07065000000000038
compact_pod,6,8,0.02660000000000025
compact_pod,7,1,0.05765000000000114
compact_pod,7,8,0.026850000000000256
compact_pod,32,1,0.0677500000000007
compact_pod,32,8,0.03125000000000038
compact_pod,33,1,0.054800000000001056
compact_pod,33,8,0.02810000000000029
compact_pod,34,1,0.07060000000000038
compact_pod,34,8,0.026100000000000234
compact_pod,35,1,0.0731500000000001
compact_pod,35,8,0.03375000000000045
compact_pod,20,1,0.08124999999999921
compact_pod,20,8,0.026450000000000244
compact_pod,21,1,0.0731500000000001
compact_pod,21,8,0.027900000000000286
compact_pod,22,1,0.07714999999999966
compact_pod,22,8,0.028650000000000307
compact_pod,23,1,0.06155000000000125
compact_pod,23,8,0.025450000000000216
compact_pod,0,1,0.08009999999999934
compact_pod,0,8,0.028600000000000306
compact_pod,1,1,0.07779999999999959
compact_pod,1,8,0.025700000000000223
compact_pod,2,1,0.0563000000000011
compact_pod,2,8,0.02705000000000026
compact_pod,3,1,0.056200000000001096
compact_pod,3,8,0.02800000000000029
compact_pod,16,1,0.06570000000000092
compact_pod,16,8,0.029550000000000333
compact_pod,17,1,0.0758499999999998
compact_pod,17,8,0.028200000000000294
compact_pod,18,1,0.053750000000001026
compact_pod,18,8,0.026500000000000246
compact_pod,19,1,0.08649999999999863
compact_pod,19,8,0.02765000000000028
compact_pod,8,1,0.0458000000000008
compact_pod,8,8,0.029950000000000344
compact_pod,9,1,0.07055000000000039
compact_pod,9,8,0.026800000000000254
compact_pod,10,1,0.08414999999999889
compact_pod,10,8,0.02740000000000027
compact_pod,11,1,0.07739999999999964
compact_pod,11,8,0.027250000000000267
compact_pod,28,1,0.040750000000000654
compact_pod,28,8,0.02635000000000024
compact_pod,29,1,0.08484999999999882
compact_pod,29,8,0.02775000000000028
compact_pod,30,1,0.0731500000000001
compact_pod,30,8,0.026750000000000253
compact_pod,31,1,0.08079999999999926
compact_pod,31,8,0.02595000000000023
compact_pod,24,1,0.06745000000000073
compact_pod,24,8,0.033100000000000435
compact_pod,25,1,0.0686500000000006
compact_pod,25,8,0.02705000000000026
compact_pod,26,1,0.0696000000000005
compact_pod,26,8,0.02705000000000026
compact_pod,27,1,0.057900000000001145
compact_pod,27,8,0.02880000000000031
compact_pod,48,1,0.07400000000000001
compact_pod,48,8,0.02705000000000026
compact_pod,49,1,0.07155000000000028
compact_pod,49,8,0.027900000000000286
compact_pod,50,1,0.060350000000001215
compact_pod,50,8,0.029000000000000317
compact_pod,51,1,0.060700000000001225
compact_pod,51,8,0.024700000000000194
compact_pod,44,1,0.06155000000000125
compact_pod,44,8,0.024300000000000183
compact_pod,45,1,0.049200000000000896
compact_pod,45,8,0.02600000000000023
compact_pod,46,1,0.07624999999999976
compact_pod,46,8,0.028600000000000306
compact_pod,47,1,0.08329999999999899
compact_pod,47,8,0.026550000000000247
compact_pod,64,1,0.06810000000000066
compact_pod,64,8,0.026050000000000233
compact_pod,65,1,0.0677500000000007
compact_pod,65,8,0.027550000000000276
compact_pod,66,1,0.07644999999999974
compact_pod,66,8,0.02775000000000028
compact_pod,67,1,0.04155000000000068
compact_pod,67,8,0.024800000000000197
compact_pod,56,1,0.06090000000000123
compact_pod,56,8,0.025700000000000223
compact_pod,57,1,0.06745000000000073
compact_pod,57,8,0.026900000000000257
compact_pod,58,1,0.07469999999999993
compact_pod,58,8,0.027950000000000287
compact_pod,59,1,0.06160000000000125
compact_pod,59,8,0.026100000000000234
compact_pod,76,1,0.0804999999999993
compact_pod,76,8,0.029250000000000324
compact_pod,77,1,0.06045000000000122
compact_pod,77,8,0.027800000000000283
compact_pod,78,1,0.06740000000000074
compact_pod,78,8,0.027600000000000277
compact_pod,79,1,0.08729999999999855
compact_pod,79,8,0.02975000000000034
compact_pod,40,1,0.07539999999999986
compact_pod,40,8,0.027800000000000283
compact_pod,41,1,0.06815000000000065
compact_pod,41,8,0.029200000000000323
compact_pod,42,1,0.08749999999999852
compact_pod,42,8,0.027600000000000277
compact_pod,43,1,0.06580000000000091
compact_pod,43,8,0.02670000000000025
compact_pod,52,1,0.07195000000000024
compact_pod,52,8,0.025450000000000216
compact_pod,53,1,0.06470000000000103
compact_pod,53,8,0.02705000000000026
compact_pod,54,1,0.06660000000000083
compact_pod,54,8,0.02740000000000027
compact_pod,55,1,0.06945000000000051
compact_pod,55,8,0.027900000000000286
compact_pod,68,1,0.07744999999999963
compact_pod,68,8,0.027850000000000284
compact_pod,69,1,0.06295000000000123
compact_pod,69,8,0.0354000000000005
compact_pod,70,1,0.07839999999999953
compact_pod,70,8,0.02700000000000026
compact_pod,71,1,0.05345000000000102
compact_pod,71,8,0.027550000000000276
compact_pod,60,1,0.0759499999999998
compact_pod,60,8,0.028850000000000313
compact_pod,61,1,0.09054999999999819
compact_pod,61,8,0.02800000000000029
compact_pod,62,1,0.05945000000000119
compact_pod,62,8,0.028250000000000296
compact_pod,63,1,0.06610000000000088
compact_pod,63,8,0.027800000000000283
compact_pod,72,1,0.08364999999999895
compact_pod,72,8,0.029350000000000327
compact_pod,73,1,0.06565000000000093
compact_pod,73,8,0.027200000000000266
compact_pod,74,1,0.083199999999999
compact_pod,74,8,0.028500000000000303
compact_pod,75,1,0.06265000000000126
compact_pod,75,8,0.026200000000000237
compact_pod,80,1,0.06895000000000057
compact_pod,80,8,0.02880000000000031
compact_pod,81,1,0.05950000000000119
compact_pod,81,8,0.025500000000000217
compact_pod,82,1,0.07559999999999983
compact_pod,82,8,0.027850000000000284
compact_pod,83,1,0.09374999999999784
compact_pod,83,8,0.028250000000000296
compact_pod,92,1,0.08264999999999906
compact_pod,92,8,0.034900000000000486
compact_pod,93,1,0.0564500000000011
compact_pod,93,8,0.03150000000000039
compact_pod,94,1,0.051950000000000975
compact_pod,94,8,0.02775000000000028
compact_pod,95,1,0.04860000000000088
compact_pod,95,8,0.02630000000000024
compact_pod,96,1,0.053750000000001026
compact_pod,96,8,0.0284000000000003
compact_pod,97,1,0.08889999999999837
compact_pod,97,8,0.030350000000000356
compact_pod,98,1,0.07924999999999943
compact_pod,98,8,0.027600000000000277
compact_pod,99,1,0.055850000000001086
compact_pod,99,8,0.027850000000000284
compact_pod,88,1,0.07514999999999988
compact_pod,88,8,0.02870000000000031
compact_pod,89,1,0.0768499999999997
compact_pod,89,8,0.03395000000000046
compact_pod,90,1,0.058250000000001155
compact_pod,90,8,0.02975000000000034
compact_pod,91,1,0.05675000000000111
compact_pod,91,8,0.027150000000000264
compact_pod,84,1,0.07749999999999962
compact_pod,84,8,0.02695000000000026
compact_pod,85,1,0.09304999999999791
compact_pod,85,8,0.027900000000000286
compact_pod,86,1,0.06935000000000052
compact_pod,86,8,0.028950000000000316
compact_pod,87,1,0.07250000000000018
compact_pod,87,8,0.029650000000000336
random,12,1,0.3989499999999642
random,12,8,0.1049499999999966
random,13,1,0.30224999999997487
random,13,8,0.10174999999999695
random,14,1,0.5268499999999502
random,14,8,0.12824999999999404
random,15,1,0.33969999999997075
random,15,8,0.10534999999999656
random,4,1,0.5682999999999456
random,4,8,0.110449999999996
random,5,1,0.3244999999999724
random,5,8,0.0912999999999981
random,6,1,0.43864999999995985
random,6,8,0.10869999999999619
random,7,1,0.4263499999999612
random,7,8,0.101349999999997
random,16,1,0.364599999999968
random,16,8,0.10264999999999685
random,17,1,0.3594499999999686
random,17,8,0.11909999999999504
random,18,1,0.40954999999996305
random,18,8,0.10919999999999613
random,19,1,0.4216999999999617
random,19,8,0.10979999999999607
random,20,1,0.31979999999997294
random,20,8,0.11559999999999543
random,21,1,0.4127499999999627
random,21,8,0.10789999999999628
random,22,1,0.32434999999997244
random,22,8,0.0958499999999976
random,23,1,0.3137499999999736
random,23,8,0.1331999999999935
random,8,1,0.5813999999999442
random,8,8,0.10519999999999657
random,9,1,0.41969999999996194
random,9,8,0.1021999999999969
random,10,1,0.33234999999997156
random,10,8,0.10649999999999643
random,11,1,0.38039999999996627
random,11,8,0.09739999999999743
random,0,1,0.40764999999996326
random,0,8,0.09514999999999768
random,1,1,0.5447499999999482
random,1,8,0.10334999999999678
random,2,1,0.48114999999995517
random,2,8,0.16244999999999027
random,3,1,0.4310499999999607
random,3,8,0.16439999999999005
random,28,1,0.45309999999995826
random,28,8,0.11089999999999595
random,29,1,0.34314999999997037
random,29,8,0.13689999999999308
random,30,1,0.4816499999999551
random,30,8,0.1311999999999937
random,31,1,0.4407999999999596
random,31,8,0.15424999999999117
random,24,1,0.4746499999999559
random,24,8,0.12469999999999443
random,25,1,0.4844499999999548
random,25,8,0.10554999999999654
random,26,1,0.41874999999996204
random,26,8,0.128499999999994
random,27,1,0.319049999999973
random,27,8,0.11289999999999573
random,36,1,0.36604999999996785
random,36,8,0.12204999999999472
random,37,1,0.4537499999999582
random,37,8,0.11689999999999529
random,38,1,0.40789999999996324
random,38,8,0.12144999999999478
random,39,1,0.43314999999996046
random,39,8,0.10664999999999641
random,32,1,0.4183499999999621
random,32,8,0.1077499999999963
random,33,1,0.419199999999962
random,33,8,0.11984999999999496
random,34,1,0.5568499999999469
random,34,8,0.09824999999999734
random,35,1,0.5169499999999513
random,35,8,0.17229999999998918
random,40,1,0.4210999999999618
random,40,8,0.10429999999999667
random,41,1,0.33429999999997134
random,41,8,0.1130999999999957
random,42,1,0.32334999999997255
random,42,8,0.10389999999999672
random,43,1,0.3926999999999649
random,43,8,0.09594999999999759
random,48,1,0.31329999999997366
random,48,8,0.1085999999999962
random,49,1,0.4265499999999612
random,49,8,0.09664999999999752
random,50,1,0.42589999999996125
random,50,8,0.1004499999999971
random,51,1,0.33079999999997173
random,51,8,0.12804999999999406
random,52,1,0.3873999999999655
random,52,8,0.155749999999991
random,53,1,0.35774999999996876
random,53,8,0.12209999999999471
random,54,1,0.38794999999996543
random,54,8,0.11154999999999587
random,55,1,0.41699999999996223
random,55,8,0.11604999999999538
random,56,1,0.3935499999999648
random,56,8,0.11824999999999514
random,57,1,0.3135999999999736
random,57,8,0.08929999999999833
random,58,1,0.4726499999999561
random,58,8,0.13619999999999316
random,59,1,0.4220499999999617
random,59,8,0.12319999999999459
random,44,1,0.45844999999995767
random,44,8,0.10839999999999622
random,45,1,0.3220999999999727
random,45,8,0.11849999999999511
random,46,1,0.3721499999999672
random,46,8,0.10869999999999619
random,47,1,0.5325499999999496
random,47,8,0.11114999999999592
random,64,1,0.46579999999995686
random,64,8,0.1367999999999931
random,65,1,0.3389999999999708
random,65,8,0.10914999999999614
random,66,1,0.3508999999999695
random,66,8,0.11164999999999586
random,67,1,0.39214999999996497
random,67,8,0.13189999999999363
random,60,1,0.4500999999999586
random,60,8,0.10739999999999633
random,61,1,0.4246999999999614
random,61,8,0.15004999999999163
random,62,1,0.41129999999996286
random,62,8,0.14199999999999252
random,63,1,0.46219999999995726
random,63,8,0.10959999999999609
random,68,1,0.4473499999999589
random,68,8,0.10174999999999695
random,69,1,0.32164999999997274
random,69,8,0.11834999999999513
random,70,1,0.32769999999997207
random,70,8,0.10699999999999638
random,71,1,0.33229999999997156
random,71,8,0.11204999999999582
random,72,1,0.44229999999995945
random,72,8,0.09459999999999774
random,73,1,0.44774999999995885
random,73,8,0.11704999999999527
random,74,1,0.44939999999995867
random,74,8,0.09194999999999803
random,75,1,0.45779999999995774
random,75,8,0.10919999999999613
random,76,1,0.3955499999999646
random,76,8,0.1095499999999961
random,77,1,0.4048499999999636
random,77,8,0.1249999999999944
random,78,1,0.4238499999999615
random,78,8,0.12539999999999435
random,79,1,0.33159999999997164
random,79,8,0.1212999999999948
random,80,1,0.32164999999997274
random,80,8,0.09809999999999736
random,81,1,0.3054499999999745
random,81,8,0.08984999999999826
random,82,1,0.3385499999999709
random,82,8,0.1386499999999929
random,83,1,0.32139999999997276
random,83,8,0.08894999999999836
random,84,1,0.39949999999996416
random,84,8,0.10064999999999708
random,85,1,0.4146999999999625
random,85,8,0.09094999999999814
random,86,1,0.35959999999996856
random,86,8,0.08199999999999913
random,87,1,0.4442999999999592
random,87,8,0.09749999999999742
random,88,1,0.41409999999996255
random,88,8,0.12114999999999482
random,89,1,0.3356999999999712
random,89,8,0.0967999999999975
random,90,1,0.40304999999996377
random,90,8,0.10749999999999632
random,91,1,0.41324999999996265
random,91,8,0.09204999999999802
random,92,1,0.42584999999996126
random,92,8,0.10344999999999677
random,93,1,0.3628999999999682
random,93,8,0.11144999999999589
random,94,1,0.3308999999999717
random,94,8,0.12234999999999469
random,95,1,0.3854999999999657
random,95,8,0.10249999999999687
random,96,1,0.4228999999999616
random,96,8,0.12409999999999449
random,97,1,0.39499999999996466
random,97,8,0.10849999999999621
random,98,1,0.40404999999996366
random,98,8,0.11449999999999555
random,99,1,0.38789999999996544
random,99,8,0.12214999999999471
spread,0,1,0.32524999999997234
spread,0,8,0.12819999999999404
spread,1,1,0.3528999999999693
spread,1,8,0.12979999999999386
spread,2,1,0.5348999999999493
spread,2,8,0.1420999999999925
spread,3,1,0.34864999999996976
spread,3,8,0.1204499999999949
spread,8,1,0.3263999999999722
spread,8,8,0.13959999999999279
spread,9,1,0.3339499999999714
spread,9,8,0.11759999999999521
spread,10,1,0.3954999999999646
spread,10,8,0.10779999999999629
spread,11,1,0.45424999999995813
spread,11,8,0.10664999999999641
spread,16,1,0.3173499999999732
spread,16,8,0.11989999999999496
spread,17,1,0.3185499999999731
spread,17,8,0.11259999999999576
spread,18,1,0.3158499999999734
spread,18,8,0.12334999999999458
spread,19,1,0.33424999999997135
spread,19,8,0.12334999999999458
spread,4,1,0.3299499999999718
spread,4,8,0.1366499999999931
spread,5,1,0.3311999999999717
spread,5,8,0.10754999999999632
spread,6,1,0.5845999999999438
spread,6,8,0.1040999999999967
spread,7,1,0.5292499999999499
spread,7,8,0.11559999999999543
spread,12,1,0.3112499999999739
spread,12,8,0.0976999999999974
spread,13,1,0.4109499999999629
spread,13,8,0.10449999999999665
spread,14,1,0.40494999999996356
spread,14,8,0.10639999999999644
spread,15,1,0.5299999999999498
spread,15,8,0.11779999999999519
spread,20,1,0.49409999999995374
spread,20,8,0.09874999999999728
spread,21,1,0.36704999999996774
spread,21,8,0.13879999999999287
spread,22,1,0.38884999999996533
spread,22,8,0.11689999999999529
spread,23,1,0.637799999999938
spread,23,8,0.12174999999999475
spread,36,1,0.3173999999999732
spread,36,8,0.10979999999999607
spread,37,1,0.2946499999999757
spread,37,8,0.1331499999999935
spread,38,1,0.3401999999999707
spread,38,8,0.12689999999999418
spread,39,1,0.32714999999997213
spread,39,8,0.12244999999999467
spread,32,1,0.30589999999997447
spread,32,8,0.12904999999999395
spread,33,1,0.3626499999999682
spread,33,8,0.11394999999999561
spread,34,1,0.2992499999999752
spread,34,8,0.11029999999999601
spread,35,1,0.5268999999999502
spread,35,8,0.155699999999991
spread,28,1,0.2957499999999756
spread,28,8,0.0895499999999983
spread,29,1,0.37694999999996665
spread,29,8,0.13109999999999372
spread,30,1,0.6042499999999417
spread,30,8,0.12009999999999493
spread,31,1,0.3272499999999721
spread,31,8,0.11434999999999557
spread,24,1,0.32614999999997224
spread,24,8,0.11099999999999594
spread,25,1,0.34649999999997
spread,25,8,0.1077499999999963
spread,26,1,0.5770999999999447
spread,26,8,0.13459999999999334
spread,27,1,0.5532999999999473
spread,27,8,0.11444999999999556
spread,40,1,0.36224999999996826
spread,40,8,0.11484999999999551
spread,41,1,0.5728999999999451
spread,41,8,0.09959999999999719
spread,42,1,0.3984499999999643
spread,42,8,0.12024999999999492
spread,43,1,0.3227999999999726
spread,43,8,0.14419999999999228
spread,48,1,0.3336999999999714
spread,48,8,0.13704999999999307
spread,49,1,0.5774999999999446
spread,49,8,0.11704999999999527
spread,50,1,0.32894999999997193
spread,50,8,0.11644999999999534
spread,51,1,0.310349999999974
spread,51,8,0.12064999999999487
spread,44,1,0.32799999999997204
spread,44,8,0.10669999999999641
spread,45,1,0.5385999999999489
spread,45,8,0.09944999999999721
spread,46,1,0.32409999999997247
spread,46,8,0.12269999999999465
spread,47,1,0.5322499999999496
spread,47,8,0.10634999999999645
spread,56,1,0.30784999999997426
spread,56,8,0.12329999999999458
spread,57,1,0.3045499999999746
spread,57,8,0.1593999999999906
spread,58,1,0.3471999999999699
spread,58,8,0.11214999999999581
spread,59,1,0.5480999999999479
spread,59,8,0.08964999999999829
spread,52,1,0.501599999999953
spread,52,8,0.12809999999999405
spread,53,1,0.5472999999999479
spread,53,8,0.10279999999999684
spread,54,1,0.3471999999999699
spread,54,8,0.0985499999999973
spread,55,1,0.3483499999999698
spread,55,8,0.11789999999999518
spread,60,1,0.3391999999999708
spread,60,8,0.11659999999999532
spread,61,1,0.32684999999997216
spread,61,8,0.12144999999999478
spread,62,1,0.583449999999944
spread,62,8,0.1248999999999944
spread,63,1,0.3538499999999692
spread,63,8,0.10089999999999705
spread,64,1,0.32339999999997254
spread,64,8,0.12529999999999436
spread,65,1,0.5539499999999472
spread,65,8,0.1613499999999904
spread,66,1,0.328499999999972
spread,66,8,0.10629999999999645
spread,67,1,0.3317999999999716
spread,67,8,0.13784999999999298
spread,72,1,0.5712499999999453
spread,72,8,0.10609999999999647
spread,73,1,0.34339999999997034
spread,73,8,0.10119999999999701
spread,74,1,0.5710999999999453
spread,74,8,0.11659999999999532
spread,75,1,0.33404999999997137
spread,75,8,0.10749999999999632
spread,80,1,0.3472999999999699
spread,80,8,0.11379999999999563
spread,81,1,0.30869999999997416
spread,81,8,0.11254999999999576
spread,82,1,0.31709999999997324
spread,82,8,0.14439999999999226
spread,83,1,0.5670999999999458
spread,83,8,0.12554999999999433
spread,76,1,0.34589999999997006
spread,76,8,0.1540499999999912
spread,77,1,0.3764999999999667
spread,77,8,0.16529999999998995
spread,78,1,0.4907499999999541
spread,78,8,0.1250499999999944
spread,79,1,0.5913499999999431
spread,79,8,0.11574999999999541
spread,68,1,0.3203999999999729
spread,68,8,0.1838499999999879
spread,69,1,0.3157999999999734
spread,69,8,0.14284999999999243
spread,70,1,0.8660999999999128
spread,70,8,0.17344999999998906
spread,71,1,0.4987999999999532
spread,71,8,0.10389999999999672
spread,92,1,0.3254499999999723
spread,92,8,0.17184999999998923
spread,93,1,0.3426499999999704
spread,93,8,0.11779999999999519
spread,94,1,0.32714999999997213
spread,94,8,0.11644999999999534
spread,95,1,0.33509999999997125
spread,95,8,0.09574999999999761
spread,88,1,0.3117499999999738
spread,88,8,0.10109999999999703
spread,89,1,0.337499999999971
spread,89,8,0.11229999999999579
spread,90,1,0.6076999999999413
spread,90,8,0.11439999999999556
spread,91,1,0.3181999999999731
spread,91,8,0.14534999999999215
spread,96,1,0.5110999999999519
spread,96,8,0.12109999999999482
spread,97,1,0.5534999999999473
spread,97,8,0.09834999999999733
spread,98,1,0.3292999999999719
spread,98,8,0.16079999999999045
spread,99,1,0.328399999999972
spread,99,8,0.11514999999999548
spread,84,1,0.510199999999952
spread,84,8,0.10339999999999677
spread,85,1,0.401049999999964
spread,85,8,0.13089999999999374
spread,86,1,0.3056999999999745
spread,86,8,0.11884999999999507
spread,87,1,0.5435999999999483
spread,87,8,0.13904999999999285
