cell,arm,seed,condition,P,k,legacy_time_s,maxmin_time_s,maxmin_vs_legacy_pct,legacy_source,placement_digest,capacity_digest,route_digest,strict_flow_fraction,max_rate_ratio,reclaimed_edge_fraction,reclaimed_tick_fraction,max_reclaimed_fraction,maxmin_ticks,legacy_final_k_mean,maxmin_final_k_mean
N0,equal_k1,0,3tier_nb; no congestion,64,1,0.010749999999999963,0.010749999999999963,0.0,v10.1 frozen,02b8b93c846ec5f679f63d5afcacddba0972d2f5532fd0d0b699941360977e2e,5abd8f8f5ebc82c57e6a2d89ae8534ea4c2a9dae978bc2ec2e422703ca0457d5,a44b72396a5c349fb3a1c7a7a79e2c4361251991cd66306fcb91fa35144e1733,0.0,1.0,0.0,0.0,0.0,215.0,,
N0,equal_k8,0,3tier_nb; no congestion,64,8,0.005399999999999995,0.005399999999999995,0.0,v10.1 frozen,02b8b93c846ec5f679f63d5afcacddba0972d2f5532fd0d0b699941360977e2e,5abd8f8f5ebc82c57e6a2d89ae8534ea4c2a9dae978bc2ec2e422703ca0457d5,fb8820a2536a77f6774dc6e773f5e159b2c85f7a9f5f7e9327e5e1c1426bc0c9,0.0,1.0,0.0,0.0,0.0,108.0,,
N0,prop_k8,0,3tier_nb; no congestion,64,8,0.005399999999999995,0.005399999999999995,0.0,v11.1 frozen,02b8b93c846ec5f679f63d5afcacddba0972d2f5532fd0d0b699941360977e2e,5abd8f8f5ebc82c57e6a2d89ae8534ea4c2a9dae978bc2ec2e422703ca0457d5,fb8820a2536a77f6774dc6e773f5e159b2c85f7a9f5f7e9327e5e1c1426bc0c9,0.0,1.0,0.0,0.0,0.0,108.0,,
N0,equal_k1,199,3tier_nb; no congestion,64,1,0.010749999999999963,0.010749999999999963,0.0,v10.1 frozen,03f4b140352103e295a2451071d0278e0803aabedeb1ce6395201b94fa421600,5abd8f8f5ebc82c57e6a2d89ae8534ea4c2a9dae978bc2ec2e422703ca0457d5,c7bbd32229dc9962f411184f54f8b320b3c9974ba4bdf627ff6725fa84290b11,0.0,1.0,0.0,0.0,0.0,215.0,,
N0,equal_k8,199,3tier_nb; no congestion,64,8,0.008749999999999975,0.008749999999999975,0.0,v10.1 frozen,03f4b140352103e295a2451071d0278e0803aabedeb1ce6395201b94fa421600,5abd8f8f5ebc82c57e6a2d89ae8534ea4c2a9dae978bc2ec2e422703ca0457d5,be1ffacbafcb5fe93882faef69a711fed8fc5f4d06492f077db8e6c54a3a2519,0.08718427095292768,1.3846153846153846,0.09179446994290832,0.6057142857142858,0.19230769230769226,175.0,,
N0,prop_k8,199,3tier_nb; no congestion,64,8,0.006599999999999988,0.005399999999999995,-18.18181818181811,v11.1 frozen,03f4b140352103e295a2451071d0278e0803aabedeb1ce6395201b94fa421600,5abd8f8f5ebc82c57e6a2d89ae8534ea4c2a9dae978bc2ec2e422703ca0457d5,be1ffacbafcb5fe93882faef69a711fed8fc5f4d06492f077db8e6c54a3a2519,0.09765625,1.3846153846153846,0.10230352303523035,1.0,0.19230769230769226,108.0,,
N0,equal_k1,657,3tier_nb; no congestion,64,1,0.01614999999999995,0.01614999999999995,0.0,v10.1 frozen,934b6d31710cd2180845fef33495ac51455ed252da174d6626054752c7c5cbbe,5abd8f8f5ebc82c57e6a2d89ae8534ea4c2a9dae978bc2ec2e422703ca0457d5,dc062878c29b572f4d04f9f3cbfb1dae0635afa186eeea30b4c50853f732910d,0.0,1.0,0.0,0.0,0.0,323.0,,
N0,equal_k8,657,3tier_nb; no congestion,64,8,0.005399999999999995,0.005399999999999995,0.0,v10.1 frozen,934b6d31710cd2180845fef33495ac51455ed252da174d6626054752c7c5cbbe,5abd8f8f5ebc82c57e6a2d89ae8534ea4c2a9dae978bc2ec2e422703ca0457d5,9f94d6ccd95edfaed7e5ae9ab4d8a1806ba3795d2b8315070431ea72c5b81a57,0.0,1.0,0.0,0.0,0.0,108.0,,
N0,prop_k8,657,3tier_nb; no congestion,64,8,0.005399999999999995,0.005399999999999995,0.0,v11.1 frozen,934b6d31710cd2180845fef33495ac51455ed252da174d6626054752c7c5cbbe,5abd8f8f5ebc82c57e6a2d89ae8534ea4c2a9dae978bc2ec2e422703ca0457d5,9f94d6ccd95edfaed7e5ae9ab4d8a1806ba3795d2b8315070431ea72c5b81a57,0.0,1.0,0.0,0.0,0.0,108.0,,
O0,equal_k1,0,3tier_os4; no congestion,64,1,0.04295000000000072,0.04295000000000072,0.0,v10.1 frozen,02b8b93c846ec5f679f63d5afcacddba0972d2f5532fd0d0b699941360977e2e,b041c414a3dfa3a4fe4aa0d2f2bc35892cd097d6ff94645a7df5117e16a6aafc,a44b72396a5c349fb3a1c7a7a79e2c4361251991cd66306fcb91fa35144e1733,0.0,1.0,0.0,0.0,0.0,859.0,,
O0,equal_k8,0,3tier_os4; no congestion,64,8,0.010749999999999963,0.010749999999999963,0.0,v10.1 frozen,02b8b93c846ec5f679f63d5afcacddba0972d2f5532fd0d0b699941360977e2e,b041c414a3dfa3a4fe4aa0d2f2bc35892cd097d6ff94645a7df5117e16a6aafc,fb8820a2536a77f6774dc6e773f5e159b2c85f7a9f5f7e9327e5e1c1426bc0c9,0.20793672533041155,2.0,0.301479571060133,0.5023255813953489,0.5,215.0,,
O0,equal_k32,0,3tier_os4; no congestion,64,32,0.006749999999999987,0.006749999999999987,0.0,v10.1 frozen,02b8b93c846ec5f679f63d5afcacddba0972d2f5532fd0d0b699941360977e2e,b041c414a3dfa3a4fe4aa0d2f2bc35892cd097d6ff94645a7df5117e16a6aafc,f26b641168910966c989970d481d0d14e87ff15773e9a48c08e3ad496d8c358f,0.164708168744181,1.0346666666666666,0.203770422525123,0.7925925925925926,0.027083333333333282,135.0,,
O0,prop_k8,0,3tier_os4; no congestion,64,8,0.007399999999999983,0.006399999999999989,-13.513513513513464,v11.1 frozen,02b8b93c846ec5f679f63d5afcacddba0972d2f5532fd0d0b699941360977e2e,b041c414a3dfa3a4fe4aa0d2f2bc35892cd097d6ff94645a7df5117e16a6aafc,fb8820a2536a77f6774dc6e773f5e159b2c85f7a9f5f7e9327e5e1c1426bc0c9,0.2584938578031979,2.0,0.38392023223526445,0.859375,0.5,128.0,,
O0,prop_k16,0,3tier_os4; no congestion,64,16,0.005899999999999992,0.005399999999999995,-8.474576271186397,v11.1 frozen,02b8b93c846ec5f679f63d5afcacddba0972d2f5532fd0d0b699941360977e2e,b041c414a3dfa3a4fe4aa0d2f2bc35892cd097d6ff94645a7df5117e16a6aafc,659442d1d28acfbfdcd24f5042bb7d305051c7c2daeb94dd8621531ebb5b02a7,0.310546875,1.175,0.39864209505334625,1.0,0.09583333333333328,108.0,,
O0,equal_k1,353,3tier_os4; no congestion,64,1,0.04295000000000072,0.04295000000000072,0.0,v10.1 frozen,4b57020c93166e4052797c2c12c0400fd625af476c36ebd8b912a18cee8a7138,b041c414a3dfa3a4fe4aa0d2f2bc35892cd097d6ff94645a7df5117e16a6aafc,0c6a0815d53b36b19b68719280f2552e215961759926116179d1bcf213c8dfa6,0.0,1.0,0.0,0.0,0.0,859.0,,
O0,equal_k8,353,3tier_os4; no congestion,64,8,0.021500000000000102,0.021500000000000102,0.0,v10.1 frozen,4b57020c93166e4052797c2c12c0400fd625af476c36ebd8b912a18cee8a7138,b041c414a3dfa3a4fe4aa0d2f2bc35892cd097d6ff94645a7df5117e16a6aafc,5ea83495209b15f7a63c9c6b8c53b15475d586bd6abeb73b856492af95bcb7f0,0.22480238774640035,2.0,0.3207441881229004,0.2372093023255814,0.5,430.0,,
O0,equal_k32,353,3tier_os4; no congestion,64,32,0.008749999999999975,0.008749999999999975,0.0,v10.1 frozen,4b57020c93166e4052797c2c12c0400fd625af476c36ebd8b912a18cee8a7138,b041c414a3dfa3a4fe4aa0d2f2bc35892cd097d6ff94645a7df5117e16a6aafc,bf6904307922bb672fb8af5f750a7bd3d5649ddc1e36ae76d4b7725fb704ec15,0.17824392842791545,1.25,0.22072489064454354,0.6171428571428571,0.1,175.0,,
O0,prop_k8,353,3tier_os4; no congestion,64,8,0.0076499999999999815,0.0071499999999999845,-6.535947712418277,v11.1 frozen,4b57020c93166e4052797c2c12c0400fd625af476c36ebd8b912a18cee8a7138,b041c414a3dfa3a4fe4aa0d2f2bc35892cd097d6ff94645a7df5117e16a6aafc,5ea83495209b15f7a63c9c6b8c53b15475d586bd6abeb73b856492af95bcb7f0,0.30077781170849127,2.0,0.44232644183895403,1.0,0.5,143.0,,
O0,prop_k16,353,3tier_os4; no congestion,64,16,0.00629999999999999,0.005399999999999995,-14.285714285714224,v11.1 frozen,4b57020c93166e4052797c2c12c0400fd625af476c36ebd8b912a18cee8a7138,b041c414a3dfa3a4fe4aa0d2f2bc35892cd097d6ff94645a7df5117e16a6aafc,7ef4149717cd9aa4edfe5edf6b4d4b377a4c06bbeca380d5fde11510518cd6a9,0.34375,1.363636363636364,0.47347740667976423,1.0,0.15909090909090912,108.0,,
O0,equal_k1,174,3tier_os4; no congestion,64,1,0.04295000000000072,0.04295000000000072,0.0,v10.1 frozen,09e91827d1f3360e3eed3df218694c61b480bd0473ff15a7224fabfb508e6c9c,b041c414a3dfa3a4fe4aa0d2f2bc35892cd097d6ff94645a7df5117e16a6aafc,3c0825ad75e2da9f19a4fef45de553aadd77a54d65ab18fceba6b0d15dc78d48,0.0,1.0,0.0,0.0,0.0,859.0,,
O0,equal_k8,174,3tier_os4; no congestion,64,8,0.008099999999999979,0.008099999999999979,0.0,v10.1 frozen,09e91827d1f3360e3eed3df218694c61b480bd0473ff15a7224fabfb508e6c9c,b041c414a3dfa3a4fe4aa0d2f2bc35892cd097d6ff94645a7df5117e16a6aafc,2c13dd0cbb43223d3e4f26216bafbcc3295b3def2d607847686ef2d210fa76d9,0.20732932581782265,1.9999999999999998,0.30645581869701516,0.6234567901234568,0.49999999999999983,162.0,,
O0,equal_k32,174,3tier_os4; no congestion,64,32,0.006749999999999987,0.006749999999999987,0.0,v10.1 frozen,09e91827d1f3360e3eed3df218694c61b480bd0473ff15a7224fabfb508e6c9c,b041c414a3dfa3a4fe4aa0d2f2bc35892cd097d6ff94645a7df5117e16a6aafc,3e9dd0a5b51216c1e62c5aeb1adbb5d97cc9a8e40888cfbe9ad2d7709f9dc3aa,0.15835152764405147,1.0285714285714287,0.18705920885039484,0.7925925925925926,0.025000000000000154,135.0,,
O0,prop_k8,174,3tier_os4; no congestion,64,8,0.006799999999999987,0.00629999999999999,-7.352941176470562,v11.1 frozen,09e91827d1f3360e3eed3df218694c61b480bd0473ff15a7224fabfb508e6c9c,b041c414a3dfa3a4fe4aa0d2f2bc35892cd097d6ff94645a7df5117e16a6aafc,2c13dd0cbb43223d3e4f26216bafbcc3295b3def2d607847686ef2d210fa76d9,0.26818778903424323,1.9999999999999998,0.40989159891598914,0.8571428571428571,0.49999999999999983,126.0,,
O0,prop_k16,174,3tier_os4; no congestion,64,16,0.005699999999999993,0.005399999999999995,-5.263157894736814,v11.1 frozen,09e91827d1f3360e3eed3df218694c61b480bd0473ff15a7224fabfb508e6c9c,b041c414a3dfa3a4fe4aa0d2f2bc35892cd097d6ff94645a7df5117e16a6aafc,11e649618af606d3090e4a4933efe44aa38ae732d5e1554327aaaa9cb53cd949,0.2587890625,1.0866666666666667,0.32318840579710145,1.0,0.05416666666666672,108.0,,
C10,baseline,0,3tier_nb; onoff af=0.1,64,1,0.06005000000000121,0.06005000000000121,0.0,v5.5 frozen,02b8b93c846ec5f679f63d5afcacddba0972d2f5532fd0d0b699941360977e2e,5abd8f8f5ebc82c57e6a2d89ae8534ea4c2a9dae978bc2ec2e422703ca0457d5,a44b72396a5c349fb3a1c7a7a79e2c4361251991cd66306fcb91fa35144e1733,0.024892208964203348,1.8997872896813062,0.025962933750506578,0.5045795170691091,0.4498936448406531,1201.0,,
C10,static(k=4),0,3tier_nb; onoff af=0.1,64,4,0.04205000000000069,0.04160000000000068,-1.0701545778834864,v5.5 frozen,02b8b93c846ec5f679f63d5afcacddba0972d2f5532fd0d0b699941360977e2e,5abd8f8f5ebc82c57e6a2d89ae8534ea4c2a9dae978bc2ec2e422703ca0457d5,0a438b5bf9c7be96225ec9f16bbb148f0820480ebf786d56a397d2fb29bcd070,0.21489925054974646,3.756445766725221,0.25340453545040087,0.6009615384615384,0.7234910242067575,832.0,,
C10,adaptive,0,3tier_nb; onoff af=0.1,64,4,0.042550000000000705,0.04035000000000064,-5.170387779083496,v5.5 frozen,02b8b93c846ec5f679f63d5afcacddba0972d2f5532fd0d0b699941360977e2e,5abd8f8f5ebc82c57e6a2d89ae8534ea4c2a9dae978bc2ec2e422703ca0457d5,0a438b5bf9c7be96225ec9f16bbb148f0820480ebf786d56a397d2fb29bcd070,0.1439281017097764,2.8398526100219477,0.1571636534807092,0.8884758364312267,0.6327268671805426,807.0,2.15625,2.078125
C10,baseline,278,3tier_nb; onoff af=0.1,64,1,0.06465000000000104,0.06465000000000104,0.0,v5.5 frozen,2a6ee211be06d167e0599da451ac211f9fb6b45dba70d279194b69e4326c56a2,5abd8f8f5ebc82c57e6a2d89ae8534ea4c2a9dae978bc2ec2e422703ca0457d5,25d64a184c2826f2bbef8561c93c437234076e1176c9178baaae63cf036d4fad,0.012846184652352053,1.8985155225146197,0.013267578746420617,0.3225058004640371,0.44925776125730993,1293.0,,
C10,static(k=4),278,3tier_nb; onoff af=0.1,64,4,0.046050000000000806,0.046050000000000806,0.0,v5.5 frozen,2a6ee211be06d167e0599da451ac211f9fb6b45dba70d279194b69e4326c56a2,5abd8f8f5ebc82c57e6a2d89ae8534ea4c2a9dae978bc2ec2e422703ca0457d5,4005dc7245fd4fddc759c83fadd358605ed2c4ab3a3ad9634e7061078d464e3f,0.1850228472561111,3.7765133116691576,0.21873847374932884,0.5266015200868621,0.6941283279172894,921.0,,
C10,adaptive,278,3tier_nb; onoff af=0.1,64,4,0.038300000000000584,0.03675000000000054,-4.046997389034002,v5.5 frozen,2a6ee211be06d167e0599da451ac211f9fb6b45dba70d279194b69e4326c56a2,5abd8f8f5ebc82c57e6a2d89ae8534ea4c2a9dae978bc2ec2e422703ca0457d5,4005dc7245fd4fddc759c83fadd358605ed2c4ab3a3ad9634e7061078d464e3f,0.07255673394913902,2.846739168650882,0.07241794482542009,0.8775510204081632,0.6354643893740711,735.0,1.5,1.453125
C10,baseline,852,3tier_nb; onoff af=0.1,64,1,0.08579999999999871,0.08579999999999871,0.0,v5.5 frozen,d0c9504611f7a4c71b9ddb063c561d9601fcecacc58777988a6a00330bfd716f,5abd8f8f5ebc82c57e6a2d89ae8534ea4c2a9dae978bc2ec2e422703ca0457d5,a92be65b309e4f5403ddbb00aaca724151c1203344962f35565ca97b6bf856f0,0.08253941128722177,1.899964227361762,0.08610457040563929,0.479020979020979,0.4731307126465933,1716.0,,
C10,static(k=4),852,3tier_nb; onoff af=0.1,64,4,0.03850000000000059,0.038300000000000584,-0.5194805194805308,v5.5 frozen,d0c9504611f7a4c71b9ddb063c561d9601fcecacc58777988a6a00330bfd716f,5abd8f8f5ebc82c57e6a2d89ae8534ea4c2a9dae978bc2ec2e422703ca0457d5,913393790b9a51c94bb76790d0dc0cde6e7a7d24721d32e2818a02d0f5717d8b,0.2380764151536658,3.4220620125458785,0.27521175011125115,0.6710182767624021,0.6055155031364696,766.0,,
C10,adaptive,852,3tier_nb; onoff af=0.1,64,4,0.05015000000000092,0.04895000000000089,-2.392821535393841,v5.5 frozen,d0c9504611f7a4c71b9ddb063c561d9601fcecacc58777988a6a00330bfd716f,5abd8f8f5ebc82c57e6a2d89ae8534ea4c2a9dae978bc2ec2e422703ca0457d5,913393790b9a51c94bb76790d0dc0cde6e7a7d24721d32e2818a02d0f5717d8b,0.18572160741064142,2.8493692384583515,0.21498117616513046,0.7221654749744637,0.6164564128194505,979.0,2.625,2.46875
C50,baseline,0,3tier_nb; onoff af=0.5,64,1,0.12509999999999438,0.12509999999999438,0.0,v5.5 frozen,02b8b93c846ec5f679f63d5afcacddba0972d2f5532fd0d0b699941360977e2e,5abd8f8f5ebc82c57e6a2d89ae8534ea4c2a9dae978bc2ec2e422703ca0457d5,a44b72396a5c349fb3a1c7a7a79e2c4361251991cd66306fcb91fa35144e1733,0.022342826709949026,1.8991344667463026,0.02297301995688756,0.4892086330935252,0.47004383624543666,2502.0,,
C50,static(k=4),0,3tier_nb; onoff af=0.5,64,4,0.08869999999999839,0.07869999999999949,-11.273957158961757,v5.5 frozen,02b8b93c846ec5f679f63d5afcacddba0972d2f5532fd0d0b699941360977e2e,5abd8f8f5ebc82c57e6a2d89ae8534ea4c2a9dae978bc2ec2e422703ca0457d5,0a438b5bf9c7be96225ec9f16bbb148f0820480ebf786d56a397d2fb29bcd070,0.295356327310865,4.33933870135712,0.37356923027213906,0.6912325285895807,0.7394806673934542,1574.0,,
C50,adaptive,0,3tier_nb; onoff af=0.5,64,4,0.05805000000000115,0.05205000000000098,-10.335917312661591,v5.5 frozen,02b8b93c846ec5f679f63d5afcacddba0972d2f5532fd0d0b699941360977e2e,5abd8f8f5ebc82c57e6a2d89ae8534ea4c2a9dae978bc2ec2e422703ca0457d5,0a438b5bf9c7be96225ec9f16bbb148f0820480ebf786d56a397d2fb29bcd070,0.18497222492934412,3.9764840463692024,0.22044788538764878,0.9221902017291066,0.6732509968767998,1041.0,3.4375,3.390625
C50,baseline,462,3tier_nb; onoff af=0.5,64,1,0.12454999999999444,0.12179999999999475,-2.2079486150139105,v5.5 frozen,dd7a8dcb1959ea05ed757ecab37a5d1cb08fb66074f92420518f79768f5b6c56,5abd8f8f5ebc82c57e6a2d89ae8534ea4c2a9dae978bc2ec2e422703ca0457d5,5d1bc1413f7525957a6791acd5945ac5493348b1fd85c90b920a1104fc55eaed,0.03024747937671861,1.8996995468056994,0.031684312849749104,0.5685550082101807,0.4699398775232676,2436.0,,
C50,static(k=4),462,3tier_nb; onoff af=0.5,64,4,0.0731500000000001,0.07150000000000029,-2.255639097744111,v5.5 frozen,dd7a8dcb1959ea05ed757ecab37a5d1cb08fb66074f92420518f79768f5b6c56,5abd8f8f5ebc82c57e6a2d89ae8534ea4c2a9dae978bc2ec2e422703ca0457d5,445abb6b14751498c2bda19b5a6e4488c555baa355f94f9bcc44926d5af4d62e,0.2772259860992348,3.8497075074847107,0.3619794926303564,0.7104895104895105,0.7364366196930106,1430.0,,
C50,adaptive,462,3tier_nb; onoff af=0.5,64,4,0.07639999999999975,0.0741,-3.0104712041881587,v5.5 frozen,dd7a8dcb1959ea05ed757ecab37a5d1cb08fb66074f92420518f79768f5b6c56,5abd8f8f5ebc82c57e6a2d89ae8534ea4c2a9dae978bc2ec2e422703ca0457d5,445abb6b14751498c2bda19b5a6e4488c555baa355f94f9bcc44926d5af4d62e,0.16915561914555902,3.4804710402583106,0.20697957048796997,0.7537112010796221,0.6415054316899884,1482.0,3.328125,3.25
C50,baseline,869,3tier_nb; onoff af=0.5,64,1,0.18969999999998727,0.17919999999998842,-5.5350553505532645,v5.5 frozen,bcf7ac37d1545c98bd63abdabd8f40ccb275623b0462f62efe094013b625179e,5abd8f8f5ebc82c57e6a2d89ae8534ea4c2a9dae978bc2ec2e422703ca0457d5,27767ce5cd9baa2dec5962f2307da0a4806415ae0a4541c87b4efd250d5c9db1,0.026316356893354608,2.5798724041126624,0.025026813100946864,0.3970424107142857,0.5266241347042208,3584.0,,
C50,static(k=4),869,3tier_nb; onoff af=0.5,64,4,0.06555000000000094,0.06045000000000122,-7.780320366132187,v5.5 frozen,bcf7ac37d1545c98bd63abdabd8f40ccb275623b0462f62efe094013b625179e,5abd8f8f5ebc82c57e6a2d89ae8534ea4c2a9dae978bc2ec2e422703ca0457d5,54b7cfe5f1c0ef2ee3f449fc8519a819f5ae6d2125703aeb8d8c3b13ff346aff,0.31444733291149857,3.872059225211604,0.39056762123104005,0.7229114971050455,0.7399066818743637,1209.0,,
C50,adaptive,869,3tier_nb; onoff af=0.5,64,4,0.064950000000001,0.06430000000000108,-1.0007698229405948,v5.5 frozen,bcf7ac37d1545c98bd63abdabd8f40ccb275623b0462f62efe094013b625179e,5abd8f8f5ebc82c57e6a2d89ae8534ea4c2a9dae978bc2ec2e422703ca0457d5,54b7cfe5f1c0ef2ee3f449fc8519a819f5ae6d2125703aeb8d8c3b13ff346aff,0.1907694376927437,3.4271307932187103,0.23329032486516513,0.7348367029548989,0.6421434243424955,1286.0,3.921875,3.828125
B1000,k1_rate0,0,3tier_nb; background=0 fps,16,1,0.04050000000000065,0.04050000000000065,0.0,v13.0 frozen,37c8432e7e1de92c24cadb7af2950de4263654719dddeeff74b4124657e22388,5abd8f8f5ebc82c57e6a2d89ae8534ea4c2a9dae978bc2ec2e422703ca0457d5,d2b6a5247c5e1c0bd1db736fdae98e9ea07736b23d59875c5cc3b6df49d3f44e,0.0,1.0,0.0,0.0,0.0,810.0,,
B1000,k1_rate1000,0,3tier_nb; background=1000 fps,16,1,0.04760000000000085,0.04760000000000085,0.0,v13.0 frozen,37c8432e7e1de92c24cadb7af2950de4263654719dddeeff74b4124657e22388,5abd8f8f5ebc82c57e6a2d89ae8534ea4c2a9dae978bc2ec2e422703ca0457d5,d2b6a5247c5e1c0bd1db736fdae98e9ea07736b23d59875c5cc3b6df49d3f44e,0.008008191026438,1.6,0.010193800746755171,0.40756302521008403,0.3,952.0,,
B1000,k4_rate0,0,3tier_nb; background=0 fps,16,4,0.04050000000000065,0.04050000000000065,0.0,v13.0 frozen,37c8432e7e1de92c24cadb7af2950de4263654719dddeeff74b4124657e22388,5abd8f8f5ebc82c57e6a2d89ae8534ea4c2a9dae978bc2ec2e422703ca0457d5,ff29995da232d52b024daabe1935c3f2d9c096be69320298435026ed0f9db32e,0.0,1.0,0.0,0.0,0.0,810.0,,
B1000,k4_rate1000,0,3tier_nb; background=1000 fps,16,4,0.042550000000000705,0.042550000000000705,0.0,v13.0 frozen,37c8432e7e1de92c24cadb7af2950de4263654719dddeeff74b4124657e22388,5abd8f8f5ebc82c57e6a2d89ae8534ea4c2a9dae978bc2ec2e422703ca0457d5,ff29995da232d52b024daabe1935c3f2d9c096be69320298435026ed0f9db32e,0.003512525892054559,3.75,0.006853563701832156,0.6615746180963572,0.5625,851.0,,
B1000,k1_rate0,484,3tier_nb; background=0 fps,16,1,0.04050000000000065,0.04050000000000065,0.0,v13.0 frozen,5923002714a4a541d2b6f6e4e84522ec169f6fcf01dc6671b6fa0cff8929f715,5abd8f8f5ebc82c57e6a2d89ae8534ea4c2a9dae978bc2ec2e422703ca0457d5,fd421235d3ccb110016d01dcd320311f3b989c726d805f9dde3acb121116cadc,0.0,1.0,0.0,0.0,0.0,810.0,,
B1000,k1_rate1000,484,3tier_nb; background=1000 fps,16,1,0.05175000000000097,0.05175000000000097,0.0,v13.0 frozen,5923002714a4a541d2b6f6e4e84522ec169f6fcf01dc6671b6fa0cff8929f715,5abd8f8f5ebc82c57e6a2d89ae8534ea4c2a9dae978bc2ec2e422703ca0457d5,fd421235d3ccb110016d01dcd320311f3b989c726d805f9dde3acb121116cadc,0.007338969755077138,1.8,0.010033096187423448,0.34202898550724636,0.3,1035.0,,
B1000,k4_rate0,484,3tier_nb; background=0 fps,16,4,0.04050000000000065,0.04050000000000065,0.0,v13.0 frozen,5923002714a4a541d2b6f6e4e84522ec169f6fcf01dc6671b6fa0cff8929f715,5abd8f8f5ebc82c57e6a2d89ae8534ea4c2a9dae978bc2ec2e422703ca0457d5,e93b46da170eb6b351bfe910d007efca814eb29149fad69d335eefb450d04d9c,0.0,1.0,0.0,0.0,0.0,810.0,,
B1000,k4_rate1000,484,3tier_nb; background=1000 fps,16,4,0.04490000000000077,0.04490000000000077,0.0,v13.0 frozen,5923002714a4a541d2b6f6e4e84522ec169f6fcf01dc6671b6fa0cff8929f715,5abd8f8f5ebc82c57e6a2d89ae8534ea4c2a9dae978bc2ec2e422703ca0457d5,e93b46da170eb6b351bfe910d007efca814eb29149fad69d335eefb450d04d9c,0.0037704831857476692,3.8235294117647065,0.008199780421257831,0.5567928730512249,0.5647058823529413,898.0,,
B1000,k1_rate0,731,3tier_nb; background=0 fps,16,1,0.04050000000000065,0.04050000000000065,0.0,v13.0 frozen,fb61bc8a762d4f2b614689234208695b557a41ddb74c6c64a01006582aee1d32,5abd8f8f5ebc82c57e6a2d89ae8534ea4c2a9dae978bc2ec2e422703ca0457d5,e2401b93415de38e09de50920b62218e5913dfa2e368c0b01b76b59597d39887,0.0,1.0,0.0,0.0,0.0,810.0,,
B1000,k1_rate1000,731,3tier_nb; background=1000 fps,16,1,0.053700000000001025,0.053700000000001025,0.0,v13.0 frozen,fb61bc8a762d4f2b614689234208695b557a41ddb74c6c64a01006582aee1d32,5abd8f8f5ebc82c57e6a2d89ae8534ea4c2a9dae978bc2ec2e422703ca0457d5,e2401b93415de38e09de50920b62218e5913dfa2e368c0b01b76b59597d39887,0.018852256263472207,1.666666666666667,0.017960837874872234,0.24208566108007448,0.33333333333333354,1074.0,,
B1000,k4_rate0,731,3tier_nb; background=0 fps,16,4,0.04050000000000065,0.04050000000000065,0.0,v13.0 frozen,fb61bc8a762d4f2b614689234208695b557a41ddb74c6c64a01006582aee1d32,5abd8f8f5ebc82c57e6a2d89ae8534ea4c2a9dae978bc2ec2e422703ca0457d5,34563512cffb86a1dc13dc8c67a0eab8c41204299040f478c4f9f4190c9eb6c6,0.0,1.0,0.0,0.0,0.0,810.0,,
B1000,k4_rate1000,731,3tier_nb; background=1000 fps,16,4,0.043900000000000744,0.043900000000000744,0.0,v13.0 frozen,fb61bc8a762d4f2b614689234208695b557a41ddb74c6c64a01006582aee1d32,5abd8f8f5ebc82c57e6a2d89ae8534ea4c2a9dae978bc2ec2e422703ca0457d5,34563512cffb86a1dc13dc8c67a0eab8c41204299040f478c4f9f4190c9eb6c6,0.016173185846282058,3.333333333333333,0.01970659483055117,0.3690205011389522,0.5835375816993463,878.0,,
XOH,equal_k1,0,3tier_os4; hot_spot af=0.3,16,1,0.10834999999999623,0.10834999999999623,0.0,gate recomputation,37c8432e7e1de92c24cadb7af2950de4263654719dddeeff74b4124657e22388,b041c414a3dfa3a4fe4aa0d2f2bc35892cd097d6ff94645a7df5117e16a6aafc,d2b6a5247c5e1c0bd1db736fdae98e9ea07736b23d59875c5cc3b6df49d3f44e,0.0,1.0000000000000004,0.0,0.0,0.0,2167.0,,
XOH,equal_k8,0,3tier_os4; hot_spot af=0.3,16,8,0.027200000000000266,0.027100000000000263,-0.3676470588235392,gate recomputation,37c8432e7e1de92c24cadb7af2950de4263654719dddeeff74b4124657e22388,b041c414a3dfa3a4fe4aa0d2f2bc35892cd097d6ff94645a7df5117e16a6aafc,2f7cb220a5567a9dd24965f9f31c2cd1b1f1c405a6fe8f77332892c005997dd1,0.14228502002429916,2.6931877009485485,0.178875766183286,0.5276752767527675,0.607189347445798,542.0,,
XOH,prop_k8,0,3tier_os4; hot_spot af=0.3,16,8,0.011049999999999961,0.008999999999999973,-18.552036199094978,gate recomputation,37c8432e7e1de92c24cadb7af2950de4263654719dddeeff74b4124657e22388,b041c414a3dfa3a4fe4aa0d2f2bc35892cd097d6ff94645a7df5117e16a6aafc,2f7cb220a5567a9dd24965f9f31c2cd1b1f1c405a6fe8f77332892c005997dd1,0.2849963226280951,2.7895429573962898,0.3936509133409995,0.9722222222222222,0.641518336418313,180.0,,
XOH,equal_k1,1,3tier_os4; hot_spot af=0.3,16,1,0.08109999999999923,0.08109999999999923,0.0,gate recomputation,57ddb373795121d640976e60dc03fd1d506993e84bcc45ccf38756a597713dc0,b041c414a3dfa3a4fe4aa0d2f2bc35892cd097d6ff94645a7df5117e16a6aafc,e04bbec6d86fe8233a8c601d8aba11d8dca35594b524551d6c7fd8cd5ea878dc,0.0,1.0000000000000004,0.0,0.0,0.0,1622.0,,
XOH,equal_k8,1,3tier_os4; hot_spot af=0.3,16,8,0.021650000000000107,0.021150000000000092,-2.309468822170957,gate recomputation,57ddb373795121d640976e60dc03fd1d506993e84bcc45ccf38756a597713dc0,b041c414a3dfa3a4fe4aa0d2f2bc35892cd097d6ff94645a7df5117e16a6aafc,00f697d2a3f60b22953bf897857c9950985793bd996a5795c925f78fd0e4758b,0.23782852218871176,3.168316372818097,0.28145226676194535,0.6784869976359338,0.6793114030059731,423.0,,
XOH,prop_k8,1,3tier_os4; hot_spot af=0.3,16,8,0.01109999999999996,0.0076499999999999815,-31.08108108108101,gate recomputation,57ddb373795121d640976e60dc03fd1d506993e84bcc45ccf38756a597713dc0,b041c414a3dfa3a4fe4aa0d2f2bc35892cd097d6ff94645a7df5117e16a6aafc,00f697d2a3f60b22953bf897857c9950985793bd996a5795c925f78fd0e4758b,0.43404370110601564,2.933419892564648,0.5341335795629425,0.954248366013072,0.6054300272534355,153.0,,
XOH,equal_k1,2,3tier_os4; hot_spot af=0.3,16,1,0.08089999999999925,0.08089999999999925,0.0,gate recomputation,8b00c9e94ddcc844f56411f485ebdfdae519f692f5941bec8a49e861554bf45e,b041c414a3dfa3a4fe4aa0d2f2bc35892cd097d6ff94645a7df5117e16a6aafc,fb21fc7af9816622d829794f6ab8fef7c292806e9f9142210f9490fd57fef127,0.0,1.0000000000000004,0.0,0.0,0.0,1618.0,,
XOH,equal_k8,2,3tier_os4; hot_spot af=0.3,16,8,0.020950000000000087,0.020300000000000068,-3.102625298329431,gate recomputation,8b00c9e94ddcc844f56411f485ebdfdae519f692f5941bec8a49e861554bf45e,b041c414a3dfa3a4fe4aa0d2f2bc35892cd097d6ff94645a7df5117e16a6aafc,1be72a717d3b16dbf35eb9385b24df8e5574bc96b4359e0d7fa747a2bf566ec0,0.23976176412679662,2.2574389593804414,0.27593915026404225,0.5886699507389163,0.5512170785791741,406.0,,
XOH,prop_k8,2,3tier_os4; hot_spot af=0.3,16,8,0.010049999999999967,0.00964999999999997,-3.980099502487555,gate recomputation,8b00c9e94ddcc844f56411f485ebdfdae519f692f5941bec8a49e861554bf45e,b041c414a3dfa3a4fe4aa0d2f2bc35892cd097d6ff94645a7df5117e16a6aafc,1be72a717d3b16dbf35eb9385b24df8e5574bc96b4359e0d7fa747a2bf566ec0,0.40183355930014847,2.228248786371029,0.49151182171738994,0.8238341968911918,0.5512170785791741,193.0,,
