fabric,P,k,seed,condition,flows,lower_bound_violations,strict_flow_fraction,mean_rate_ratio,max_rate_ratio,sum_rate_ratio,placement_digest,capacity_digest,route_digest
3tier_nb,16,2,0,none,32,0,0.0,1.0,1.0,1.0,37c8432e7e1de92c24cadb7af2950de4263654719dddeeff74b4124657e22388,5abd8f8f5ebc82c57e6a2d89ae8534ea4c2a9dae978bc2ec2e422703ca0457d5,726868e37bd5133a24313454fda4244572b0d3121a1c1b54db0143c057a8ec82
3tier_nb,16,2,0,hot_spot,32,0,0.21875,1.1346960227189529,1.8698639076686707,1.2211007315503322,37c8432e7e1de92c24cadb7af2950de4263654719dddeeff74b4124657e22388,5abd8f8f5ebc82c57e6a2d89ae8534ea4c2a9dae978bc2ec2e422703ca0457d5,726868e37bd5133a24313454fda4244572b0d3121a1c1b54db0143c057a8ec82
3tier_nb,16,2,1,none,32,0,0.0,1.0,1.0,1.0,57ddb373795121d640976e60dc03fd1d506993e84bcc45ccf38756a597713dc0,5abd8f8f5ebc82c57e6a2d89ae8534ea4c2a9dae978bc2ec2e422703ca0457d5,2d85ba8248e52b231285c441ef46c3218dbe9d263b9b8724986e7944a368b88b
3tier_nb,16,2,1,hot_spot,32,0,0.1875,1.0703067476499744,1.7196683032406033,1.0969612044049817,57ddb373795121d640976e60dc03fd1d506993e84bcc45ccf38756a597713dc0,5abd8f8f5ebc82c57e6a2d89ae8534ea4c2a9dae978bc2ec2e422703ca0457d5,2d85ba8248e52b231285c441ef46c3218dbe9d263b9b8724986e7944a368b88b
3tier_nb,16,2,2,none,32,0,0.0,1.0,1.0,1.0,8b00c9e94ddcc844f56411f485ebdfdae519f692f5941bec8a49e861554bf45e,5abd8f8f5ebc82c57e6a2d89ae8534ea4c2a9dae978bc2ec2e422703ca0457d5,247a1d8d018f06a2e7916ce97798215e507accde6d436ad75448663273310470
3tier_nb,16,2,2,hot_spot,32,0,0.125,1.0716888168538883,1.8680831739576258,1.1265957009725023,8b00c9e94ddcc844f56411f485ebdfdae519f692f5941bec8a49e861554bf45e,5abd8f8f5ebc82c57e6a2d89ae8534ea4c2a9dae978bc2ec2e422703ca0457d5,247a1d8d018f06a2e7916ce97798215e507accde6d436ad75448663273310470
3tier_nb,16,2,3,none,32,0,0.0,1.0,1.0,1.0,e361216e608ac3ab5d22ad6cfe831725313c8ece5bb4aaddc0a916ef25160dcb,5abd8f8f5ebc82c57e6a2d89ae8534ea4c2a9dae978bc2ec2e422703ca0457d5,4d0ed3e309d7c61143ea6b1c7b9e464675ffd0d6b2adc81f2861baf09071973c
3tier_nb,16,2,3,hot_spot,32,0,0.125,1.082334875706014,1.8272536804227173,1.131160467134911,e361216e608ac3ab5d22ad6cfe831725313c8ece5bb4aaddc0a916ef25160dcb,5abd8f8f5ebc82c57e6a2d89ae8534ea4c2a9dae978bc2ec2e422703ca0457d5,4d0ed3e309d7c61143ea6b1c7b9e464675ffd0d6b2adc81f2861baf09071973c
3tier_nb,16,2,4,none,32,0,0.0,1.0,1.0,1.0,f5a19348b3a14ea01ebb742edafdad5ec5b2d1c5b858ed381cd1d4c81c628cf7,5abd8f8f5ebc82c57e6a2d89ae8534ea4c2a9dae978bc2ec2e422703ca0457d5,cd1a5c1c2dfb10fd4c881c6a7ce40015430a92a07f41510c484b9a1c303021a3
3tier_nb,16,2,4,hot_spot,32,0,0.21875,1.1079611166816268,1.891046835575941,1.1795704184754574,f5a19348b3a14ea01ebb742edafdad5ec5b2d1c5b858ed381cd1d4c81c628cf7,5abd8f8f5ebc82c57e6a2d89ae8534ea4c2a9dae978bc2ec2e422703ca0457d5,cd1a5c1c2dfb10fd4c881c6a7ce40015430a92a07f41510c484b9a1c303021a3
3tier_nb,16,2,5,none,32,0,0.0,1.0,1.0,1.0,5f63580c45423263c6ba56a11e2d9e6b95bc56d08551e54c7fcc3c42212c46fc,5abd8f8f5ebc82c57e6a2d89ae8534ea4c2a9dae978bc2ec2e422703ca0457d5,fad2d934c945c7422b5745e1209dbe32f0537bf27f63aecf3f55445755a670af
3tier_nb,16,2,5,hot_spot,32,0,0.09375,1.0447329546049122,1.7027669130192187,1.0646677793752988,5f63580c45423263c6ba56a11e2d9e6b95bc56d08551e54c7fcc3c42212c46fc,5abd8f8f5ebc82c57e6a2d89ae8534ea4c2a9dae978bc2ec2e422703ca0457d5,fad2d934c945c7422b5745e1209dbe32f0537bf27f63aecf3f55445755a670af
3tier_nb,16,2,6,none,32,0,0.0,1.0,1.0,1.0,209f4e1d2838c3ac7a4519de08033a6427d715dc84de61b67fc0fd23a02b1281,5abd8f8f5ebc82c57e6a2d89ae8534ea4c2a9dae978bc2ec2e422703ca0457d5,264bf13e1762450757d6ed0c729501e5b4ed9dae8614d5ef543cffe300f93007
3tier_nb,16,2,6,hot_spot,32,0,0.15625,1.1008637550335412,1.8475973114413906,1.174709734037408,209f4e1d2838c3ac7a4519de08033a6427d715dc84de61b67fc0fd23a02b1281,5abd8f8f5ebc82c57e6a2d89ae8534ea4c2a9dae978bc2ec2e422703ca0457d5,264bf13e1762450757d6ed0c729501e5b4ed9dae8614d5ef543cffe300f93007
3tier_nb,16,2,7,none,32,0,0.0,1.0,1.0,1.0,88d33129c37f78760736e66f9740065d66359ed1c63f0bac2b21bc93d0bab7cf,5abd8f8f5ebc82c57e6a2d89ae8534ea4c2a9dae978bc2ec2e422703ca0457d5,692d26ba55524ab182ca7476b6aabd09b039a4dd7f3c94d0e7eefc212994d7dd
3tier_nb,16,2,7,hot_spot,32,0,0.1875,1.0791426184510744,1.6702424618487173,1.1304688554069287,88d33129c37f78760736e66f9740065d66359ed1c63f0bac2b21bc93d0bab7cf,5abd8f8f5ebc82c57e6a2d89ae8534ea4c2a9dae978bc2ec2e422703ca0457d5,692d26ba55524ab182ca7476b6aabd09b039a4dd7f3c94d0e7eefc212994d7dd
3tier_nb,16,2,8,none,32,0,0.0,1.0,1.0,1.0,f61358edc45ff2a59760af9938e4d46738bc27f11da529eafc5624d29cf7a169,5abd8f8f5ebc82c57e6a2d89ae8534ea4c2a9dae978bc2ec2e422703ca0457d5,376fc8c6c3eff9fabb84c99522bb716570fa62751fd47934e4f115c916b91a96
3tier_nb,16,2,8,hot_spot,32,0,0.21875,1.1063008923093578,1.8696434366220342,1.1796136504539447,f61358edc45ff2a59760af9938e4d46738bc27f11da529eafc5624d29cf7a169,5abd8f8f5ebc82c57e6a2d89ae8534ea4c2a9dae978bc2ec2e422703ca0457d5,376fc8c6c3eff9fabb84c99522bb716570fa62751fd47934e4f115c916b91a96
3tier_nb,16,2,9,none,32,0,0.0,1.0,1.0,1.0,d29d659b532ffb307f17cfe7326910681b9c77bad1430e411aa2bf882ccf541f,5abd8f8f5ebc82c57e6a2d89ae8534ea4c2a9dae978bc2ec2e422703ca0457d5,e043b4daf0b1816e870d39fefdc3f3ae175836a37cbae7e78498dfe198d58398
3tier_nb,16,2,9,hot_spot,32,0,0.1875,1.0960022703442738,1.7883804030708914,1.162586806527712,d29d659b532ffb307f17cfe7326910681b9c77bad1430e411aa2bf882ccf541f,5abd8f8f5ebc82c57e6a2d89ae8534ea4c2a9dae978bc2ec2e422703ca0457d5,e043b4daf0b1816e870d39fefdc3f3ae175836a37cbae7e78498dfe198d58398
3tier_nb,16,8,0,none,128,0,0.0,1.0,1.0,1.0,37c8432e7e1de92c24cadb7af2950de4263654719dddeeff74b4124657e22388,5abd8f8f5ebc82c57e6a2d89ae8534ea4c2a9dae978bc2ec2e422703ca0457d5,2f7cb220a5567a9dd24965f9f31c2cd1b1f1c405a6fe8f77332892c005997dd1
3tier_nb,16,8,0,hot_spot,128,0,0.6328125,1.0872871827656816,1.4349165728559925,1.0956348822077215,37c8432e7e1de92c24cadb7af2950de4263654719dddeeff74b4124657e22388,5abd8f8f5ebc82c57e6a2d89ae8534ea4c2a9dae978bc2ec2e422703ca0457d5,2f7cb220a5567a9dd24965f9f31c2cd1b1f1c405a6fe8f77332892c005997dd1
3tier_nb,16,8,1,none,128,0,0.0,1.0,1.0,1.0,57ddb373795121d640976e60dc03fd1d506993e84bcc45ccf38756a597713dc0,5abd8f8f5ebc82c57e6a2d89ae8534ea4c2a9dae978bc2ec2e422703ca0457d5,00f697d2a3f60b22953bf897857c9950985793bd996a5795c925f78fd0e4758b
3tier_nb,16,8,1,hot_spot,128,0,0.5,1.0893662254599275,2.3118120090865792,1.098130055705561,57ddb373795121d640976e60dc03fd1d506993e84bcc45ccf38756a597713dc0,5abd8f8f5ebc82c57e6a2d89ae8534ea4c2a9dae978bc2ec2e422703ca0457d5,00f697d2a3f60b22953bf897857c9950985793bd996a5795c925f78fd0e4758b
3tier_nb,16,8,2,none,128,0,0.0,1.0,1.0,1.0,8b00c9e94ddcc844f56411f485ebdfdae519f692f5941bec8a49e861554bf45e,5abd8f8f5ebc82c57e6a2d89ae8534ea4c2a9dae978bc2ec2e422703ca0457d5,1be72a717d3b16dbf35eb9385b24df8e5574bc96b4359e0d7fa747a2bf566ec0
3tier_nb,16,8,2,hot_spot,128,0,0.34375,1.0842233294581518,1.9820523808110024,1.093208660117113,8b00c9e94ddcc844f56411f485ebdfdae519f692f5941bec8a49e861554bf45e,5abd8f8f5ebc82c57e6a2d89ae8534ea4c2a9dae978bc2ec2e422703ca0457d5,1be72a717d3b16dbf35eb9385b24df8e5574bc96b4359e0d7fa747a2bf566ec0
3tier_nb,16,8,3,none,128,0,0.0,1.0,1.0,1.0,e361216e608ac3ab5d22ad6cfe831725313c8ece5bb4aaddc0a916ef25160dcb,5abd8f8f5ebc82c57e6a2d89ae8534ea4c2a9dae978bc2ec2e422703ca0457d5,3c7e85f2a87dc217fd1f88ede493fc90f894e0dd40683a34940dfcb69bc35e2f
3tier_nb,16,8,3,hot_spot,128,0,0.6484375,1.1073094720532481,2.1209798888445652,1.120170821992186,e361216e608ac3ab5d22ad6cfe831725313c8ece5bb4aaddc0a916ef25160dcb,5abd8f8f5ebc82c57e6a2d89ae8534ea4c2a9dae978bc2ec2e422703ca0457d5,3c7e85f2a87dc217fd1f88ede493fc90f894e0dd40683a34940dfcb69bc35e2f
3tier_nb,16,8,4,none,128,0,0.0,1.0,1.0,1.0,f5a19348b3a14ea01ebb742edafdad5ec5b2d1c5b858ed381cd1d4c81c628cf7,5abd8f8f5ebc82c57e6a2d89ae8534ea4c2a9dae978bc2ec2e422703ca0457d5,f760440cdb31a70611a6844fe393df82203dd269e023e9a71f709d2503bf06a1
3tier_nb,16,8,4,hot_spot,128,0,0.4921875,1.116590675811275,1.8545751040075806,1.136204781646451,f5a19348b3a14ea01ebb742edafdad5ec5b2d1c5b858ed381cd1d4c81c628cf7,5abd8f8f5ebc82c57e6a2d89ae8534ea4c2a9dae978bc2ec2e422703ca0457d5,f760440cdb31a70611a6844fe393df82203dd269e023e9a71f709d2503bf06a1
3tier_nb,16,8,5,none,128,0,0.0,1.0,1.0,1.0,5f63580c45423263c6ba56a11e2d9e6b95bc56d08551e54c7fcc3c42212c46fc,5abd8f8f5ebc82c57e6a2d89ae8534ea4c2a9dae978bc2ec2e422703ca0457d5,825487cc4e6ee2686b224547a8be10f65debd2358ef6bcb066ecc3982e7f1c89
3tier_nb,16,8,5,hot_spot,128,0,0.5703125,1.1755987512171315,2.7220570598002207,1.2237245041003557,5f63580c45423263c6ba56a11e2d9e6b95bc56d08551e54c7fcc3c42212c46fc,5abd8f8f5ebc82c57e6a2d89ae8534ea4c2a9dae978bc2ec2e422703ca0457d5,825487cc4e6ee2686b224547a8be10f65debd2358ef6bcb066ecc3982e7f1c89
3tier_nb,16,8,6,none,128,0,0.0,1.0,1.0,1.0,209f4e1d2838c3ac7a4519de08033a6427d715dc84de61b67fc0fd23a02b1281,5abd8f8f5ebc82c57e6a2d89ae8534ea4c2a9dae978bc2ec2e422703ca0457d5,9250431dd22ac6776961718cfc761eff239d7c2253f52324e186c457b958e41e
3tier_nb,16,8,6,hot_spot,128,0,0.5390625,1.1770911623564968,1.776284026527423,1.2141379503394163,209f4e1d2838c3ac7a4519de08033a6427d715dc84de61b67fc0fd23a02b1281,5abd8f8f5ebc82c57e6a2d89ae8534ea4c2a9dae978bc2ec2e422703ca0457d5,9250431dd22ac6776961718cfc761eff239d7c2253f52324e186c457b958e41e
3tier_nb,16,8,7,none,128,0,0.0,1.0,1.0,1.0,88d33129c37f78760736e66f9740065d66359ed1c63f0bac2b21bc93d0bab7cf,5abd8f8f5ebc82c57e6a2d89ae8534ea4c2a9dae978bc2ec2e422703ca0457d5,8cb61dea6c12fd9555eb5508a4b15d2c50d090ce5b3f675cb5ecac726ef5a040
3tier_nb,16,8,7,hot_spot,128,0,0.5703125,1.1348637417755392,4.666767969783651,1.1552153350469831,88d33129c37f78760736e66f9740065d66359ed1c63f0bac2b21bc93d0bab7cf,5abd8f8f5ebc82c57e6a2d89ae8534ea4c2a9dae978bc2ec2e422703ca0457d5,8cb61dea6c12fd9555eb5508a4b15d2c50d090ce5b3f675cb5ecac726ef5a040
3tier_nb,16,8,8,none,128,0,0.0,1.0,1.0,1.0,f61358edc45ff2a59760af9938e4d46738bc27f11da529eafc5624d29cf7a169,5abd8f8f5ebc82c57e6a2d89ae8534ea4c2a9dae978bc2ec2e422703ca0457d5,24b9c0c692809abd69a3ae6f006365ef6f8d772e39d1dff3bd7439b1c4af3604
3tier_nb,16,8,8,hot_spot,128,0,0.671875,1.111684324723588,1.9219010011342785,1.1242167908703284,f61358edc45ff2a59760af9938e4d46738bc27f11da529eafc5624d29cf7a169,5abd8f8f5ebc82c57e6a2d89ae8534ea4c2a9dae978bc2ec2e422703ca0457d5,24b9c0c692809abd69a3ae6f006365ef6f8d772e39d1dff3bd7439b1c4af3604
3tier_nb,16,8,9,none,128,0,0.0,1.0,1.0,1.0,d29d659b532ffb307f17cfe7326910681b9c77bad1430e411aa2bf882ccf541f,5abd8f8f5ebc82c57e6a2d89ae8534ea4c2a9dae978bc2ec2e422703ca0457d5,59181d39ba918fd4ac7d5b7daa96360b1f0ea8c28a8590f29c07c86b09be5048
3tier_nb,16,8,9,hot_spot,128,0,0.53125,1.1465104314579742,3.8143726394931243,1.1698595038514006,d29d659b532ffb307f17cfe7326910681b9c77bad1430e411aa2bf882ccf541f,5abd8f8f5ebc82c57e6a2d89ae8534ea4c2a9dae978bc2ec2e422703ca0457d5,59181d39ba918fd4ac7d5b7daa96360b1f0ea8c28a8590f29c07c86b09be5048
3tier_nb,16,16,0,none,256,0,0.0,1.0,1.0,1.0,37c8432e7e1de92c24cadb7af2950de4263654719dddeeff74b4124657e22388,5abd8f8f5ebc82c57e6a2d89ae8534ea4c2a9dae978bc2ec2e422703ca0457d5,a0690b31638b0498f47c87d90821781f38de3427b8a0bbc5614a68fdbb33e45f
3tier_nb,16,16,0,hot_spot,256,0,0.61328125,1.0585066414745932,1.2735926557456538,1.0621423836342594,37c8432e7e1de92c24cadb7af2950de4263654719dddeeff74b4124657e22388,5abd8f8f5ebc82c57e6a2d89ae8534ea4c2a9dae978bc2ec2e422703ca0457d5,a0690b31638b0498f47c87d90821781f38de3427b8a0bbc5614a68fdbb33e45f
3tier_nb,16,16,1,none,256,0,0.0,1.0,1.0,1.0,57ddb373795121d640976e60dc03fd1d506993e84bcc45ccf38756a597713dc0,5abd8f8f5ebc82c57e6a2d89ae8534ea4c2a9dae978bc2ec2e422703ca0457d5,29c1a5303f48054acc4442c2b4a175fbf54f8b3ca16318c4619c547aff3a4c48
3tier_nb,16,16,1,hot_spot,256,0,0.55859375,1.0527946932212346,1.3210354337637598,1.0555457397397314,57ddb373795121d640976e60dc03fd1d506993e84bcc45ccf38756a597713dc0,5abd8f8f5ebc82c57e6a2d89ae8534ea4c2a9dae978bc2ec2e422703ca0457d5,29c1a5303f48054acc4442c2b4a175fbf54f8b3ca16318c4619c547aff3a4c48
3tier_nb,16,16,2,none,256,0,0.0,1.0,1.0,1.0,8b00c9e94ddcc844f56411f485ebdfdae519f692f5941bec8a49e861554bf45e,5abd8f8f5ebc82c57e6a2d89ae8534ea4c2a9dae978bc2ec2e422703ca0457d5,a0a144e8d55c195bf605c5b51ceb0422306e945870e02c4268120eaa48079bfd
3tier_nb,16,16,2,hot_spot,256,0,0.64453125,1.082245285646365,1.664457220843198,1.08961575937454,8b00c9e94ddcc844f56411f485ebdfdae519f692f5941bec8a49e861554bf45e,5abd8f8f5ebc82c57e6a2d89ae8534ea4c2a9dae978bc2ec2e422703ca0457d5,a0a144e8d55c195bf605c5b51ceb0422306e945870e02c4268120eaa48079bfd
3tier_nb,16,16,3,none,256,0,0.0,1.0,1.0,1.0,e361216e608ac3ab5d22ad6cfe831725313c8ece5bb4aaddc0a916ef25160dcb,5abd8f8f5ebc82c57e6a2d89ae8534ea4c2a9dae978bc2ec2e422703ca0457d5,4c648c92423d5b63dd087f5c7d4a96283afbe3b5f5adacedff7b8de1e61d0d44
3tier_nb,16,16,3,hot_spot,256,0,0.59375,1.0477916530129678,1.2578083261677482,1.0501863089596049,e361216e608ac3ab5d22ad6cfe831725313c8ece5bb4aaddc0a916ef25160dcb,5abd8f8f5ebc82c57e6a2d89ae8534ea4c2a9dae978bc2ec2e422703ca0457d5,4c648c92423d5b63dd087f5c7d4a96283afbe3b5f5adacedff7b8de1e61d0d44
3tier_nb,16,16,4,none,256,0,0.0,1.0,1.0,1.0,f5a19348b3a14ea01ebb742edafdad5ec5b2d1c5b858ed381cd1d4c81c628cf7,5abd8f8f5ebc82c57e6a2d89ae8534ea4c2a9dae978bc2ec2e422703ca0457d5,aa56b89076b717bcfa47525f70cac9fc9cc6a07ccbe883bafacabb332a63ff96
3tier_nb,16,16,4,hot_spot,256,0,0.5625,1.1182523552569137,2.964834864395389,1.1308906850945502,f5a19348b3a14ea01ebb742edafdad5ec5b2d1c5b858ed381cd1d4c81c628cf7,5abd8f8f5ebc82c57e6a2d89ae8534ea4c2a9dae978bc2ec2e422703ca0457d5,aa56b89076b717bcfa47525f70cac9fc9cc6a07ccbe883bafacabb332a63ff96
3tier_nb,16,16,5,none,256,0,0.0,1.0,1.0,1.0,5f63580c45423263c6ba56a11e2d9e6b95bc56d08551e54c7fcc3c42212c46fc,5abd8f8f5ebc82c57e6a2d89ae8534ea4c2a9dae978bc2ec2e422703ca0457d5,a2da32921bd27a588638c4cb8a3e88e99a9dedc8531e9a2a7b3bc5fb7dc8bba5
3tier_nb,16,16,5,hot_spot,256,0,0.55859375,1.133512921652295,1.6893936356148263,1.1515250038461533,5f63580c45423263c6ba56a11e2d9e6b95bc56d08551e54c7fcc3c42212c46fc,5abd8f8f5ebc82c57e6a2d89ae8534ea4c2a9dae978bc2ec2e422703ca0457d5,a2da32921bd27a588638c4cb8a3e88e99a9dedc8531e9a2a7b3bc5fb7dc8bba5
3tier_nb,16,16,6,none,256,0,0.0,1.0,1.0,1.0,209f4e1d2838c3ac7a4519de08033a6427d715dc84de61b67fc0fd23a02b1281,5abd8f8f5ebc82c57e6a2d89ae8534ea4c2a9dae978bc2ec2e422703ca0457d5,274bad8df9e376342ed48180ea134c2d976681d2af02048180e049f6abb72bba
3tier_nb,16,16,6,hot_spot,256,0,0.6171875,1.0881340915203233,1.3699765280585485,1.0966450483506143,209f4e1d2838c3ac7a4519de08033a6427d715dc84de61b67fc0fd23a02b1281,5abd8f8f5ebc82c57e6a2d89ae8534ea4c2a9dae978bc2ec2e422703ca0457d5,274bad8df9e376342ed48180ea134c2d976681d2af02048180e049f6abb72bba
3tier_nb,16,16,7,none,256,0,0.0,1.0,1.0,1.0,88d33129c37f78760736e66f9740065d66359ed1c63f0bac2b21bc93d0bab7cf,5abd8f8f5ebc82c57e6a2d89ae8534ea4c2a9dae978bc2ec2e422703ca0457d5,71b7806e14591cff9486f16625dfe4eff9e697671d9989006023c5c0c00b61d2
3tier_nb,16,16,7,hot_spot,256,0,0.515625,1.0677685831858323,2.933067859257569,1.0726836900298506,88d33129c37f78760736e66f9740065d66359ed1c63f0bac2b21bc93d0bab7cf,5abd8f8f5ebc82c57e6a2d89ae8534ea4c2a9dae978bc2ec2e422703ca0457d5,71b7806e14591cff9486f16625dfe4eff9e697671d9989006023c5c0c00b61d2
3tier_nb,16,16,8,none,256,0,0.0,1.0,1.0,1.0,f61358edc45ff2a59760af9938e4d46738bc27f11da529eafc5624d29cf7a169,5abd8f8f5ebc82c57e6a2d89ae8534ea4c2a9dae978bc2ec2e422703ca0457d5,83dd010788d1ce92f9195331316282511fd88507862fadf40603211e0487bf45
3tier_nb,16,16,8,hot_spot,256,0,0.57421875,1.0715618759498897,1.459909082053872,1.0770690207608955,f61358edc45ff2a59760af9938e4d46738bc27f11da529eafc5624d29cf7a169,5abd8f8f5ebc82c57e6a2d89ae8534ea4c2a9dae978bc2ec2e422703ca0457d5,83dd010788d1ce92f9195331316282511fd88507862fadf40603211e0487bf45
3tier_nb,16,16,9,none,256,0,0.0,1.0,1.0,1.0,d29d659b532ffb307f17cfe7326910681b9c77bad1430e411aa2bf882ccf541f,5abd8f8f5ebc82c57e6a2d89ae8534ea4c2a9dae978bc2ec2e422703ca0457d5,a660fb7776afe78268113046637711af0b0d292d4505f3b71f72c606b2dac852
3tier_nb,16,16,9,hot_spot,256,0,0.48046875,1.0912947323556492,1.9852974492127702,1.098517954651895,d29d659b532ffb307f17cfe7326910681b9c77bad1430e411aa2bf882ccf541f,5abd8f8f5ebc82c57e6a2d89ae8534ea4c2a9dae978bc2ec2e422703ca0457d5,a660fb7776afe78268113046637711af0b0d292d4505f3b71f72c606b2dac852
3tier_nb,64,2,0,none,128,0,0.015625,1.0052083333333333,1.3333333333333335,1.0052910052910053,02b8b93c846ec5f679f63d5afcacddba0972d2f5532fd0d0b699941360977e2e,5abd8f8f5ebc82c57e6a2d89ae8534ea4c2a9dae978bc2ec2e422703ca0457d5,5c7fa563057c55cefb32d1b76629882864edf6816f8c089c70ab53824eb1afe1
3tier_nb,64,2,0,hot_spot,128,0,0.171875,1.107389440489939,1.8882833214646393,1.179662923445933,02b8b93c846ec5f679f63d5afcacddba0972d2f5532fd0d0b699941360977e2e,5abd8f8f5ebc82c57e6a2d89ae8534ea4c2a9dae978bc2ec2e422703ca0457d5,5c7fa563057c55cefb32d1b76629882864edf6816f8c089c70ab53824eb1afe1
3tier_nb,64,2,1,none,128,0,0.015625,1.0052083333333333,1.3333333333333335,1.0052910052910053,42fc3d1a36e35ae96fdc889ba4dbfb0015bb19d453abcbd93aa9c15f01b5f4c5,5abd8f8f5ebc82c57e6a2d89ae8534ea4c2a9dae978bc2ec2e422703ca0457d5,9dfc4256be34758cba93aec8a548addb799e76ac8ee90a0ad12f99e1aa07da47
3tier_nb,64,2,1,hot_spot,128,0,0.234375,1.1196873717954647,1.8572131557172824,1.191237955087507,42fc3d1a36e35ae96fdc889ba4dbfb0015bb19d453abcbd93aa9c15f01b5f4c5,5abd8f8f5ebc82c57e6a2d89ae8534ea4c2a9dae978bc2ec2e422703ca0457d5,9dfc4256be34758cba93aec8a548addb799e76ac8ee90a0ad12f99e1aa07da47
3tier_nb,64,2,2,none,128,0,0.03125,1.0104166666666667,1.3333333333333335,1.0108695652173914,3fa4df2aab9675a00992e2ce7174f31fe16626cae86f92405dd3b8e199b11a97,5abd8f8f5ebc82c57e6a2d89ae8534ea4c2a9dae978bc2ec2e422703ca0457d5,d3140801c0f621e8c7e94c8ad5d16bc0faef6e6fc6e600cc917b58414f05206b
3tier_nb,64,2,2,hot_spot,128,0,0.234375,1.1022989111426233,2.3461019224542206,1.151627073974848,3fa4df2aab9675a00992e2ce7174f31fe16626cae86f92405dd3b8e199b11a97,5abd8f8f5ebc82c57e6a2d89ae8534ea4c2a9dae978bc2ec2e422703ca0457d5,d3140801c0f621e8c7e94c8ad5d16bc0faef6e6fc6e600cc917b58414f05206b
3tier_nb,64,2,3,none,128,0,0.0078125,1.0026041666666667,1.3333333333333335,1.0026246719160106,226e9f772c7263b0f56a583e4dce815d2ad3f5fb85f07b3e90fbce6eb4d8275c,5abd8f8f5ebc82c57e6a2d89ae8534ea4c2a9dae978bc2ec2e422703ca0457d5,ccbe7ada9357ffef40f9985511a9db70872124dd508ffb8f5e5e02ca50997b8c
3tier_nb,64,2,3,hot_spot,128,0,0.140625,1.0671098523044118,1.8477151174790385,1.1101735409369757,226e9f772c7263b0f56a583e4dce815d2ad3f5fb85f07b3e90fbce6eb4d8275c,5abd8f8f5ebc82c57e6a2d89ae8534ea4c2a9dae978bc2ec2e422703ca0457d5,ccbe7ada9357ffef40f9985511a9db70872124dd508ffb8f5e5e02ca50997b8c
3tier_nb,64,2,4,none,128,0,0.0,1.0,1.0,1.0,c5546007423070a62a9cabdd169eb133e1e5a98bfadec3fd376df938f05c914d,5abd8f8f5ebc82c57e6a2d89ae8534ea4c2a9dae978bc2ec2e422703ca0457d5,0f922e136db6e44314fefd47a7a7b4b058ebc3e68ca55d418daac4f0705b945e
3tier_nb,64,2,4,hot_spot,128,0,0.21875,1.0941497714506647,1.9455234177879694,1.1540792596650455,c5546007423070a62a9cabdd169eb133e1e5a98bfadec3fd376df938f05c914d,5abd8f8f5ebc82c57e6a2d89ae8534ea4c2a9dae978bc2ec2e422703ca0457d5,0f922e136db6e44314fefd47a7a7b4b058ebc3e68ca55d418daac4f0705b945e
3tier_nb,64,2,5,none,128,0,0.0,1.0,1.0,1.0,7fe954001f677f8902674d5d07c59657feb4c535e73546e5efa0967d16463150,5abd8f8f5ebc82c57e6a2d89ae8534ea4c2a9dae978bc2ec2e422703ca0457d5,9c8c419e7c517239b99aa88929fee4a039e62e4e43b24ebffb8931cd27d2e0af
3tier_nb,64,2,5,hot_spot,128,0,0.140625,1.083561068262636,1.8755571638947526,1.1438989923058434,7fe954001f677f8902674d5d07c59657feb4c535e73546e5efa0967d16463150,5abd8f8f5ebc82c57e6a2d89ae8534ea4c2a9dae978bc2ec2e422703ca0457d5,9c8c419e7c517239b99aa88929fee4a039e62e4e43b24ebffb8931cd27d2e0af
3tier_nb,64,2,6,none,128,0,0.0078125,1.0026041666666667,1.3333333333333335,1.0026455026455028,be4c0fc6e75a7e7d535b2a3c9a0d53bc36fad4462d4d638dfc822d091a2e8ec4,5abd8f8f5ebc82c57e6a2d89ae8534ea4c2a9dae978bc2ec2e422703ca0457d5,697aebd1337e8888978ba6ff844ffbdf56117370782580fd824d8ea96fe5b6d5
3tier_nb,64,2,6,hot_spot,128,0,0.203125,1.1074318174855808,1.8475973114413913,1.1783941790915051,be4c0fc6e75a7e7d535b2a3c9a0d53bc36fad4462d4d638dfc822d091a2e8ec4,5abd8f8f5ebc82c57e6a2d89ae8534ea4c2a9dae978bc2ec2e422703ca0457d5,697aebd1337e8888978ba6ff844ffbdf56117370782580fd824d8ea96fe5b6d5
3tier_nb,64,2,7,none,128,0,0.046875,1.015625,1.3333333333333335,1.016260162601626,36c33cd7cff6722d709e5eee46e01c45eb2d5facdc85f6953c893f90b1d56ff7,5abd8f8f5ebc82c57e6a2d89ae8534ea4c2a9dae978bc2ec2e422703ca0457d5,5960be78dd82ec0464a9716bf8ca567c3858995a220499ba3f4b78a118481295
3tier_nb,64,2,7,hot_spot,128,0,0.234375,1.1005175401231704,1.8846494492195172,1.1563916752714811,36c33cd7cff6722d709e5eee46e01c45eb2d5facdc85f6953c893f90b1d56ff7,5abd8f8f5ebc82c57e6a2d89ae8534ea4c2a9dae978bc2ec2e422703ca0457d5,5960be78dd82ec0464a9716bf8ca567c3858995a220499ba3f4b78a118481295
3tier_nb,64,2,8,none,128,0,0.015625,1.0052083333333333,1.3333333333333335,1.0052910052910053,3b6a25d47fa9d68be752b471d334a363c8e0e75d344497858630788b247e655e,5abd8f8f5ebc82c57e6a2d89ae8534ea4c2a9dae978bc2ec2e422703ca0457d5,8c1b1674eefe9c2682c2d2affc75d030c8caddedbb0b320d42bc01f44d3215c2
3tier_nb,64,2,8,hot_spot,128,0,0.171875,1.075377592372415,1.8888742026763925,1.1099484505873265,3b6a25d47fa9d68be752b471d334a363c8e0e75d344497858630788b247e655e,5abd8f8f5ebc82c57e6a2d89ae8534ea4c2a9dae978bc2ec2e422703ca0457d5,8c1b1674eefe9c2682c2d2affc75d030c8caddedbb0b320d42bc01f44d3215c2
3tier_nb,64,2,9,none,128,0,0.0234375,1.0078125,1.3333333333333335,1.008130081300813,44a5888f8c0febef06a54112aa7edc1524da66ae0c001733d03a043d73a7c605,5abd8f8f5ebc82c57e6a2d89ae8534ea4c2a9dae978bc2ec2e422703ca0457d5,779e5b8924ea3ed60dd47d207f0146f4c85bae8fac293c00d134a9f2dd2655b7
3tier_nb,64,2,9,hot_spot,128,0,0.1875,1.1004828779104905,2.279493625821141,1.1520015387574158,44a5888f8c0febef06a54112aa7edc1524da66ae0c001733d03a043d73a7c605,5abd8f8f5ebc82c57e6a2d89ae8534ea4c2a9dae978bc2ec2e422703ca0457d5,779e5b8924ea3ed60dd47d207f0146f4c85bae8fac293c00d134a9f2dd2655b7
3tier_nb,64,8,0,none,512,0,0.0,1.0,1.0,1.0,02b8b93c846ec5f679f63d5afcacddba0972d2f5532fd0d0b699941360977e2e,5abd8f8f5ebc82c57e6a2d89ae8534ea4c2a9dae978bc2ec2e422703ca0457d5,fb8820a2536a77f6774dc6e773f5e159b2c85f7a9f5f7e9327e5e1c1426bc0c9
3tier_nb,64,8,0,hot_spot,512,0,0.59765625,1.158291471056909,3.9222749551764187,1.1865420699000389,02b8b93c846ec5f679f63d5afcacddba0972d2f5532fd0d0b699941360977e2e,5abd8f8f5ebc82c57e6a2d89ae8534ea4c2a9dae978bc2ec2e422703ca0457d5,fb8820a2536a77f6774dc6e773f5e159b2c85f7a9f5f7e9327e5e1c1426bc0c9
3tier_nb,64,8,1,none,512,0,0.0,1.0,1.0,1.0,42fc3d1a36e35ae96fdc889ba4dbfb0015bb19d453abcbd93aa9c15f01b5f4c5,5abd8f8f5ebc82c57e6a2d89ae8534ea4c2a9dae978bc2ec2e422703ca0457d5,f748835133c00337711d218f23c5e9ed7e9e69f27ee9c607291670684d8feaee
3tier_nb,64,8,1,hot_spot,512,0,0.517578125,1.16011009112694,4.712915173206899,1.1920797336879956,42fc3d1a36e35ae96fdc889ba4dbfb0015bb19d453abcbd93aa9c15f01b5f4c5,5abd8f8f5ebc82c57e6a2d89ae8534ea4c2a9dae978bc2ec2e422703ca0457d5,f748835133c00337711d218f23c5e9ed7e9e69f27ee9c607291670684d8feaee
3tier_nb,64,8,2,none,512,0,0.0,1.0,1.0,1.0,3fa4df2aab9675a00992e2ce7174f31fe16626cae86f92405dd3b8e199b11a97,5abd8f8f5ebc82c57e6a2d89ae8534ea4c2a9dae978bc2ec2e422703ca0457d5,1ce1f9081712214f7515bfa233fd4e4b31ebf315542c5ee42f108312fe8ae196
3tier_nb,64,8,2,hot_spot,512,0,0.552734375,1.178277501001286,3.581043800706985,1.216995421533699,3fa4df2aab9675a00992e2ce7174f31fe16626cae86f92405dd3b8e199b11a97,5abd8f8f5ebc82c57e6a2d89ae8534ea4c2a9dae978bc2ec2e422703ca0457d5,1ce1f9081712214f7515bfa233fd4e4b31ebf315542c5ee42f108312fe8ae196
3tier_nb,64,8,3,none,512,0,0.029296875,1.001953125,1.1851851851851853,1.0019569471624266,226e9f772c7263b0f56a583e4dce815d2ad3f5fb85f07b3e90fbce6eb4d8275c,5abd8f8f5ebc82c57e6a2d89ae8534ea4c2a9dae978bc2ec2e422703ca0457d5,4186797cd81db3d0ab8deb7f6f2f77c360d390b82641a5674cb2e40767561ce1
3tier_nb,64,8,3,hot_spot,512,0,0.56640625,1.1766154336248154,3.77898253261355,1.2157851065254355,226e9f772c7263b0f56a583e4dce815d2ad3f5fb85f07b3e90fbce6eb4d8275c,5abd8f8f5ebc82c57e6a2d89ae8534ea4c2a9dae978bc2ec2e422703ca0457d5,4186797cd81db3d0ab8deb7f6f2f77c360d390b82641a5674cb2e40767561ce1
3tier_nb,64,8,4,none,512,0,0.0,1.0,1.0,1.0,c5546007423070a62a9cabdd169eb133e1e5a98bfadec3fd376df938f05c914d,5abd8f8f5ebc82c57e6a2d89ae8534ea4c2a9dae978bc2ec2e422703ca0457d5,8edbcd98ab42c61e205dac3ac3bd490b6156a0c31ce52e141d955d4c32daf19e
3tier_nb,64,8,4,hot_spot,512,0,0.513671875,1.130319317848429,2.6773663126834206,1.148207452535492,c5546007423070a62a9cabdd169eb133e1e5a98bfadec3fd376df938f05c914d,5abd8f8f5ebc82c57e6a2d89ae8534ea4c2a9dae978bc2ec2e422703ca0457d5,8edbcd98ab42c61e205dac3ac3bd490b6156a0c31ce52e141d955d4c32daf19e
3tier_nb,64,8,5,none,512,0,0.0,1.0,1.0,1.0,7fe954001f677f8902674d5d07c59657feb4c535e73546e5efa0967d16463150,5abd8f8f5ebc82c57e6a2d89ae8534ea4c2a9dae978bc2ec2e422703ca0457d5,5d4f8e07862dbcece22ad678c67173be216b883601976db51ee0c741d232ee2a
3tier_nb,64,8,5,hot_spot,512,0,0.564453125,1.1917455588176034,5.0939410209056835,1.2390576647230724,7fe954001f677f8902674d5d07c59657feb4c535e73546e5efa0967d16463150,5abd8f8f5ebc82c57e6a2d89ae8534ea4c2a9dae978bc2ec2e422703ca0457d5,5d4f8e07862dbcece22ad678c67173be216b883601976db51ee0c741d232ee2a
3tier_nb,64,8,6,none,512,0,0.0,1.0,1.0,1.0,be4c0fc6e75a7e7d535b2a3c9a0d53bc36fad4462d4d638dfc822d091a2e8ec4,5abd8f8f5ebc82c57e6a2d89ae8534ea4c2a9dae978bc2ec2e422703ca0457d5,6d035d8d3cbef2e46d4d773bbbe8513b3714dcbcbf06c71d4ecd5077180179cf
3tier_nb,64,8,6,hot_spot,512,0,0.509765625,1.1871949511447526,3.912244215712738,1.2322551341865955,be4c0fc6e75a7e7d535b2a3c9a0d53bc36fad4462d4d638dfc822d091a2e8ec4,5abd8f8f5ebc82c57e6a2d89ae8534ea4c2a9dae978bc2ec2e422703ca0457d5,6d035d8d3cbef2e46d4d773bbbe8513b3714dcbcbf06c71d4ecd5077180179cf
3tier_nb,64,8,7,none,512,0,0.0,1.0,1.0,1.0,36c33cd7cff6722d709e5eee46e01c45eb2d5facdc85f6953c893f90b1d56ff7,5abd8f8f5ebc82c57e6a2d89ae8534ea4c2a9dae978bc2ec2e422703ca0457d5,9855762cbc81b8d17f70e65087cd22100c6ad2b5efdf5752a3826fc84939b611
3tier_nb,64,8,7,hot_spot,512,0,0.505859375,1.133680283038349,4.66676796978365,1.1552613411525783,36c33cd7cff6722d709e5eee46e01c45eb2d5facdc85f6953c893f90b1d56ff7,5abd8f8f5ebc82c57e6a2d89ae8534ea4c2a9dae978bc2ec2e422703ca0457d5,9855762cbc81b8d17f70e65087cd22100c6ad2b5efdf5752a3826fc84939b611
3tier_nb,64,8,8,none,512,0,0.0,1.0,1.0,1.0,3b6a25d47fa9d68be752b471d334a363c8e0e75d344497858630788b247e655e,5abd8f8f5ebc82c57e6a2d89ae8534ea4c2a9dae978bc2ec2e422703ca0457d5,08b4e571816f3e3943d36a069976a3a3653219f0641b9d1d3589776a875b6ff2
3tier_nb,64,8,8,hot_spot,512,0,0.5703125,1.1734449827826752,3.9750920530516876,1.20543927556825,3b6a25d47fa9d68be752b471d334a363c8e0e75d344497858630788b247e655e,5abd8f8f5ebc82c57e6a2d89ae8534ea4c2a9dae978bc2ec2e422703ca0457d5,08b4e571816f3e3943d36a069976a3a3653219f0641b9d1d3589776a875b6ff2
3tier_nb,64,8,9,none,512,0,0.029296875,1.001953125,1.1111111111111112,1.0019569471624266,44a5888f8c0febef06a54112aa7edc1524da66ae0c001733d03a043d73a7c605,5abd8f8f5ebc82c57e6a2d89ae8534ea4c2a9dae978bc2ec2e422703ca0457d5,05152159213a5995421562f67c75e6e3780d6380dcee77836e2a129ace8e4588
3tier_nb,64,8,9,hot_spot,512,0,0.5,1.1683262754474943,4.567661011497222,1.2019378941312058,44a5888f8c0febef06a54112aa7edc1524da66ae0c001733d03a043d73a7c605,5abd8f8f5ebc82c57e6a2d89ae8534ea4c2a9dae978bc2ec2e422703ca0457d5,05152159213a5995421562f67c75e6e3780d6380dcee77836e2a129ace8e4588
3tier_nb,64,16,0,none,1024,0,0.0,1.0,1.0,1.0,02b8b93c846ec5f679f63d5afcacddba0972d2f5532fd0d0b699941360977e2e,5abd8f8f5ebc82c57e6a2d89ae8534ea4c2a9dae978bc2ec2e422703ca0457d5,659442d1d28acfbfdcd24f5042bb7d305051c7c2daeb94dd8621531ebb5b02a7
3tier_nb,64,16,0,hot_spot,1024,0,0.6376953125,1.1081851017313542,2.9431531072720922,1.1196200860379053,02b8b93c846ec5f679f63d5afcacddba0972d2f5532fd0d0b699941360977e2e,5abd8f8f5ebc82c57e6a2d89ae8534ea4c2a9dae978bc2ec2e422703ca0457d5,659442d1d28acfbfdcd24f5042bb7d305051c7c2daeb94dd8621531ebb5b02a7
3tier_nb,64,16,1,none,1024,0,0.0,1.0,1.0,1.0,42fc3d1a36e35ae96fdc889ba4dbfb0015bb19d453abcbd93aa9c15f01b5f4c5,5abd8f8f5ebc82c57e6a2d89ae8534ea4c2a9dae978bc2ec2e422703ca0457d5,094d3d4638e73eb7f83baee8c10d6e3cc6956fc747d94ac532c0c93b8473935c
3tier_nb,64,16,1,hot_spot,1024,0,0.6533203125,1.1211675844650668,3.1743600316668132,1.1365202721785166,42fc3d1a36e35ae96fdc889ba4dbfb0015bb19d453abcbd93aa9c15f01b5f4c5,5abd8f8f5ebc82c57e6a2d89ae8534ea4c2a9dae978bc2ec2e422703ca0457d5,094d3d4638e73eb7f83baee8c10d6e3cc6956fc747d94ac532c0c93b8473935c
3tier_nb,64,16,2,none,1024,0,0.0,1.0,1.0,1.0,3fa4df2aab9675a00992e2ce7174f31fe16626cae86f92405dd3b8e199b11a97,5abd8f8f5ebc82c57e6a2d89ae8534ea4c2a9dae978bc2ec2e422703ca0457d5,b182089b8248fdb3cd193d861419cf5354685718ee542b8207c682ed2934a121
3tier_nb,64,16,2,hot_spot,1024,0,0.5869140625,1.1472991259638725,4.6877004560088125,1.1717424251148976,3fa4df2aab9675a00992e2ce7174f31fe16626cae86f92405dd3b8e199b11a97,5abd8f8f5ebc82c57e6a2d89ae8534ea4c2a9dae978bc2ec2e422703ca0457d5,b182089b8248fdb3cd193d861419cf5354685718ee542b8207c682ed2934a121
3tier_nb,64,16,3,none,1024,0,0.0,1.0,1.0,1.0,226e9f772c7263b0f56a583e4dce815d2ad3f5fb85f07b3e90fbce6eb4d8275c,5abd8f8f5ebc82c57e6a2d89ae8534ea4c2a9dae978bc2ec2e422703ca0457d5,8d20d174887534422c9426f7b15d92231d8ab95b0bcc616f119198c8260e3a1d
3tier_nb,64,16,3,hot_spot,1024,0,0.6552734375,1.127797078796027,3.142823804640776,1.1456050580506523,226e9f772c7263b0f56a583e4dce815d2ad3f5fb85f07b3e90fbce6eb4d8275c,5abd8f8f5ebc82c57e6a2d89ae8534ea4c2a9dae978bc2ec2e422703ca0457d5,8d20d174887534422c9426f7b15d92231d8ab95b0bcc616f119198c8260e3a1d
3tier_nb,64,16,4,none,1024,0,0.0,1.0,1.0,1.0,c5546007423070a62a9cabdd169eb133e1e5a98bfadec3fd376df938f05c914d,5abd8f8f5ebc82c57e6a2d89ae8534ea4c2a9dae978bc2ec2e422703ca0457d5,1b80fdcb8e3f93c71d5676acd3a63801d9a78f53f5ae64a1d3a72953b78a4cbd
3tier_nb,64,16,4,hot_spot,1024,0,0.6240234375,1.1043468146966675,2.753456907301777,1.1149057863663974,c5546007423070a62a9cabdd169eb133e1e5a98bfadec3fd376df938f05c914d,5abd8f8f5ebc82c57e6a2d89ae8534ea4c2a9dae978bc2ec2e422703ca0457d5,1b80fdcb8e3f93c71d5676acd3a63801d9a78f53f5ae64a1d3a72953b78a4cbd
3tier_nb,64,16,5,none,1024,0,0.0,1.0,1.0,1.0,7fe954001f677f8902674d5d07c59657feb4c535e73546e5efa0967d16463150,5abd8f8f5ebc82c57e6a2d89ae8534ea4c2a9dae978bc2ec2e422703ca0457d5,932ffa2b4c41b8937f01a74d9f5900cbfcfd7ea87d990d81443df4737219bba8
3tier_nb,64,16,5,hot_spot,1024,0,0.6337890625,1.1715096207396818,2.9599875242813294,1.200042345701222,7fe954001f677f8902674d5d07c59657feb4c535e73546e5efa0967d16463150,5abd8f8f5ebc82c57e6a2d89ae8534ea4c2a9dae978bc2ec2e422703ca0457d5,932ffa2b4c41b8937f01a74d9f5900cbfcfd7ea87d990d81443df4737219bba8
3tier_nb,64,16,6,none,1024,0,0.0,1.0,1.0,1.0,be4c0fc6e75a7e7d535b2a3c9a0d53bc36fad4462d4d638dfc822d091a2e8ec4,5abd8f8f5ebc82c57e6a2d89ae8534ea4c2a9dae978bc2ec2e422703ca0457d5,9f51b0f277f217e2b5a163b0c03fbe4c444874fb23b46a9666fd5e2ffd18afb4
3tier_nb,64,16,6,hot_spot,1024,0,0.5966796875,1.1481082097786914,3.0624250883065125,1.1707907606812151,be4c0fc6e75a7e7d535b2a3c9a0d53bc36fad4462d4d638dfc822d091a2e8ec4,5abd8f8f5ebc82c57e6a2d89ae8534ea4c2a9dae978bc2ec2e422703ca0457d5,9f51b0f277f217e2b5a163b0c03fbe4c444874fb23b46a9666fd5e2ffd18afb4
3tier_nb,64,16,7,none,1024,0,0.0,1.0,1.0,1.0,36c33cd7cff6722d709e5eee46e01c45eb2d5facdc85f6953c893f90b1d56ff7,5abd8f8f5ebc82c57e6a2d89ae8534ea4c2a9dae978bc2ec2e422703ca0457d5,b74d5524240e12318ad266fb566dc9a3be97ba408e6e2475134a5aacf176130e
3tier_nb,64,16,7,hot_spot,1024,0,0.5947265625,1.109753363753141,5.1706300955462785,1.1216892871850708,36c33cd7cff6722d709e5eee46e01c45eb2d5facdc85f6953c893f90b1d56ff7,5abd8f8f5ebc82c57e6a2d89ae8534ea4c2a9dae978bc2ec2e422703ca0457d5,b74d5524240e12318ad266fb566dc9a3be97ba408e6e2475134a5aacf176130e
3tier_nb,64,16,8,none,1024,0,0.0,1.0,1.0,1.0,3b6a25d47fa9d68be752b471d334a363c8e0e75d344497858630788b247e655e,5abd8f8f5ebc82c57e6a2d89ae8534ea4c2a9dae978bc2ec2e422703ca0457d5,f57057b2e7467bf73b30c5febd362ee00f6cae9c7d53d87448fc7c4af1a5ebc1
3tier_nb,64,16,8,hot_spot,1024,0,0.6875,1.118568049038601,3.054165429659862,1.133440003910497,3b6a25d47fa9d68be752b471d334a363c8e0e75d344497858630788b247e655e,5abd8f8f5ebc82c57e6a2d89ae8534ea4c2a9dae978bc2ec2e422703ca0457d5,f57057b2e7467bf73b30c5febd362ee00f6cae9c7d53d87448fc7c4af1a5ebc1
3tier_nb,64,16,9,none,1024,0,0.0,1.0,1.0,1.0,44a5888f8c0febef06a54112aa7edc1524da66ae0c001733d03a043d73a7c605,5abd8f8f5ebc82c57e6a2d89ae8534ea4c2a9dae978bc2ec2e422703ca0457d5,107c7a6118fa1d9cf98483d844b2bf60bdd2125b0a5da175887d80edb7f95c9a
3tier_nb,64,16,9,hot_spot,1024,0,0.564453125,1.1249782053226365,3.2752372043117566,1.1397434131897597,44a5888f8c0febef06a54112aa7edc1524da66ae0c001733d03a043d73a7c605,5abd8f8f5ebc82c57e6a2d89ae8534ea4c2a9dae978bc2ec2e422703ca0457d5,107c7a6118fa1d9cf98483d844b2bf60bdd2125b0a5da175887d80edb7f95c9a
3tier_os2,16,2,0,none,32,0,0.0,1.0,1.0,1.0,37c8432e7e1de92c24cadb7af2950de4263654719dddeeff74b4124657e22388,cd615300e2e1f8058bb99a1cc27d995bc71906156c30cfb4c1c63929c83ae6aa,726868e37bd5133a24313454fda4244572b0d3121a1c1b54db0143c057a8ec82
3tier_os2,16,2,0,hot_spot,32,0,0.0,1.0,1.0,1.0,37c8432e7e1de92c24cadb7af2950de4263654719dddeeff74b4124657e22388,cd615300e2e1f8058bb99a1cc27d995bc71906156c30cfb4c1c63929c83ae6aa,726868e37bd5133a24313454fda4244572b0d3121a1c1b54db0143c057a8ec82
3tier_os2,16,2,1,none,32,0,0.0,1.0,1.0,1.0,57ddb373795121d640976e60dc03fd1d506993e84bcc45ccf38756a597713dc0,cd615300e2e1f8058bb99a1cc27d995bc71906156c30cfb4c1c63929c83ae6aa,2d85ba8248e52b231285c441ef46c3218dbe9d263b9b8724986e7944a368b88b
3tier_os2,16,2,1,hot_spot,32,0,0.0,1.0,1.0,1.0,57ddb373795121d640976e60dc03fd1d506993e84bcc45ccf38756a597713dc0,cd615300e2e1f8058bb99a1cc27d995bc71906156c30cfb4c1c63929c83ae6aa,2d85ba8248e52b231285c441ef46c3218dbe9d263b9b8724986e7944a368b88b
3tier_os2,16,2,2,none,32,0,0.0,1.0,1.0,1.0,8b00c9e94ddcc844f56411f485ebdfdae519f692f5941bec8a49e861554bf45e,cd615300e2e1f8058bb99a1cc27d995bc71906156c30cfb4c1c63929c83ae6aa,247a1d8d018f06a2e7916ce97798215e507accde6d436ad75448663273310470
3tier_os2,16,2,2,hot_spot,32,0,0.03125,1.018562171774968,1.593989496798976,1.0386737302627447,8b00c9e94ddcc844f56411f485ebdfdae519f692f5941bec8a49e861554bf45e,cd615300e2e1f8058bb99a1cc27d995bc71906156c30cfb4c1c63929c83ae6aa,247a1d8d018f06a2e7916ce97798215e507accde6d436ad75448663273310470
3tier_os2,16,2,3,none,32,0,0.0,1.0,1.0,1.0,e361216e608ac3ab5d22ad6cfe831725313c8ece5bb4aaddc0a916ef25160dcb,cd615300e2e1f8058bb99a1cc27d995bc71906156c30cfb4c1c63929c83ae6aa,4d0ed3e309d7c61143ea6b1c7b9e464675ffd0d6b2adc81f2861baf09071973c
3tier_os2,16,2,3,hot_spot,32,0,0.0,1.0,1.0,1.0,e361216e608ac3ab5d22ad6cfe831725313c8ece5bb4aaddc0a916ef25160dcb,cd615300e2e1f8058bb99a1cc27d995bc71906156c30cfb4c1c63929c83ae6aa,4d0ed3e309d7c61143ea6b1c7b9e464675ffd0d6b2adc81f2861baf09071973c
3tier_os2,16,2,4,none,32,0,0.0,1.0,1.0,1.0,f5a19348b3a14ea01ebb742edafdad5ec5b2d1c5b858ed381cd1d4c81c628cf7,cd615300e2e1f8058bb99a1cc27d995bc71906156c30cfb4c1c63929c83ae6aa,cd1a5c1c2dfb10fd4c881c6a7ce40015430a92a07f41510c484b9a1c303021a3
3tier_os2,16,2,4,hot_spot,32,0,0.03125,1.0001829726436824,1.0058551245978335,1.0003543605956802,f5a19348b3a14ea01ebb742edafdad5ec5b2d1c5b858ed381cd1d4c81c628cf7,cd615300e2e1f8058bb99a1cc27d995bc71906156c30cfb4c1c63929c83ae6aa,cd1a5c1c2dfb10fd4c881c6a7ce40015430a92a07f41510c484b9a1c303021a3
3tier_os2,16,2,5,none,32,0,0.0,1.0,1.0,1.0,5f63580c45423263c6ba56a11e2d9e6b95bc56d08551e54c7fcc3c42212c46fc,cd615300e2e1f8058bb99a1cc27d995bc71906156c30cfb4c1c63929c83ae6aa,fad2d934c945c7422b5745e1209dbe32f0537bf27f63aecf3f55445755a670af
3tier_os2,16,2,5,hot_spot,32,0,0.0,1.0,1.0000000000000002,0.9999999999999998,5f63580c45423263c6ba56a11e2d9e6b95bc56d08551e54c7fcc3c42212c46fc,cd615300e2e1f8058bb99a1cc27d995bc71906156c30cfb4c1c63929c83ae6aa,fad2d934c945c7422b5745e1209dbe32f0537bf27f63aecf3f55445755a670af
3tier_os2,16,2,6,none,32,0,0.0,1.0,1.0,1.0,209f4e1d2838c3ac7a4519de08033a6427d715dc84de61b67fc0fd23a02b1281,cd615300e2e1f8058bb99a1cc27d995bc71906156c30cfb4c1c63929c83ae6aa,264bf13e1762450757d6ed0c729501e5b4ed9dae8614d5ef543cffe300f93007
3tier_os2,16,2,6,hot_spot,32,0,0.03125,1.0129503690869242,1.4144118107815664,1.0126337439251112,209f4e1d2838c3ac7a4519de08033a6427d715dc84de61b67fc0fd23a02b1281,cd615300e2e1f8058bb99a1cc27d995bc71906156c30cfb4c1c63929c83ae6aa,264bf13e1762450757d6ed0c729501e5b4ed9dae8614d5ef543cffe300f93007
3tier_os2,16,2,7,none,32,0,0.0,1.0,1.0,1.0,88d33129c37f78760736e66f9740065d66359ed1c63f0bac2b21bc93d0bab7cf,cd615300e2e1f8058bb99a1cc27d995bc71906156c30cfb4c1c63929c83ae6aa,692d26ba55524ab182ca7476b6aabd09b039a4dd7f3c94d0e7eefc212994d7dd
3tier_os2,16,2,7,hot_spot,32,0,0.0625,1.0250946004901207,1.4926266484001829,1.032456536663078,88d33129c37f78760736e66f9740065d66359ed1c63f0bac2b21bc93d0bab7cf,cd615300e2e1f8058bb99a1cc27d995bc71906156c30cfb4c1c63929c83ae6aa,692d26ba55524ab182ca7476b6aabd09b039a4dd7f3c94d0e7eefc212994d7dd
3tier_os2,16,2,8,none,32,0,0.0,1.0,1.0,1.0,f61358edc45ff2a59760af9938e4d46738bc27f11da529eafc5624d29cf7a169,cd615300e2e1f8058bb99a1cc27d995bc71906156c30cfb4c1c63929c83ae6aa,376fc8c6c3eff9fabb84c99522bb716570fa62751fd47934e4f115c916b91a96
3tier_os2,16,2,8,hot_spot,32,0,0.03125,1.026907197162661,1.8610303092051532,1.0289036571741959,f61358edc45ff2a59760af9938e4d46738bc27f11da529eafc5624d29cf7a169,cd615300e2e1f8058bb99a1cc27d995bc71906156c30cfb4c1c63929c83ae6aa,376fc8c6c3eff9fabb84c99522bb716570fa62751fd47934e4f115c916b91a96
3tier_os2,16,2,9,none,32,0,0.0,1.0,1.0,1.0,d29d659b532ffb307f17cfe7326910681b9c77bad1430e411aa2bf882ccf541f,cd615300e2e1f8058bb99a1cc27d995bc71906156c30cfb4c1c63929c83ae6aa,e043b4daf0b1816e870d39fefdc3f3ae175836a37cbae7e78498dfe198d58398
3tier_os2,16,2,9,hot_spot,32,0,0.03125,1.0208283574741948,1.6665074391742298,1.0081860367524351,d29d659b532ffb307f17cfe7326910681b9c77bad1430e411aa2bf882ccf541f,cd615300e2e1f8058bb99a1cc27d995bc71906156c30cfb4c1c63929c83ae6aa,e043b4daf0b1816e870d39fefdc3f3ae175836a37cbae7e78498dfe198d58398
3tier_os2,16,8,0,none,128,0,0.0,1.0,1.0,1.0,37c8432e7e1de92c24cadb7af2950de4263654719dddeeff74b4124657e22388,cd615300e2e1f8058bb99a1cc27d995bc71906156c30cfb4c1c63929c83ae6aa,2f7cb220a5567a9dd24965f9f31c2cd1b1f1c405a6fe8f77332892c005997dd1
3tier_os2,16,8,0,hot_spot,128,0,0.5546875,1.162813121147878,2.225302584713889,1.193067731488587,37c8432e7e1de92c24cadb7af2950de4263654719dddeeff74b4124657e22388,cd615300e2e1f8058bb99a1cc27d995bc71906156c30cfb4c1c63929c83ae6aa,2f7cb220a5567a9dd24965f9f31c2cd1b1f1c405a6fe8f77332892c005997dd1
3tier_os2,16,8,1,none,128,0,0.0,1.0,1.0,1.0,57ddb373795121d640976e60dc03fd1d506993e84bcc45ccf38756a597713dc0,cd615300e2e1f8058bb99a1cc27d995bc71906156c30cfb4c1c63929c83ae6aa,00f697d2a3f60b22953bf897857c9950985793bd996a5795c925f78fd0e4758b
3tier_os2,16,8,1,hot_spot,128,0,0.5703125,1.1457646893750355,2.3461691129509443,1.1672875570302714,57ddb373795121d640976e60dc03fd1d506993e84bcc45ccf38756a597713dc0,cd615300e2e1f8058bb99a1cc27d995bc71906156c30cfb4c1c63929c83ae6aa,00f697d2a3f60b22953bf897857c9950985793bd996a5795c925f78fd0e4758b
3tier_os2,16,8,2,none,128,0,0.0,1.0,1.0,1.0,8b00c9e94ddcc844f56411f485ebdfdae519f692f5941bec8a49e861554bf45e,cd615300e2e1f8058bb99a1cc27d995bc71906156c30cfb4c1c63929c83ae6aa,1be72a717d3b16dbf35eb9385b24df8e5574bc96b4359e0d7fa747a2bf566ec0
3tier_os2,16,8,2,hot_spot,128,0,0.4609375,1.1291038877676862,3.207330784842828,1.1537439318443479,8b00c9e94ddcc844f56411f485ebdfdae519f692f5941bec8a49e861554bf45e,cd615300e2e1f8058bb99a1cc27d995bc71906156c30cfb4c1c63929c83ae6aa,1be72a717d3b16dbf35eb9385b24df8e5574bc96b4359e0d7fa747a2bf566ec0
3tier_os2,16,8,3,none,128,0,0.0,1.0,1.0,1.0,e361216e608ac3ab5d22ad6cfe831725313c8ece5bb4aaddc0a916ef25160dcb,cd615300e2e1f8058bb99a1cc27d995bc71906156c30cfb4c1c63929c83ae6aa,3c7e85f2a87dc217fd1f88ede493fc90f894e0dd40683a34940dfcb69bc35e2f
3tier_os2,16,8,3,hot_spot,128,0,0.5625,1.2145768686420333,2.833381116535238,1.2714513808984629,e361216e608ac3ab5d22ad6cfe831725313c8ece5bb4aaddc0a916ef25160dcb,cd615300e2e1f8058bb99a1cc27d995bc71906156c30cfb4c1c63929c83ae6aa,3c7e85f2a87dc217fd1f88ede493fc90f894e0dd40683a34940dfcb69bc35e2f
3tier_os2,16,8,4,none,128,0,0.0,1.0,1.0,1.0,f5a19348b3a14ea01ebb742edafdad5ec5b2d1c5b858ed381cd1d4c81c628cf7,cd615300e2e1f8058bb99a1cc27d995bc71906156c30cfb4c1c63929c83ae6aa,f760440cdb31a70611a6844fe393df82203dd269e023e9a71f709d2503bf06a1
3tier_os2,16,8,4,hot_spot,128,0,0.5,1.12820828069506,1.8854587684234634,1.1566152567056545,f5a19348b3a14ea01ebb742edafdad5ec5b2d1c5b858ed381cd1d4c81c628cf7,cd615300e2e1f8058bb99a1cc27d995bc71906156c30cfb4c1c63929c83ae6aa,f760440cdb31a70611a6844fe393df82203dd269e023e9a71f709d2503bf06a1
3tier_os2,16,8,5,none,128,0,0.0,1.0,1.0,1.0,5f63580c45423263c6ba56a11e2d9e6b95bc56d08551e54c7fcc3c42212c46fc,cd615300e2e1f8058bb99a1cc27d995bc71906156c30cfb4c1c63929c83ae6aa,825487cc4e6ee2686b224547a8be10f65debd2358ef6bcb066ecc3982e7f1c89
3tier_os2,16,8,5,hot_spot,128,0,0.515625,1.2011007757830185,4.000000000000001,1.263632864377833,5f63580c45423263c6ba56a11e2d9e6b95bc56d08551e54c7fcc3c42212c46fc,cd615300e2e1f8058bb99a1cc27d995bc71906156c30cfb4c1c63929c83ae6aa,825487cc4e6ee2686b224547a8be10f65debd2358ef6bcb066ecc3982e7f1c89
3tier_os2,16,8,6,none,128,0,0.0,1.0,1.0,1.0,209f4e1d2838c3ac7a4519de08033a6427d715dc84de61b67fc0fd23a02b1281,cd615300e2e1f8058bb99a1cc27d995bc71906156c30cfb4c1c63929c83ae6aa,9250431dd22ac6776961718cfc761eff239d7c2253f52324e186c457b958e41e
3tier_os2,16,8,6,hot_spot,128,0,0.515625,1.2332267515368354,1.9242810908673096,1.2998386491881546,209f4e1d2838c3ac7a4519de08033a6427d715dc84de61b67fc0fd23a02b1281,cd615300e2e1f8058bb99a1cc27d995bc71906156c30cfb4c1c63929c83ae6aa,9250431dd22ac6776961718cfc761eff239d7c2253f52324e186c457b958e41e
3tier_os2,16,8,7,none,128,0,0.0,1.0,1.0,1.0,88d33129c37f78760736e66f9740065d66359ed1c63f0bac2b21bc93d0bab7cf,cd615300e2e1f8058bb99a1cc27d995bc71906156c30cfb4c1c63929c83ae6aa,8cb61dea6c12fd9555eb5508a4b15d2c50d090ce5b3f675cb5ecac726ef5a040
3tier_os2,16,8,7,hot_spot,128,0,0.4921875,1.1814614587566987,4.66676796978365,1.2249502794531846,88d33129c37f78760736e66f9740065d66359ed1c63f0bac2b21bc93d0bab7cf,cd615300e2e1f8058bb99a1cc27d995bc71906156c30cfb4c1c63929c83ae6aa,8cb61dea6c12fd9555eb5508a4b15d2c50d090ce5b3f675cb5ecac726ef5a040
3tier_os2,16,8,8,none,128,0,0.0,1.0,1.0,1.0,f61358edc45ff2a59760af9938e4d46738bc27f11da529eafc5624d29cf7a169,cd615300e2e1f8058bb99a1cc27d995bc71906156c30cfb4c1c63929c83ae6aa,24b9c0c692809abd69a3ae6f006365ef6f8d772e39d1dff3bd7439b1c4af3604
3tier_os2,16,8,8,hot_spot,128,0,0.578125,1.1972403941495469,3.794133434040443,1.24135434042623,f61358edc45ff2a59760af9938e4d46738bc27f11da529eafc5624d29cf7a169,cd615300e2e1f8058bb99a1cc27d995bc71906156c30cfb4c1c63929c83ae6aa,24b9c0c692809abd69a3ae6f006365ef6f8d772e39d1dff3bd7439b1c4af3604
3tier_os2,16,8,9,none,128,0,0.0,1.0,1.0,1.0,d29d659b532ffb307f17cfe7326910681b9c77bad1430e411aa2bf882ccf541f,cd615300e2e1f8058bb99a1cc27d995bc71906156c30cfb4c1c63929c83ae6aa,59181d39ba918fd4ac7d5b7daa96360b1f0ea8c28a8590f29c07c86b09be5048
3tier_os2,16,8,9,hot_spot,128,0,0.515625,1.2071578450305762,3.59593387698019,1.268156361196992,d29d659b532ffb307f17cfe7326910681b9c77bad1430e411aa2bf882ccf541f,cd615300e2e1f8058bb99a1cc27d995bc71906156c30cfb4c1c63929c83ae6aa,59181d39ba918fd4ac7d5b7daa96360b1f0ea8c28a8590f29c07c86b09be5048
3tier_os2,16,16,0,none,256,0,0.0,1.0,1.0,1.0,37c8432e7e1de92c24cadb7af2950de4263654719dddeeff74b4124657e22388,cd615300e2e1f8058bb99a1cc27d995bc71906156c30cfb4c1c63929c83ae6aa,a0690b31638b0498f47c87d90821781f38de3427b8a0bbc5614a68fdbb33e45f
3tier_os2,16,16,0,hot_spot,256,0,0.6796875,1.0966387279180563,1.3049681075410187,1.1069397081301227,37c8432e7e1de92c24cadb7af2950de4263654719dddeeff74b4124657e22388,cd615300e2e1f8058bb99a1cc27d995bc71906156c30cfb4c1c63929c83ae6aa,a0690b31638b0498f47c87d90821781f38de3427b8a0bbc5614a68fdbb33e45f
3tier_os2,16,16,1,none,256,0,0.0,1.0,1.0,1.0,57ddb373795121d640976e60dc03fd1d506993e84bcc45ccf38756a597713dc0,cd615300e2e1f8058bb99a1cc27d995bc71906156c30cfb4c1c63929c83ae6aa,29c1a5303f48054acc4442c2b4a175fbf54f8b3ca16318c4619c547aff3a4c48
3tier_os2,16,16,1,hot_spot,256,0,0.66796875,1.0982425664085342,1.3960660463914152,1.1075646722793744,57ddb373795121d640976e60dc03fd1d506993e84bcc45ccf38756a597713dc0,cd615300e2e1f8058bb99a1cc27d995bc71906156c30cfb4c1c63929c83ae6aa,29c1a5303f48054acc4442c2b4a175fbf54f8b3ca16318c4619c547aff3a4c48
3tier_os2,16,16,2,none,256,0,0.0,1.0,1.0,1.0,8b00c9e94ddcc844f56411f485ebdfdae519f692f5941bec8a49e861554bf45e,cd615300e2e1f8058bb99a1cc27d995bc71906156c30cfb4c1c63929c83ae6aa,a0a144e8d55c195bf605c5b51ceb0422306e945870e02c4268120eaa48079bfd
3tier_os2,16,16,2,hot_spot,256,0,0.73828125,1.1027338462799383,3.936908427760873,1.1142163146345048,8b00c9e94ddcc844f56411f485ebdfdae519f692f5941bec8a49e861554bf45e,cd615300e2e1f8058bb99a1cc27d995bc71906156c30cfb4c1c63929c83ae6aa,a0a144e8d55c195bf605c5b51ceb0422306e945870e02c4268120eaa48079bfd
3tier_os2,16,16,3,none,256,0,0.0,1.0,1.0,1.0,e361216e608ac3ab5d22ad6cfe831725313c8ece5bb4aaddc0a916ef25160dcb,cd615300e2e1f8058bb99a1cc27d995bc71906156c30cfb4c1c63929c83ae6aa,4c648c92423d5b63dd087f5c7d4a96283afbe3b5f5adacedff7b8de1e61d0d44
3tier_os2,16,16,3,hot_spot,256,0,0.73046875,1.1109226802990675,1.7004689261414345,1.1231418711534722,e361216e608ac3ab5d22ad6cfe831725313c8ece5bb4aaddc0a916ef25160dcb,cd615300e2e1f8058bb99a1cc27d995bc71906156c30cfb4c1c63929c83ae6aa,4c648c92423d5b63dd087f5c7d4a96283afbe3b5f5adacedff7b8de1e61d0d44
3tier_os2,16,16,4,none,256,0,0.0,1.0,1.0,1.0,f5a19348b3a14ea01ebb742edafdad5ec5b2d1c5b858ed381cd1d4c81c628cf7,cd615300e2e1f8058bb99a1cc27d995bc71906156c30cfb4c1c63929c83ae6aa,aa56b89076b717bcfa47525f70cac9fc9cc6a07ccbe883bafacabb332a63ff96
3tier_os2,16,16,4,hot_spot,256,0,0.640625,1.1282326546281698,1.8095630934786298,1.1448326918179517,f5a19348b3a14ea01ebb742edafdad5ec5b2d1c5b858ed381cd1d4c81c628cf7,cd615300e2e1f8058bb99a1cc27d995bc71906156c30cfb4c1c63929c83ae6aa,aa56b89076b717bcfa47525f70cac9fc9cc6a07ccbe883bafacabb332a63ff96
3tier_os2,16,16,5,none,256,0,0.0,1.0,1.0,1.0,5f63580c45423263c6ba56a11e2d9e6b95bc56d08551e54c7fcc3c42212c46fc,cd615300e2e1f8058bb99a1cc27d995bc71906156c30cfb4c1c63929c83ae6aa,a2da32921bd27a588638c4cb8a3e88e99a9dedc8531e9a2a7b3bc5fb7dc8bba5
3tier_os2,16,16,5,hot_spot,256,0,0.6171875,1.1794321771711247,2.312346912830609,1.2119070018524434,5f63580c45423263c6ba56a11e2d9e6b95bc56d08551e54c7fcc3c42212c46fc,cd615300e2e1f8058bb99a1cc27d995bc71906156c30cfb4c1c63929c83ae6aa,a2da32921bd27a588638c4cb8a3e88e99a9dedc8531e9a2a7b3bc5fb7dc8bba5
3tier_os2,16,16,6,none,256,0,0.0,1.0,1.0,1.0,209f4e1d2838c3ac7a4519de08033a6427d715dc84de61b67fc0fd23a02b1281,cd615300e2e1f8058bb99a1cc27d995bc71906156c30cfb4c1c63929c83ae6aa,274bad8df9e376342ed48180ea134c2d976681d2af02048180e049f6abb72bba
3tier_os2,16,16,6,hot_spot,256,0,0.6640625,1.1296967097553305,1.4833101711927361,1.1487903224862355,209f4e1d2838c3ac7a4519de08033a6427d715dc84de61b67fc0fd23a02b1281,cd615300e2e1f8058bb99a1cc27d995bc71906156c30cfb4c1c63929c83ae6aa,274bad8df9e376342ed48180ea134c2d976681d2af02048180e049f6abb72bba
3tier_os2,16,16,7,none,256,0,0.0,1.0,1.0,1.0,88d33129c37f78760736e66f9740065d66359ed1c63f0bac2b21bc93d0bab7cf,cd615300e2e1f8058bb99a1cc27d995bc71906156c30cfb4c1c63929c83ae6aa,71b7806e14591cff9486f16625dfe4eff9e697671d9989006023c5c0c00b61d2
3tier_os2,16,16,7,hot_spot,256,0,0.6640625,1.1083932205650433,2.9330678592575694,1.1209838240842984,88d33129c37f78760736e66f9740065d66359ed1c63f0bac2b21bc93d0bab7cf,cd615300e2e1f8058bb99a1cc27d995bc71906156c30cfb4c1c63929c83ae6aa,71b7806e14591cff9486f16625dfe4eff9e697671d9989006023c5c0c00b61d2
3tier_os2,16,16,8,none,256,0,0.0,1.0,1.0,1.0,f61358edc45ff2a59760af9938e4d46738bc27f11da529eafc5624d29cf7a169,cd615300e2e1f8058bb99a1cc27d995bc71906156c30cfb4c1c63929c83ae6aa,83dd010788d1ce92f9195331316282511fd88507862fadf40603211e0487bf45
3tier_os2,16,16,8,hot_spot,256,0,0.6640625,1.1143784636272325,1.7244076907364734,1.126548763231855,f61358edc45ff2a59760af9938e4d46738bc27f11da529eafc5624d29cf7a169,cd615300e2e1f8058bb99a1cc27d995bc71906156c30cfb4c1c63929c83ae6aa,83dd010788d1ce92f9195331316282511fd88507862fadf40603211e0487bf45
3tier_os2,16,16,9,none,256,0,0.0,1.0,1.0,1.0,d29d659b532ffb307f17cfe7326910681b9c77bad1430e411aa2bf882ccf541f,cd615300e2e1f8058bb99a1cc27d995bc71906156c30cfb4c1c63929c83ae6aa,a660fb7776afe78268113046637711af0b0d292d4505f3b71f72c606b2dac852
3tier_os2,16,16,9,hot_spot,256,0,0.6484375,1.1366458116205087,2.4604044084442265,1.1556619467621525,d29d659b532ffb307f17cfe7326910681b9c77bad1430e411aa2bf882ccf541f,cd615300e2e1f8058bb99a1cc27d995bc71906156c30cfb4c1c63929c83ae6aa,a660fb7776afe78268113046637711af0b0d292d4505f3b71f72c606b2dac852
3tier_os2,64,2,0,none,128,0,0.0,1.0,1.0,1.0,02b8b93c846ec5f679f63d5afcacddba0972d2f5532fd0d0b699941360977e2e,cd615300e2e1f8058bb99a1cc27d995bc71906156c30cfb4c1c63929c83ae6aa,5c7fa563057c55cefb32d1b76629882864edf6816f8c089c70ab53824eb1afe1
3tier_os2,64,2,0,hot_spot,128,0,0.0625,1.0203686716586398,1.6499978303825538,1.0211193164211019,02b8b93c846ec5f679f63d5afcacddba0972d2f5532fd0d0b699941360977e2e,cd615300e2e1f8058bb99a1cc27d995bc71906156c30cfb4c1c63929c83ae6aa,5c7fa563057c55cefb32d1b76629882864edf6816f8c089c70ab53824eb1afe1
3tier_os2,64,2,1,none,128,0,0.015625,1.0078125,1.5,1.005730659025788,42fc3d1a36e35ae96fdc889ba4dbfb0015bb19d453abcbd93aa9c15f01b5f4c5,cd615300e2e1f8058bb99a1cc27d995bc71906156c30cfb4c1c63929c83ae6aa,9dfc4256be34758cba93aec8a548addb799e76ac8ee90a0ad12f99e1aa07da47
3tier_os2,64,2,1,hot_spot,128,0,0.0390625,1.0216959794154075,1.7119878171420184,1.0164869295769532,42fc3d1a36e35ae96fdc889ba4dbfb0015bb19d453abcbd93aa9c15f01b5f4c5,cd615300e2e1f8058bb99a1cc27d995bc71906156c30cfb4c1c63929c83ae6aa,9dfc4256be34758cba93aec8a548addb799e76ac8ee90a0ad12f99e1aa07da47
3tier_os2,64,2,2,none,128,0,0.0390625,1.0123697916666667,1.5,1.0107692307692306,3fa4df2aab9675a00992e2ce7174f31fe16626cae86f92405dd3b8e199b11a97,cd615300e2e1f8058bb99a1cc27d995bc71906156c30cfb4c1c63929c83ae6aa,d3140801c0f621e8c7e94c8ad5d16bc0faef6e6fc6e600cc917b58414f05206b
3tier_os2,64,2,2,hot_spot,128,0,0.0859375,1.0520810838634636,2.390984245198463,1.0600063072759662,3fa4df2aab9675a00992e2ce7174f31fe16626cae86f92405dd3b8e199b11a97,cd615300e2e1f8058bb99a1cc27d995bc71906156c30cfb4c1c63929c83ae6aa,d3140801c0f621e8c7e94c8ad5d16bc0faef6e6fc6e600cc917b58414f05206b
3tier_os2,64,2,3,none,128,0,0.0,1.0,1.0,1.0,226e9f772c7263b0f56a583e4dce815d2ad3f5fb85f07b3e90fbce6eb4d8275c,cd615300e2e1f8058bb99a1cc27d995bc71906156c30cfb4c1c63929c83ae6aa,ccbe7ada9357ffef40f9985511a9db70872124dd508ffb8f5e5e02ca50997b8c
3tier_os2,64,2,3,hot_spot,128,0,0.0703125,1.0252411753154929,1.6308236311191333,1.0187831272391654,226e9f772c7263b0f56a583e4dce815d2ad3f5fb85f07b3e90fbce6eb4d8275c,cd615300e2e1f8058bb99a1cc27d995bc71906156c30cfb4c1c63929c83ae6aa,ccbe7ada9357ffef40f9985511a9db70872124dd508ffb8f5e5e02ca50997b8c
3tier_os2,64,2,4,none,128,0,0.0,1.0,1.0,1.0,c5546007423070a62a9cabdd169eb133e1e5a98bfadec3fd376df938f05c914d,cd615300e2e1f8058bb99a1cc27d995bc71906156c30cfb4c1c63929c83ae6aa,0f922e136db6e44314fefd47a7a7b4b058ebc3e68ca55d418daac4f0705b945e
3tier_os2,64,2,4,hot_spot,128,0,0.0625,1.0233343066296507,1.5673860102281718,1.0253448079277514,c5546007423070a62a9cabdd169eb133e1e5a98bfadec3fd376df938f05c914d,cd615300e2e1f8058bb99a1cc27d995bc71906156c30cfb4c1c63929c83ae6aa,0f922e136db6e44314fefd47a7a7b4b058ebc3e68ca55d418daac4f0705b945e
3tier_os2,64,2,5,none,128,0,0.0,1.0,1.0,1.0,7fe954001f677f8902674d5d07c59657feb4c535e73546e5efa0967d16463150,cd615300e2e1f8058bb99a1cc27d995bc71906156c30cfb4c1c63929c83ae6aa,9c8c419e7c517239b99aa88929fee4a039e62e4e43b24ebffb8931cd27d2e0af
3tier_os2,64,2,5,hot_spot,128,0,0.078125,1.0310892864140877,1.7968029324482664,1.033130760923134,7fe954001f677f8902674d5d07c59657feb4c535e73546e5efa0967d16463150,cd615300e2e1f8058bb99a1cc27d995bc71906156c30cfb4c1c63929c83ae6aa,9c8c419e7c517239b99aa88929fee4a039e62e4e43b24ebffb8931cd27d2e0af
3tier_os2,64,2,6,none,128,0,0.015625,1.001953125,1.125,1.0014326647564469,be4c0fc6e75a7e7d535b2a3c9a0d53bc36fad4462d4d638dfc822d091a2e8ec4,cd615300e2e1f8058bb99a1cc27d995bc71906156c30cfb4c1c63929c83ae6aa,697aebd1337e8888978ba6ff844ffbdf56117370782580fd824d8ea96fe5b6d5
3tier_os2,64,2,6,hot_spot,128,0,0.0625,1.014064680730975,1.5977514845121399,1.0166356247177366,be4c0fc6e75a7e7d535b2a3c9a0d53bc36fad4462d4d638dfc822d091a2e8ec4,cd615300e2e1f8058bb99a1cc27d995bc71906156c30cfb4c1c63929c83ae6aa,697aebd1337e8888978ba6ff844ffbdf56117370782580fd824d8ea96fe5b6d5
3tier_os2,64,2,7,none,128,0,0.03125,1.0078125,1.5,1.0066964285714286,36c33cd7cff6722d709e5eee46e01c45eb2d5facdc85f6953c893f90b1d56ff7,cd615300e2e1f8058bb99a1cc27d995bc71906156c30cfb4c1c63929c83ae6aa,5960be78dd82ec0464a9716bf8ca567c3858995a220499ba3f4b78a118481295
3tier_os2,64,2,7,hot_spot,128,0,0.109375,1.0372357417971718,1.8524339325848724,1.0458273829460591,36c33cd7cff6722d709e5eee46e01c45eb2d5facdc85f6953c893f90b1d56ff7,cd615300e2e1f8058bb99a1cc27d995bc71906156c30cfb4c1c63929c83ae6aa,5960be78dd82ec0464a9716bf8ca567c3858995a220499ba3f4b78a118481295
3tier_os2,64,2,8,none,128,0,0.0,1.0,1.0,1.0,3b6a25d47fa9d68be752b471d334a363c8e0e75d344497858630788b247e655e,cd615300e2e1f8058bb99a1cc27d995bc71906156c30cfb4c1c63929c83ae6aa,8c1b1674eefe9c2682c2d2affc75d030c8caddedbb0b320d42bc01f44d3215c2
3tier_os2,64,2,8,hot_spot,128,0,0.0703125,1.0244404678965815,1.566565937483256,1.0225394220270154,3b6a25d47fa9d68be752b471d334a363c8e0e75d344497858630788b247e655e,cd615300e2e1f8058bb99a1cc27d995bc71906156c30cfb4c1c63929c83ae6aa,8c1b1674eefe9c2682c2d2affc75d030c8caddedbb0b320d42bc01f44d3215c2
3tier_os2,64,2,9,none,128,0,0.0078125,1.00390625,1.5,1.0029455081001473,44a5888f8c0febef06a54112aa7edc1524da66ae0c001733d03a043d73a7c605,cd615300e2e1f8058bb99a1cc27d995bc71906156c30cfb4c1c63929c83ae6aa,779e5b8924ea3ed60dd47d207f0146f4c85bae8fac293c00d134a9f2dd2655b7
3tier_os2,64,2,9,hot_spot,128,0,0.1015625,1.0429323387031864,2.0,1.0570606208920375,44a5888f8c0febef06a54112aa7edc1524da66ae0c001733d03a043d73a7c605,cd615300e2e1f8058bb99a1cc27d995bc71906156c30cfb4c1c63929c83ae6aa,779e5b8924ea3ed60dd47d207f0146f4c85bae8fac293c00d134a9f2dd2655b7
3tier_os2,64,8,0,none,512,0,0.0,1.0,1.0,1.0,02b8b93c846ec5f679f63d5afcacddba0972d2f5532fd0d0b699941360977e2e,cd615300e2e1f8058bb99a1cc27d995bc71906156c30cfb4c1c63929c83ae6aa,fb8820a2536a77f6774dc6e773f5e159b2c85f7a9f5f7e9327e5e1c1426bc0c9
3tier_os2,64,8,0,hot_spot,512,0,0.501953125,1.2142421305072866,4.0000000000000036,1.27791499545877,02b8b93c846ec5f679f63d5afcacddba0972d2f5532fd0d0b699941360977e2e,cd615300e2e1f8058bb99a1cc27d995bc71906156c30cfb4c1c63929c83ae6aa,fb8820a2536a77f6774dc6e773f5e159b2c85f7a9f5f7e9327e5e1c1426bc0c9
3tier_os2,64,8,1,none,512,0,0.0,1.0,1.0,1.0,42fc3d1a36e35ae96fdc889ba4dbfb0015bb19d453abcbd93aa9c15f01b5f4c5,cd615300e2e1f8058bb99a1cc27d995bc71906156c30cfb4c1c63929c83ae6aa,f748835133c00337711d218f23c5e9ed7e9e69f27ee9c607291670684d8feaee
3tier_os2,64,8,1,hot_spot,512,0,0.5234375,1.2166528703526698,3.764041251966991,1.2821002904809797,42fc3d1a36e35ae96fdc889ba4dbfb0015bb19d453abcbd93aa9c15f01b5f4c5,cd615300e2e1f8058bb99a1cc27d995bc71906156c30cfb4c1c63929c83ae6aa,f748835133c00337711d218f23c5e9ed7e9e69f27ee9c607291670684d8feaee
3tier_os2,64,8,2,none,512,0,0.107421875,1.005859375,1.111111111111111,1.005893909626719,3fa4df2aab9675a00992e2ce7174f31fe16626cae86f92405dd3b8e199b11a97,cd615300e2e1f8058bb99a1cc27d995bc71906156c30cfb4c1c63929c83ae6aa,1ce1f9081712214f7515bfa233fd4e4b31ebf315542c5ee42f108312fe8ae196
3tier_os2,64,8,2,hot_spot,512,0,0.5234375,1.2284274310785912,3.9999999999999987,1.3037179763532585,3fa4df2aab9675a00992e2ce7174f31fe16626cae86f92405dd3b8e199b11a97,cd615300e2e1f8058bb99a1cc27d995bc71906156c30cfb4c1c63929c83ae6aa,1ce1f9081712214f7515bfa233fd4e4b31ebf315542c5ee42f108312fe8ae196
3tier_os2,64,8,3,none,512,0,0.091796875,1.005859375,1.1851851851851851,1.005893909626719,226e9f772c7263b0f56a583e4dce815d2ad3f5fb85f07b3e90fbce6eb4d8275c,cd615300e2e1f8058bb99a1cc27d995bc71906156c30cfb4c1c63929c83ae6aa,4186797cd81db3d0ab8deb7f6f2f77c360d390b82641a5674cb2e40767561ce1
3tier_os2,64,8,3,hot_spot,512,0,0.4921875,1.2302717559327387,3.999999999999997,1.3035264659979353,226e9f772c7263b0f56a583e4dce815d2ad3f5fb85f07b3e90fbce6eb4d8275c,cd615300e2e1f8058bb99a1cc27d995bc71906156c30cfb4c1c63929c83ae6aa,4186797cd81db3d0ab8deb7f6f2f77c360d390b82641a5674cb2e40767561ce1
3tier_os2,64,8,4,none,512,0,0.0,1.0,1.0,1.0,c5546007423070a62a9cabdd169eb133e1e5a98bfadec3fd376df938f05c914d,cd615300e2e1f8058bb99a1cc27d995bc71906156c30cfb4c1c63929c83ae6aa,8edbcd98ab42c61e205dac3ac3bd490b6156a0c31ce52e141d955d4c32daf19e
3tier_os2,64,8,4,hot_spot,512,0,0.546875,1.1932657509929938,3.9999999999999987,1.2376503855952947,c5546007423070a62a9cabdd169eb133e1e5a98bfadec3fd376df938f05c914d,cd615300e2e1f8058bb99a1cc27d995bc71906156c30cfb4c1c63929c83ae6aa,8edbcd98ab42c61e205dac3ac3bd490b6156a0c31ce52e141d955d4c32daf19e
3tier_os2,64,8,5,none,512,0,0.0,1.0,1.0,1.0,7fe954001f677f8902674d5d07c59657feb4c535e73546e5efa0967d16463150,cd615300e2e1f8058bb99a1cc27d995bc71906156c30cfb4c1c63929c83ae6aa,5d4f8e07862dbcece22ad678c67173be216b883601976db51ee0c741d232ee2a
3tier_os2,64,8,5,hot_spot,512,0,0.4765625,1.2333315083976018,3.769457089487083,1.3129331771721955,7fe954001f677f8902674d5d07c59657feb4c535e73546e5efa0967d16463150,cd615300e2e1f8058bb99a1cc27d995bc71906156c30cfb4c1c63929c83ae6aa,5d4f8e07862dbcece22ad678c67173be216b883601976db51ee0c741d232ee2a
3tier_os2,64,8,6,none,512,0,0.0,1.0,1.0,1.0,be4c0fc6e75a7e7d535b2a3c9a0d53bc36fad4462d4d638dfc822d091a2e8ec4,cd615300e2e1f8058bb99a1cc27d995bc71906156c30cfb4c1c63929c83ae6aa,6d035d8d3cbef2e46d4d773bbbe8513b3714dcbcbf06c71d4ecd5077180179cf
3tier_os2,64,8,6,hot_spot,512,0,0.51171875,1.2340882938884072,4.000000000000001,1.3152071070068112,be4c0fc6e75a7e7d535b2a3c9a0d53bc36fad4462d4d638dfc822d091a2e8ec4,cd615300e2e1f8058bb99a1cc27d995bc71906156c30cfb4c1c63929c83ae6aa,6d035d8d3cbef2e46d4d773bbbe8513b3714dcbcbf06c71d4ecd5077180179cf
3tier_os2,64,8,7,none,512,0,0.0,1.0,1.0,1.0,36c33cd7cff6722d709e5eee46e01c45eb2d5facdc85f6953c893f90b1d56ff7,cd615300e2e1f8058bb99a1cc27d995bc71906156c30cfb4c1c63929c83ae6aa,9855762cbc81b8d17f70e65087cd22100c6ad2b5efdf5752a3826fc84939b611
3tier_os2,64,8,7,hot_spot,512,0,0.49609375,1.1880674537547486,4.666767969783646,1.238910858645722,36c33cd7cff6722d709e5eee46e01c45eb2d5facdc85f6953c893f90b1d56ff7,cd615300e2e1f8058bb99a1cc27d995bc71906156c30cfb4c1c63929c83ae6aa,9855762cbc81b8d17f70e65087cd22100c6ad2b5efdf5752a3826fc84939b611
3tier_os2,64,8,8,none,512,0,0.03125,1.001953125,1.1333333333333333,1.0019569471624266,3b6a25d47fa9d68be752b471d334a363c8e0e75d344497858630788b247e655e,cd615300e2e1f8058bb99a1cc27d995bc71906156c30cfb4c1c63929c83ae6aa,08b4e571816f3e3943d36a069976a3a3653219f0641b9d1d3589776a875b6ff2
3tier_os2,64,8,8,hot_spot,512,0,0.5234375,1.225562859462175,4.000000000000001,1.2935618482628342,3b6a25d47fa9d68be752b471d334a363c8e0e75d344497858630788b247e655e,cd615300e2e1f8058bb99a1cc27d995bc71906156c30cfb4c1c63929c83ae6aa,08b4e571816f3e3943d36a069976a3a3653219f0641b9d1d3589776a875b6ff2
3tier_os2,64,8,9,none,512,0,0.02734375,1.001953125,1.1481481481481481,1.0019569471624266,44a5888f8c0febef06a54112aa7edc1524da66ae0c001733d03a043d73a7c605,cd615300e2e1f8058bb99a1cc27d995bc71906156c30cfb4c1c63929c83ae6aa,05152159213a5995421562f67c75e6e3780d6380dcee77836e2a129ace8e4588
3tier_os2,64,8,9,hot_spot,512,0,0.447265625,1.2113620480334168,4.000000000000005,1.2764325106279086,44a5888f8c0febef06a54112aa7edc1524da66ae0c001733d03a043d73a7c605,cd615300e2e1f8058bb99a1cc27d995bc71906156c30cfb4c1c63929c83ae6aa,05152159213a5995421562f67c75e6e3780d6380dcee77836e2a129ace8e4588
3tier_os2,64,16,0,none,1024,0,0.0,1.0,1.0,1.0,02b8b93c846ec5f679f63d5afcacddba0972d2f5532fd0d0b699941360977e2e,cd615300e2e1f8058bb99a1cc27d995bc71906156c30cfb4c1c63929c83ae6aa,659442d1d28acfbfdcd24f5042bb7d305051c7c2daeb94dd8621531ebb5b02a7
3tier_os2,64,16,0,hot_spot,1024,0,0.64453125,1.1722738908253758,3.6505621316616907,1.2029767633746367,02b8b93c846ec5f679f63d5afcacddba0972d2f5532fd0d0b699941360977e2e,cd615300e2e1f8058bb99a1cc27d995bc71906156c30cfb4c1c63929c83ae6aa,659442d1d28acfbfdcd24f5042bb7d305051c7c2daeb94dd8621531ebb5b02a7
3tier_os2,64,16,1,none,1024,0,0.0,1.0,1.0,1.0,42fc3d1a36e35ae96fdc889ba4dbfb0015bb19d453abcbd93aa9c15f01b5f4c5,cd615300e2e1f8058bb99a1cc27d995bc71906156c30cfb4c1c63929c83ae6aa,094d3d4638e73eb7f83baee8c10d6e3cc6956fc747d94ac532c0c93b8473935c
3tier_os2,64,16,1,hot_spot,1024,0,0.642578125,1.1952323735136103,4.43176300695084,1.2348647500324603,42fc3d1a36e35ae96fdc889ba4dbfb0015bb19d453abcbd93aa9c15f01b5f4c5,cd615300e2e1f8058bb99a1cc27d995bc71906156c30cfb4c1c63929c83ae6aa,094d3d4638e73eb7f83baee8c10d6e3cc6956fc747d94ac532c0c93b8473935c
3tier_os2,64,16,2,none,1024,0,0.1005859375,1.0009765625,1.0158730158730158,1.0009775171065494,3fa4df2aab9675a00992e2ce7174f31fe16626cae86f92405dd3b8e199b11a97,cd615300e2e1f8058bb99a1cc27d995bc71906156c30cfb4c1c63929c83ae6aa,b182089b8248fdb3cd193d861419cf5354685718ee542b8207c682ed2934a121
3tier_os2,64,16,2,hot_spot,1024,0,0.6171875,1.2028793629495904,6.384854846436311,1.2489984935915301,3fa4df2aab9675a00992e2ce7174f31fe16626cae86f92405dd3b8e199b11a97,cd615300e2e1f8058bb99a1cc27d995bc71906156c30cfb4c1c63929c83ae6aa,b182089b8248fdb3cd193d861419cf5354685718ee542b8207c682ed2934a121
3tier_os2,64,16,3,none,1024,0,0.0,1.0,1.0,1.0,226e9f772c7263b0f56a583e4dce815d2ad3f5fb85f07b3e90fbce6eb4d8275c,cd615300e2e1f8058bb99a1cc27d995bc71906156c30cfb4c1c63929c83ae6aa,8d20d174887534422c9426f7b15d92231d8ab95b0bcc616f119198c8260e3a1d
3tier_os2,64,16,3,hot_spot,1024,0,0.673828125,1.1922084433744093,4.539996215876708,1.2298577190102786,226e9f772c7263b0f56a583e4dce815d2ad3f5fb85f07b3e90fbce6eb4d8275c,cd615300e2e1f8058bb99a1cc27d995bc71906156c30cfb4c1c63929c83ae6aa,8d20d174887534422c9426f7b15d92231d8ab95b0bcc616f119198c8260e3a1d
3tier_os2,64,16,4,none,1024,0,0.0,1.0,1.0,1.0,c5546007423070a62a9cabdd169eb133e1e5a98bfadec3fd376df938f05c914d,cd615300e2e1f8058bb99a1cc27d995bc71906156c30cfb4c1c63929c83ae6aa,1b80fdcb8e3f93c71d5676acd3a63801d9a78f53f5ae64a1d3a72953b78a4cbd
3tier_os2,64,16,4,hot_spot,1024,0,0.6962890625,1.1547698679336498,3.9845452645289297,1.175539204214326,c5546007423070a62a9cabdd169eb133e1e5a98bfadec3fd376df938f05c914d,cd615300e2e1f8058bb99a1cc27d995bc71906156c30cfb4c1c63929c83ae6aa,1b80fdcb8e3f93c71d5676acd3a63801d9a78f53f5ae64a1d3a72953b78a4cbd
3tier_os2,64,16,5,none,1024,0,0.0,1.0,1.0,1.0,7fe954001f677f8902674d5d07c59657feb4c535e73546e5efa0967d16463150,cd615300e2e1f8058bb99a1cc27d995bc71906156c30cfb4c1c63929c83ae6aa,932ffa2b4c41b8937f01a74d9f5900cbfcfd7ea87d990d81443df4737219bba8
3tier_os2,64,16,5,hot_spot,1024,0,0.6220703125,1.2278651922313204,5.817387825625166,1.279194960605001,7fe954001f677f8902674d5d07c59657feb4c535e73546e5efa0967d16463150,cd615300e2e1f8058bb99a1cc27d995bc71906156c30cfb4c1c63929c83ae6aa,932ffa2b4c41b8937f01a74d9f5900cbfcfd7ea87d990d81443df4737219bba8
3tier_os2,64,16,6,none,1024,0,0.0,1.0,1.0,1.0,be4c0fc6e75a7e7d535b2a3c9a0d53bc36fad4462d4d638dfc822d091a2e8ec4,cd615300e2e1f8058bb99a1cc27d995bc71906156c30cfb4c1c63929c83ae6aa,9f51b0f277f217e2b5a163b0c03fbe4c444874fb23b46a9666fd5e2ffd18afb4
3tier_os2,64,16,6,hot_spot,1024,0,0.59765625,1.2084037785609039,3.483321955418043,1.254834721136229,be4c0fc6e75a7e7d535b2a3c9a0d53bc36fad4462d4d638dfc822d091a2e8ec4,cd615300e2e1f8058bb99a1cc27d995bc71906156c30cfb4c1c63929c83ae6aa,9f51b0f277f217e2b5a163b0c03fbe4c444874fb23b46a9666fd5e2ffd18afb4
3tier_os2,64,16,7,none,1024,0,0.0,1.0,1.0,1.0,36c33cd7cff6722d709e5eee46e01c45eb2d5facdc85f6953c893f90b1d56ff7,cd615300e2e1f8058bb99a1cc27d995bc71906156c30cfb4c1c63929c83ae6aa,b74d5524240e12318ad266fb566dc9a3be97ba408e6e2475134a5aacf176130e
3tier_os2,64,16,7,hot_spot,1024,0,0.58984375,1.151749281106221,2.933067859257567,1.1751694882103003,36c33cd7cff6722d709e5eee46e01c45eb2d5facdc85f6953c893f90b1d56ff7,cd615300e2e1f8058bb99a1cc27d995bc71906156c30cfb4c1c63929c83ae6aa,b74d5524240e12318ad266fb566dc9a3be97ba408e6e2475134a5aacf176130e
3tier_os2,64,16,8,none,1024,0,0.0,1.0,1.0,1.0,3b6a25d47fa9d68be752b471d334a363c8e0e75d344497858630788b247e655e,cd615300e2e1f8058bb99a1cc27d995bc71906156c30cfb4c1c63929c83ae6aa,f57057b2e7467bf73b30c5febd362ee00f6cae9c7d53d87448fc7c4af1a5ebc1
3tier_os2,64,16,8,hot_spot,1024,0,0.6220703125,1.1853651494301896,4.536016059510977,1.2227276810312255,3b6a25d47fa9d68be752b471d334a363c8e0e75d344497858630788b247e655e,cd615300e2e1f8058bb99a1cc27d995bc71906156c30cfb4c1c63929c83ae6aa,f57057b2e7467bf73b30c5febd362ee00f6cae9c7d53d87448fc7c4af1a5ebc1
3tier_os2,64,16,9,none,1024,0,0.0,1.0,1.0,1.0,44a5888f8c0febef06a54112aa7edc1524da66ae0c001733d03a043d73a7c605,cd615300e2e1f8058bb99a1cc27d995bc71906156c30cfb4c1c63929c83ae6aa,107c7a6118fa1d9cf98483d844b2bf60bdd2125b0a5da175887d80edb7f95c9a
3tier_os2,64,16,9,hot_spot,1024,0,0.5751953125,1.1813293367426603,5.980214981122867,1.216653465723257,44a5888f8c0febef06a54112aa7edc1524da66ae0c001733d03a043d73a7c605,cd615300e2e1f8058bb99a1cc27d995bc71906156c30cfb4c1c63929c83ae6aa,107c7a6118fa1d9cf98483d844b2bf60bdd2125b0a5da175887d80edb7f95c9a
3tier_os4,16,2,0,none,32,0,0.0,1.0,1.0,1.0,37c8432e7e1de92c24cadb7af2950de4263654719dddeeff74b4124657e22388,b041c414a3dfa3a4fe4aa0d2f2bc35892cd097d6ff94645a7df5117e16a6aafc,726868e37bd5133a24313454fda4244572b0d3121a1c1b54db0143c057a8ec82
3tier_os4,16,2,0,hot_spot,32,0,0.0,1.0,1.0000000000000002,1.0,37c8432e7e1de92c24cadb7af2950de4263654719dddeeff74b4124657e22388,b041c414a3dfa3a4fe4aa0d2f2bc35892cd097d6ff94645a7df5117e16a6aafc,726868e37bd5133a24313454fda4244572b0d3121a1c1b54db0143c057a8ec82
3tier_os4,16,2,1,none,32,0,0.0,1.0,1.0,1.0,57ddb373795121d640976e60dc03fd1d506993e84bcc45ccf38756a597713dc0,b041c414a3dfa3a4fe4aa0d2f2bc35892cd097d6ff94645a7df5117e16a6aafc,2d85ba8248e52b231285c441ef46c3218dbe9d263b9b8724986e7944a368b88b
3tier_os4,16,2,1,hot_spot,32,0,0.03125,1.0108462319661324,1.3470794229162415,1.0118063427724393,57ddb373795121d640976e60dc03fd1d506993e84bcc45ccf38756a597713dc0,b041c414a3dfa3a4fe4aa0d2f2bc35892cd097d6ff94645a7df5117e16a6aafc,2d85ba8248e52b231285c441ef46c3218dbe9d263b9b8724986e7944a368b88b
3tier_os4,16,2,2,none,32,0,0.0,1.0,1.0,1.0,8b00c9e94ddcc844f56411f485ebdfdae519f692f5941bec8a49e861554bf45e,b041c414a3dfa3a4fe4aa0d2f2bc35892cd097d6ff94645a7df5117e16a6aafc,247a1d8d018f06a2e7916ce97798215e507accde6d436ad75448663273310470
3tier_os4,16,2,2,hot_spot,32,0,0.03125,1.018562171774968,1.593989496798976,1.0514632188325423,8b00c9e94ddcc844f56411f485ebdfdae519f692f5941bec8a49e861554bf45e,b041c414a3dfa3a4fe4aa0d2f2bc35892cd097d6ff94645a7df5117e16a6aafc,247a1d8d018f06a2e7916ce97798215e507accde6d436ad75448663273310470
3tier_os4,16,2,3,none,32,0,0.0,1.0,1.0,1.0,e361216e608ac3ab5d22ad6cfe831725313c8ece5bb4aaddc0a916ef25160dcb,b041c414a3dfa3a4fe4aa0d2f2bc35892cd097d6ff94645a7df5117e16a6aafc,4d0ed3e309d7c61143ea6b1c7b9e464675ffd0d6b2adc81f2861baf09071973c
3tier_os4,16,2,3,hot_spot,32,0,0.0,1.0,1.0,1.0,e361216e608ac3ab5d22ad6cfe831725313c8ece5bb4aaddc0a916ef25160dcb,b041c414a3dfa3a4fe4aa0d2f2bc35892cd097d6ff94645a7df5117e16a6aafc,4d0ed3e309d7c61143ea6b1c7b9e464675ffd0d6b2adc81f2861baf09071973c
3tier_os4,16,2,4,none,32,0,0.0,1.0,1.0,1.0,f5a19348b3a14ea01ebb742edafdad5ec5b2d1c5b858ed381cd1d4c81c628cf7,b041c414a3dfa3a4fe4aa0d2f2bc35892cd097d6ff94645a7df5117e16a6aafc,cd1a5c1c2dfb10fd4c881c6a7ce40015430a92a07f41510c484b9a1c303021a3
3tier_os4,16,2,4,hot_spot,32,0,0.0625,1.0016594383219826,1.0472469017056092,1.0016619844457029,f5a19348b3a14ea01ebb742edafdad5ec5b2d1c5b858ed381cd1d4c81c628cf7,b041c414a3dfa3a4fe4aa0d2f2bc35892cd097d6ff94645a7df5117e16a6aafc,cd1a5c1c2dfb10fd4c881c6a7ce40015430a92a07f41510c484b9a1c303021a3
3tier_os4,16,2,5,none,32,0,0.0,1.0,1.0,1.0,5f63580c45423263c6ba56a11e2d9e6b95bc56d08551e54c7fcc3c42212c46fc,b041c414a3dfa3a4fe4aa0d2f2bc35892cd097d6ff94645a7df5117e16a6aafc,fad2d934c945c7422b5745e1209dbe32f0537bf27f63aecf3f55445755a670af
3tier_os4,16,2,5,hot_spot,32,0,0.0,1.0,1.0000000000000002,1.0,5f63580c45423263c6ba56a11e2d9e6b95bc56d08551e54c7fcc3c42212c46fc,b041c414a3dfa3a4fe4aa0d2f2bc35892cd097d6ff94645a7df5117e16a6aafc,fad2d934c945c7422b5745e1209dbe32f0537bf27f63aecf3f55445755a670af
3tier_os4,16,2,6,none,32,0,0.0,1.0,1.0,1.0,209f4e1d2838c3ac7a4519de08033a6427d715dc84de61b67fc0fd23a02b1281,b041c414a3dfa3a4fe4aa0d2f2bc35892cd097d6ff94645a7df5117e16a6aafc,264bf13e1762450757d6ed0c729501e5b4ed9dae8614d5ef543cffe300f93007
3tier_os4,16,2,6,hot_spot,32,0,0.03125,1.0014335840785376,1.045874690513199,1.0022368186544308,209f4e1d2838c3ac7a4519de08033a6427d715dc84de61b67fc0fd23a02b1281,b041c414a3dfa3a4fe4aa0d2f2bc35892cd097d6ff94645a7df5117e16a6aafc,264bf13e1762450757d6ed0c729501e5b4ed9dae8614d5ef543cffe300f93007
3tier_os4,16,2,7,none,32,0,0.0,1.0,1.0,1.0,88d33129c37f78760736e66f9740065d66359ed1c63f0bac2b21bc93d0bab7cf,b041c414a3dfa3a4fe4aa0d2f2bc35892cd097d6ff94645a7df5117e16a6aafc,692d26ba55524ab182ca7476b6aabd09b039a4dd7f3c94d0e7eefc212994d7dd
3tier_os4,16,2,7,hot_spot,32,0,0.0625,1.0152564768586163,1.3104005672836736,1.039631692817356,88d33129c37f78760736e66f9740065d66359ed1c63f0bac2b21bc93d0bab7cf,b041c414a3dfa3a4fe4aa0d2f2bc35892cd097d6ff94645a7df5117e16a6aafc,692d26ba55524ab182ca7476b6aabd09b039a4dd7f3c94d0e7eefc212994d7dd
3tier_os4,16,2,8,none,32,0,0.0,1.0,1.0,1.0,f61358edc45ff2a59760af9938e4d46738bc27f11da529eafc5624d29cf7a169,b041c414a3dfa3a4fe4aa0d2f2bc35892cd097d6ff94645a7df5117e16a6aafc,376fc8c6c3eff9fabb84c99522bb716570fa62751fd47934e4f115c916b91a96
3tier_os4,16,2,8,hot_spot,32,0,0.0625,1.0272996916439754,1.861030309205153,1.025810787869977,f61358edc45ff2a59760af9938e4d46738bc27f11da529eafc5624d29cf7a169,b041c414a3dfa3a4fe4aa0d2f2bc35892cd097d6ff94645a7df5117e16a6aafc,376fc8c6c3eff9fabb84c99522bb716570fa62751fd47934e4f115c916b91a96
3tier_os4,16,2,9,none,32,0,0.0,1.0,1.0,1.0,d29d659b532ffb307f17cfe7326910681b9c77bad1430e411aa2bf882ccf541f,b041c414a3dfa3a4fe4aa0d2f2bc35892cd097d6ff94645a7df5117e16a6aafc,e043b4daf0b1816e870d39fefdc3f3ae175836a37cbae7e78498dfe198d58398
3tier_os4,16,2,9,hot_spot,32,0,0.03125,1.006951244915472,1.2224398372951073,1.0044168858532028,d29d659b532ffb307f17cfe7326910681b9c77bad1430e411aa2bf882ccf541f,b041c414a3dfa3a4fe4aa0d2f2bc35892cd097d6ff94645a7df5117e16a6aafc,e043b4daf0b1816e870d39fefdc3f3ae175836a37cbae7e78498dfe198d58398
3tier_os4,16,8,0,none,128,0,0.0,1.0,1.0,1.0,37c8432e7e1de92c24cadb7af2950de4263654719dddeeff74b4124657e22388,b041c414a3dfa3a4fe4aa0d2f2bc35892cd097d6ff94645a7df5117e16a6aafc,2f7cb220a5567a9dd24965f9f31c2cd1b1f1c405a6fe8f77332892c005997dd1
3tier_os4,16,8,0,hot_spot,128,0,0.28125,1.1981163496153473,2.0042475069786967,1.2715330872294364,37c8432e7e1de92c24cadb7af2950de4263654719dddeeff74b4124657e22388,b041c414a3dfa3a4fe4aa0d2f2bc35892cd097d6ff94645a7df5117e16a6aafc,2f7cb220a5567a9dd24965f9f31c2cd1b1f1c405a6fe8f77332892c005997dd1
3tier_os4,16,8,1,none,128,0,0.0546875,1.0078125,1.1666666666666667,1.0078740157480315,57ddb373795121d640976e60dc03fd1d506993e84bcc45ccf38756a597713dc0,b041c414a3dfa3a4fe4aa0d2f2bc35892cd097d6ff94645a7df5117e16a6aafc,00f697d2a3f60b22953bf897857c9950985793bd996a5795c925f78fd0e4758b
3tier_os4,16,8,1,hot_spot,128,0,0.4375,1.2155345363337589,2.3118120090865784,1.2899054230208347,57ddb373795121d640976e60dc03fd1d506993e84bcc45ccf38756a597713dc0,b041c414a3dfa3a4fe4aa0d2f2bc35892cd097d6ff94645a7df5117e16a6aafc,00f697d2a3f60b22953bf897857c9950985793bd996a5795c925f78fd0e4758b
3tier_os4,16,8,2,none,128,0,0.0,1.0,1.0,1.0,8b00c9e94ddcc844f56411f485ebdfdae519f692f5941bec8a49e861554bf45e,b041c414a3dfa3a4fe4aa0d2f2bc35892cd097d6ff94645a7df5117e16a6aafc,1be72a717d3b16dbf35eb9385b24df8e5574bc96b4359e0d7fa747a2bf566ec0
3tier_os4,16,8,2,hot_spot,128,0,0.375,1.1530116926047898,2.0000000000000004,1.207849338448052,8b00c9e94ddcc844f56411f485ebdfdae519f692f5941bec8a49e861554bf45e,b041c414a3dfa3a4fe4aa0d2f2bc35892cd097d6ff94645a7df5117e16a6aafc,1be72a717d3b16dbf35eb9385b24df8e5574bc96b4359e0d7fa747a2bf566ec0
3tier_os4,16,8,3,none,128,0,0.0703125,1.0078125,1.1333333333333335,1.0078740157480315,e361216e608ac3ab5d22ad6cfe831725313c8ece5bb4aaddc0a916ef25160dcb,b041c414a3dfa3a4fe4aa0d2f2bc35892cd097d6ff94645a7df5117e16a6aafc,3c7e85f2a87dc217fd1f88ede493fc90f894e0dd40683a34940dfcb69bc35e2f
3tier_os4,16,8,3,hot_spot,128,0,0.3828125,1.249435421552134,2.044448623037784,1.3731587473938482,e361216e608ac3ab5d22ad6cfe831725313c8ece5bb4aaddc0a916ef25160dcb,b041c414a3dfa3a4fe4aa0d2f2bc35892cd097d6ff94645a7df5117e16a6aafc,3c7e85f2a87dc217fd1f88ede493fc90f894e0dd40683a34940dfcb69bc35e2f
3tier_os4,16,8,4,none,128,0,0.0859375,1.0078125,1.1333333333333335,1.0078740157480315,f5a19348b3a14ea01ebb742edafdad5ec5b2d1c5b858ed381cd1d4c81c628cf7,b041c414a3dfa3a4fe4aa0d2f2bc35892cd097d6ff94645a7df5117e16a6aafc,f760440cdb31a70611a6844fe393df82203dd269e023e9a71f709d2503bf06a1
3tier_os4,16,8,4,hot_spot,128,0,0.40625,1.1670563335276825,1.9999999999999998,1.2321367431825054,f5a19348b3a14ea01ebb742edafdad5ec5b2d1c5b858ed381cd1d4c81c628cf7,b041c414a3dfa3a4fe4aa0d2f2bc35892cd097d6ff94645a7df5117e16a6aafc,f760440cdb31a70611a6844fe393df82203dd269e023e9a71f709d2503bf06a1
3tier_os4,16,8,5,none,128,0,0.0,1.0,1.0,1.0,5f63580c45423263c6ba56a11e2d9e6b95bc56d08551e54c7fcc3c42212c46fc,b041c414a3dfa3a4fe4aa0d2f2bc35892cd097d6ff94645a7df5117e16a6aafc,825487cc4e6ee2686b224547a8be10f65debd2358ef6bcb066ecc3982e7f1c89
3tier_os4,16,8,5,hot_spot,128,0,0.3203125,1.1801311686094038,2.5562152577788937,1.275581789811149,5f63580c45423263c6ba56a11e2d9e6b95bc56d08551e54c7fcc3c42212c46fc,b041c414a3dfa3a4fe4aa0d2f2bc35892cd097d6ff94645a7df5117e16a6aafc,825487cc4e6ee2686b224547a8be10f65debd2358ef6bcb066ecc3982e7f1c89
3tier_os4,16,8,6,none,128,0,0.0,1.0,1.0,1.0,209f4e1d2838c3ac7a4519de08033a6427d715dc84de61b67fc0fd23a02b1281,b041c414a3dfa3a4fe4aa0d2f2bc35892cd097d6ff94645a7df5117e16a6aafc,9250431dd22ac6776961718cfc761eff239d7c2253f52324e186c457b958e41e
3tier_os4,16,8,6,hot_spot,128,0,0.3515625,1.2371587292817592,1.9999999999999998,1.3569082120481593,209f4e1d2838c3ac7a4519de08033a6427d715dc84de61b67fc0fd23a02b1281,b041c414a3dfa3a4fe4aa0d2f2bc35892cd097d6ff94645a7df5117e16a6aafc,9250431dd22ac6776961718cfc761eff239d7c2253f52324e186c457b958e41e
3tier_os4,16,8,7,none,128,0,0.1328125,1.015625,1.2222222222222223,1.0158730158730158,88d33129c37f78760736e66f9740065d66359ed1c63f0bac2b21bc93d0bab7cf,b041c414a3dfa3a4fe4aa0d2f2bc35892cd097d6ff94645a7df5117e16a6aafc,8cb61dea6c12fd9555eb5508a4b15d2c50d090ce5b3f675cb5ecac726ef5a040
3tier_os4,16,8,7,hot_spot,128,0,0.3046875,1.1981413835737083,4.666767969783654,1.2824586162901015,88d33129c37f78760736e66f9740065d66359ed1c63f0bac2b21bc93d0bab7cf,b041c414a3dfa3a4fe4aa0d2f2bc35892cd097d6ff94645a7df5117e16a6aafc,8cb61dea6c12fd9555eb5508a4b15d2c50d090ce5b3f675cb5ecac726ef5a040
3tier_os4,16,8,8,none,128,0,0.0859375,1.0078125,1.1333333333333335,1.0078740157480315,f61358edc45ff2a59760af9938e4d46738bc27f11da529eafc5624d29cf7a169,b041c414a3dfa3a4fe4aa0d2f2bc35892cd097d6ff94645a7df5117e16a6aafc,24b9c0c692809abd69a3ae6f006365ef6f8d772e39d1dff3bd7439b1c4af3604
3tier_os4,16,8,8,hot_spot,128,0,0.375,1.1781608147900333,2.0000000000000013,1.2526842666270024,f61358edc45ff2a59760af9938e4d46738bc27f11da529eafc5624d29cf7a169,b041c414a3dfa3a4fe4aa0d2f2bc35892cd097d6ff94645a7df5117e16a6aafc,24b9c0c692809abd69a3ae6f006365ef6f8d772e39d1dff3bd7439b1c4af3604
3tier_os4,16,8,9,none,128,0,0.15625,1.015625,1.2222222222222223,1.0158730158730158,d29d659b532ffb307f17cfe7326910681b9c77bad1430e411aa2bf882ccf541f,b041c414a3dfa3a4fe4aa0d2f2bc35892cd097d6ff94645a7df5117e16a6aafc,59181d39ba918fd4ac7d5b7daa96360b1f0ea8c28a8590f29c07c86b09be5048
3tier_os4,16,8,9,hot_spot,128,0,0.328125,1.1953014204679686,1.9999999999999998,1.306297215981534,d29d659b532ffb307f17cfe7326910681b9c77bad1430e411aa2bf882ccf541f,b041c414a3dfa3a4fe4aa0d2f2bc35892cd097d6ff94645a7df5117e16a6aafc,59181d39ba918fd4ac7d5b7daa96360b1f0ea8c28a8590f29c07c86b09be5048
3tier_os4,16,16,0,none,256,0,0.0,1.0,1.0,1.0,37c8432e7e1de92c24cadb7af2950de4263654719dddeeff74b4124657e22388,b041c414a3dfa3a4fe4aa0d2f2bc35892cd097d6ff94645a7df5117e16a6aafc,a0690b31638b0498f47c87d90821781f38de3427b8a0bbc5614a68fdbb33e45f
3tier_os4,16,16,0,hot_spot,256,0,0.59765625,1.1877827394868168,2.208604448047484,1.2262726698359014,37c8432e7e1de92c24cadb7af2950de4263654719dddeeff74b4124657e22388,b041c414a3dfa3a4fe4aa0d2f2bc35892cd097d6ff94645a7df5117e16a6aafc,a0690b31638b0498f47c87d90821781f38de3427b8a0bbc5614a68fdbb33e45f
3tier_os4,16,16,1,none,256,0,0.0,1.0,1.0,1.0,57ddb373795121d640976e60dc03fd1d506993e84bcc45ccf38756a597713dc0,b041c414a3dfa3a4fe4aa0d2f2bc35892cd097d6ff94645a7df5117e16a6aafc,29c1a5303f48054acc4442c2b4a175fbf54f8b3ca16318c4619c547aff3a4c48
3tier_os4,16,16,1,hot_spot,256,0,0.59765625,1.1942533774594515,2.035060980000746,1.2356587018545466,57ddb373795121d640976e60dc03fd1d506993e84bcc45ccf38756a597713dc0,b041c414a3dfa3a4fe4aa0d2f2bc35892cd097d6ff94645a7df5117e16a6aafc,29c1a5303f48054acc4442c2b4a175fbf54f8b3ca16318c4619c547aff3a4c48
3tier_os4,16,16,2,none,256,0,0.0,1.0,1.0,1.0,8b00c9e94ddcc844f56411f485ebdfdae519f692f5941bec8a49e861554bf45e,b041c414a3dfa3a4fe4aa0d2f2bc35892cd097d6ff94645a7df5117e16a6aafc,a0a144e8d55c195bf605c5b51ceb0422306e945870e02c4268120eaa48079bfd
3tier_os4,16,16,2,hot_spot,256,0,0.6015625,1.1392791549544348,2.027635759075724,1.1659575296009086,8b00c9e94ddcc844f56411f485ebdfdae519f692f5941bec8a49e861554bf45e,b041c414a3dfa3a4fe4aa0d2f2bc35892cd097d6ff94645a7df5117e16a6aafc,a0a144e8d55c195bf605c5b51ceb0422306e945870e02c4268120eaa48079bfd
3tier_os4,16,16,3,none,256,0,0.10546875,1.00390625,1.0461538461538462,1.003921568627451,e361216e608ac3ab5d22ad6cfe831725313c8ece5bb4aaddc0a916ef25160dcb,b041c414a3dfa3a4fe4aa0d2f2bc35892cd097d6ff94645a7df5117e16a6aafc,4c648c92423d5b63dd087f5c7d4a96283afbe3b5f5adacedff7b8de1e61d0d44
3tier_os4,16,16,3,hot_spot,256,0,0.56640625,1.2245751569219772,2.4042657945529933,1.2768694016838764,e361216e608ac3ab5d22ad6cfe831725313c8ece5bb4aaddc0a916ef25160dcb,b041c414a3dfa3a4fe4aa0d2f2bc35892cd097d6ff94645a7df5117e16a6aafc,4c648c92423d5b63dd087f5c7d4a96283afbe3b5f5adacedff7b8de1e61d0d44
3tier_os4,16,16,4,none,256,0,0.0,1.0,1.0,1.0,f5a19348b3a14ea01ebb742edafdad5ec5b2d1c5b858ed381cd1d4c81c628cf7,b041c414a3dfa3a4fe4aa0d2f2bc35892cd097d6ff94645a7df5117e16a6aafc,aa56b89076b717bcfa47525f70cac9fc9cc6a07ccbe883bafacabb332a63ff96
3tier_os4,16,16,4,hot_spot,256,0,0.625,1.1975986632856008,2.6006304371650217,1.2395567095369735,f5a19348b3a14ea01ebb742edafdad5ec5b2d1c5b858ed381cd1d4c81c628cf7,b041c414a3dfa3a4fe4aa0d2f2bc35892cd097d6ff94645a7df5117e16a6aafc,aa56b89076b717bcfa47525f70cac9fc9cc6a07ccbe883bafacabb332a63ff96
3tier_os4,16,16,5,none,256,0,0.0,1.0,1.0,1.0,5f63580c45423263c6ba56a11e2d9e6b95bc56d08551e54c7fcc3c42212c46fc,b041c414a3dfa3a4fe4aa0d2f2bc35892cd097d6ff94645a7df5117e16a6aafc,a2da32921bd27a588638c4cb8a3e88e99a9dedc8531e9a2a7b3bc5fb7dc8bba5
3tier_os4,16,16,5,hot_spot,256,0,0.5546875,1.2546613763365564,3.999999999999998,1.3265659188186911,5f63580c45423263c6ba56a11e2d9e6b95bc56d08551e54c7fcc3c42212c46fc,b041c414a3dfa3a4fe4aa0d2f2bc35892cd097d6ff94645a7df5117e16a6aafc,a2da32921bd27a588638c4cb8a3e88e99a9dedc8531e9a2a7b3bc5fb7dc8bba5
3tier_os4,16,16,6,none,256,0,0.0,1.0,1.0,1.0,209f4e1d2838c3ac7a4519de08033a6427d715dc84de61b67fc0fd23a02b1281,b041c414a3dfa3a4fe4aa0d2f2bc35892cd097d6ff94645a7df5117e16a6aafc,274bad8df9e376342ed48180ea134c2d976681d2af02048180e049f6abb72bba
3tier_os4,16,16,6,hot_spot,256,0,0.671875,1.1929465125307948,2.9098508602105326,1.237063325320405,209f4e1d2838c3ac7a4519de08033a6427d715dc84de61b67fc0fd23a02b1281,b041c414a3dfa3a4fe4aa0d2f2bc35892cd097d6ff94645a7df5117e16a6aafc,274bad8df9e376342ed48180ea134c2d976681d2af02048180e049f6abb72bba
3tier_os4,16,16,7,none,256,0,0.0,1.0,1.0,1.0,88d33129c37f78760736e66f9740065d66359ed1c63f0bac2b21bc93d0bab7cf,b041c414a3dfa3a4fe4aa0d2f2bc35892cd097d6ff94645a7df5117e16a6aafc,71b7806e14591cff9486f16625dfe4eff9e697671d9989006023c5c0c00b61d2
3tier_os4,16,16,7,hot_spot,256,0,0.5390625,1.1826430232543392,3.304943956830945,1.2224615222976112,88d33129c37f78760736e66f9740065d66359ed1c63f0bac2b21bc93d0bab7cf,b041c414a3dfa3a4fe4aa0d2f2bc35892cd097d6ff94645a7df5117e16a6aafc,71b7806e14591cff9486f16625dfe4eff9e697671d9989006023c5c0c00b61d2
3tier_os4,16,16,8,none,256,0,0.0,1.0,1.0,1.0,f61358edc45ff2a59760af9938e4d46738bc27f11da529eafc5624d29cf7a169,b041c414a3dfa3a4fe4aa0d2f2bc35892cd097d6ff94645a7df5117e16a6aafc,83dd010788d1ce92f9195331316282511fd88507862fadf40603211e0487bf45
3tier_os4,16,16,8,hot_spot,256,0,0.53515625,1.2207487849651124,3.81437284177068,1.2692788131784747,f61358edc45ff2a59760af9938e4d46738bc27f11da529eafc5624d29cf7a169,b041c414a3dfa3a4fe4aa0d2f2bc35892cd097d6ff94645a7df5117e16a6aafc,83dd010788d1ce92f9195331316282511fd88507862fadf40603211e0487bf45
3tier_os4,16,16,9,none,256,0,0.10546875,1.00390625,1.0666666666666667,1.003921568627451,d29d659b532ffb307f17cfe7326910681b9c77bad1430e411aa2bf882ccf541f,b041c414a3dfa3a4fe4aa0d2f2bc35892cd097d6ff94645a7df5117e16a6aafc,a660fb7776afe78268113046637711af0b0d292d4505f3b71f72c606b2dac852
3tier_os4,16,16,9,hot_spot,256,0,0.49609375,1.235386812199814,3.999999999999997,1.301966695345314,d29d659b532ffb307f17cfe7326910681b9c77bad1430e411aa2bf882ccf541f,b041c414a3dfa3a4fe4aa0d2f2bc35892cd097d6ff94645a7df5117e16a6aafc,a660fb7776afe78268113046637711af0b0d292d4505f3b71f72c606b2dac852
3tier_os4,64,2,0,none,128,0,0.0,1.0,1.0,1.0,02b8b93c846ec5f679f63d5afcacddba0972d2f5532fd0d0b699941360977e2e,b041c414a3dfa3a4fe4aa0d2f2bc35892cd097d6ff94645a7df5117e16a6aafc,5c7fa563057c55cefb32d1b76629882864edf6816f8c089c70ab53824eb1afe1
3tier_os4,64,2,0,hot_spot,128,0,0.0390625,1.0160977683614958,1.735199837547738,1.0156324808561623,02b8b93c846ec5f679f63d5afcacddba0972d2f5532fd0d0b699941360977e2e,b041c414a3dfa3a4fe4aa0d2f2bc35892cd097d6ff94645a7df5117e16a6aafc,5c7fa563057c55cefb32d1b76629882864edf6816f8c089c70ab53824eb1afe1
3tier_os4,64,2,1,none,128,0,0.0,1.0,1.0,1.0,42fc3d1a36e35ae96fdc889ba4dbfb0015bb19d453abcbd93aa9c15f01b5f4c5,b041c414a3dfa3a4fe4aa0d2f2bc35892cd097d6ff94645a7df5117e16a6aafc,9dfc4256be34758cba93aec8a548addb799e76ac8ee90a0ad12f99e1aa07da47
3tier_os4,64,2,1,hot_spot,128,0,0.0625,1.0207822316185773,1.78860523265868,1.0192883942781306,42fc3d1a36e35ae96fdc889ba4dbfb0015bb19d453abcbd93aa9c15f01b5f4c5,b041c414a3dfa3a4fe4aa0d2f2bc35892cd097d6ff94645a7df5117e16a6aafc,9dfc4256be34758cba93aec8a548addb799e76ac8ee90a0ad12f99e1aa07da47
3tier_os4,64,2,2,none,128,0,0.0234375,1.005859375,1.5,1.0083333333333333,3fa4df2aab9675a00992e2ce7174f31fe16626cae86f92405dd3b8e199b11a97,b041c414a3dfa3a4fe4aa0d2f2bc35892cd097d6ff94645a7df5117e16a6aafc,d3140801c0f621e8c7e94c8ad5d16bc0faef6e6fc6e600cc917b58414f05206b
3tier_os4,64,2,2,hot_spot,128,0,0.09375,1.0306088592978957,2.3909842451984646,1.0483121884731748,3fa4df2aab9675a00992e2ce7174f31fe16626cae86f92405dd3b8e199b11a97,b041c414a3dfa3a4fe4aa0d2f2bc35892cd097d6ff94645a7df5117e16a6aafc,d3140801c0f621e8c7e94c8ad5d16bc0faef6e6fc6e600cc917b58414f05206b
3tier_os4,64,2,3,none,128,0,0.0,1.0,1.0,1.0,226e9f772c7263b0f56a583e4dce815d2ad3f5fb85f07b3e90fbce6eb4d8275c,b041c414a3dfa3a4fe4aa0d2f2bc35892cd097d6ff94645a7df5117e16a6aafc,ccbe7ada9357ffef40f9985511a9db70872124dd508ffb8f5e5e02ca50997b8c
3tier_os4,64,2,3,hot_spot,128,0,0.078125,1.0270603294497938,1.6677549908477929,1.0214984874086341,226e9f772c7263b0f56a583e4dce815d2ad3f5fb85f07b3e90fbce6eb4d8275c,b041c414a3dfa3a4fe4aa0d2f2bc35892cd097d6ff94645a7df5117e16a6aafc,ccbe7ada9357ffef40f9985511a9db70872124dd508ffb8f5e5e02ca50997b8c
3tier_os4,64,2,4,none,128,0,0.0,1.0,1.0,1.0,c5546007423070a62a9cabdd169eb133e1e5a98bfadec3fd376df938f05c914d,b041c414a3dfa3a4fe4aa0d2f2bc35892cd097d6ff94645a7df5117e16a6aafc,0f922e136db6e44314fefd47a7a7b4b058ebc3e68ca55d418daac4f0705b945e
3tier_os4,64,2,4,hot_spot,128,0,0.078125,1.0254706339970618,1.7002679890320844,1.0340288490802196,c5546007423070a62a9cabdd169eb133e1e5a98bfadec3fd376df938f05c914d,b041c414a3dfa3a4fe4aa0d2f2bc35892cd097d6ff94645a7df5117e16a6aafc,0f922e136db6e44314fefd47a7a7b4b058ebc3e68ca55d418daac4f0705b945e
3tier_os4,64,2,5,none,128,0,0.0,1.0,1.0,1.0,7fe954001f677f8902674d5d07c59657feb4c535e73546e5efa0967d16463150,b041c414a3dfa3a4fe4aa0d2f2bc35892cd097d6ff94645a7df5117e16a6aafc,9c8c419e7c517239b99aa88929fee4a039e62e4e43b24ebffb8931cd27d2e0af
3tier_os4,64,2,5,hot_spot,128,0,0.0703125,1.0327779955334284,1.6718930210139638,1.029507781971648,7fe954001f677f8902674d5d07c59657feb4c535e73546e5efa0967d16463150,b041c414a3dfa3a4fe4aa0d2f2bc35892cd097d6ff94645a7df5117e16a6aafc,9c8c419e7c517239b99aa88929fee4a039e62e4e43b24ebffb8931cd27d2e0af
3tier_os4,64,2,6,none,128,0,0.0,1.0,1.0,1.0,be4c0fc6e75a7e7d535b2a3c9a0d53bc36fad4462d4d638dfc822d091a2e8ec4,b041c414a3dfa3a4fe4aa0d2f2bc35892cd097d6ff94645a7df5117e16a6aafc,697aebd1337e8888978ba6ff844ffbdf56117370782580fd824d8ea96fe5b6d5
3tier_os4,64,2,6,hot_spot,128,0,0.0703125,1.015855970544662,1.5977514845121397,1.021460543331038,be4c0fc6e75a7e7d535b2a3c9a0d53bc36fad4462d4d638dfc822d091a2e8ec4,b041c414a3dfa3a4fe4aa0d2f2bc35892cd097d6ff94645a7df5117e16a6aafc,697aebd1337e8888978ba6ff844ffbdf56117370782580fd824d8ea96fe5b6d5
3tier_os4,64,2,7,none,128,0,0.0234375,1.005859375,1.5,1.0076335877862594,36c33cd7cff6722d709e5eee46e01c45eb2d5facdc85f6953c893f90b1d56ff7,b041c414a3dfa3a4fe4aa0d2f2bc35892cd097d6ff94645a7df5117e16a6aafc,5960be78dd82ec0464a9716bf8ca567c3858995a220499ba3f4b78a118481295
3tier_os4,64,2,7,hot_spot,128,0,0.1015625,1.0335664794188653,1.852433932584873,1.0491372247956046,36c33cd7cff6722d709e5eee46e01c45eb2d5facdc85f6953c893f90b1d56ff7,b041c414a3dfa3a4fe4aa0d2f2bc35892cd097d6ff94645a7df5117e16a6aafc,5960be78dd82ec0464a9716bf8ca567c3858995a220499ba3f4b78a118481295
3tier_os4,64,2,8,none,128,0,0.015625,1.001953125,1.125,1.0029197080291972,3b6a25d47fa9d68be752b471d334a363c8e0e75d344497858630788b247e655e,b041c414a3dfa3a4fe4aa0d2f2bc35892cd097d6ff94645a7df5117e16a6aafc,8c1b1674eefe9c2682c2d2affc75d030c8caddedbb0b320d42bc01f44d3215c2
3tier_os4,64,2,8,hot_spot,128,0,0.0703125,1.030729751102879,1.6447707336805113,1.0391168550125545,3b6a25d47fa9d68be752b471d334a363c8e0e75d344497858630788b247e655e,b041c414a3dfa3a4fe4aa0d2f2bc35892cd097d6ff94645a7df5117e16a6aafc,8c1b1674eefe9c2682c2d2affc75d030c8caddedbb0b320d42bc01f44d3215c2
3tier_os4,64,2,9,none,128,0,0.0,1.0,1.0,1.0,44a5888f8c0febef06a54112aa7edc1524da66ae0c001733d03a043d73a7c605,b041c414a3dfa3a4fe4aa0d2f2bc35892cd097d6ff94645a7df5117e16a6aafc,779e5b8924ea3ed60dd47d207f0146f4c85bae8fac293c00d134a9f2dd2655b7
3tier_os4,64,2,9,hot_spot,128,0,0.0703125,1.022985788247461,1.6678608182139967,1.0430030054948332,44a5888f8c0febef06a54112aa7edc1524da66ae0c001733d03a043d73a7c605,b041c414a3dfa3a4fe4aa0d2f2bc35892cd097d6ff94645a7df5117e16a6aafc,779e5b8924ea3ed60dd47d207f0146f4c85bae8fac293c00d134a9f2dd2655b7
3tier_os4,64,8,0,none,512,0,0.259765625,1.0559895833333333,2.0,1.0592926490984744,02b8b93c846ec5f679f63d5afcacddba0972d2f5532fd0d0b699941360977e2e,b041c414a3dfa3a4fe4aa0d2f2bc35892cd097d6ff94645a7df5117e16a6aafc,fb8820a2536a77f6774dc6e773f5e159b2c85f7a9f5f7e9327e5e1c1426bc0c9
3tier_os4,64,8,0,hot_spot,512,0,0.30859375,1.1789787588009755,2.20703429749301,1.2718969250147947,02b8b93c846ec5f679f63d5afcacddba0972d2f5532fd0d0b699941360977e2e,b041c414a3dfa3a4fe4aa0d2f2bc35892cd097d6ff94645a7df5117e16a6aafc,fb8820a2536a77f6774dc6e773f5e159b2c85f7a9f5f7e9327e5e1c1426bc0c9
3tier_os4,64,8,1,none,512,0,0.275390625,1.0559895833333333,2.0,1.0593337959750173,42fc3d1a36e35ae96fdc889ba4dbfb0015bb19d453abcbd93aa9c15f01b5f4c5,b041c414a3dfa3a4fe4aa0d2f2bc35892cd097d6ff94645a7df5117e16a6aafc,f748835133c00337711d218f23c5e9ed7e9e69f27ee9c607291670684d8feaee
3tier_os4,64,8,1,hot_spot,512,0,0.34375,1.1714684574919985,2.3400944554434484,1.25209852696382,42fc3d1a36e35ae96fdc889ba4dbfb0015bb19d453abcbd93aa9c15f01b5f4c5,b041c414a3dfa3a4fe4aa0d2f2bc35892cd097d6ff94645a7df5117e16a6aafc,f748835133c00337711d218f23c5e9ed7e9e69f27ee9c607291670684d8feaee
3tier_os4,64,8,2,none,512,0,0.27734375,1.0924587673611112,2.0000000000000004,1.102700049091802,3fa4df2aab9675a00992e2ce7174f31fe16626cae86f92405dd3b8e199b11a97,b041c414a3dfa3a4fe4aa0d2f2bc35892cd097d6ff94645a7df5117e16a6aafc,1ce1f9081712214f7515bfa233fd4e4b31ebf315542c5ee42f108312fe8ae196
3tier_os4,64,8,2,hot_spot,512,0,0.326171875,1.169857478344541,3.44076430752567,1.2505049036387779,3fa4df2aab9675a00992e2ce7174f31fe16626cae86f92405dd3b8e199b11a97,b041c414a3dfa3a4fe4aa0d2f2bc35892cd097d6ff94645a7df5117e16a6aafc,1ce1f9081712214f7515bfa233fd4e4b31ebf315542c5ee42f108312fe8ae196
3tier_os4,64,8,3,none,512,0,0.30859375,1.0870768229166665,1.9999999999999998,1.0939285714285716,226e9f772c7263b0f56a583e4dce815d2ad3f5fb85f07b3e90fbce6eb4d8275c,b041c414a3dfa3a4fe4aa0d2f2bc35892cd097d6ff94645a7df5117e16a6aafc,4186797cd81db3d0ab8deb7f6f2f77c360d390b82641a5674cb2e40767561ce1
3tier_os4,64,8,3,hot_spot,512,0,0.341796875,1.1871862994848414,2.6572170685901395,1.2734615354162009,226e9f772c7263b0f56a583e4dce815d2ad3f5fb85f07b3e90fbce6eb4d8275c,b041c414a3dfa3a4fe4aa0d2f2bc35892cd097d6ff94645a7df5117e16a6aafc,4186797cd81db3d0ab8deb7f6f2f77c360d390b82641a5674cb2e40767561ce1
3tier_os4,64,8,4,none,512,0,0.26953125,1.0563151041666667,2.0,1.059696342305038,c5546007423070a62a9cabdd169eb133e1e5a98bfadec3fd376df938f05c914d,b041c414a3dfa3a4fe4aa0d2f2bc35892cd097d6ff94645a7df5117e16a6aafc,8edbcd98ab42c61e205dac3ac3bd490b6156a0c31ce52e141d955d4c32daf19e
3tier_os4,64,8,4,hot_spot,512,0,0.375,1.1682321698672689,2.857084575178828,1.2361471612303265,c5546007423070a62a9cabdd169eb133e1e5a98bfadec3fd376df938f05c914d,b041c414a3dfa3a4fe4aa0d2f2bc35892cd097d6ff94645a7df5117e16a6aafc,8edbcd98ab42c61e205dac3ac3bd490b6156a0c31ce52e141d955d4c32daf19e
3tier_os4,64,8,5,none,512,0,0.228515625,1.046875,2.0,1.0492813141683779,7fe954001f677f8902674d5d07c59657feb4c535e73546e5efa0967d16463150,b041c414a3dfa3a4fe4aa0d2f2bc35892cd097d6ff94645a7df5117e16a6aafc,5d4f8e07862dbcece22ad678c67173be216b883601976db51ee0c741d232ee2a
3tier_os4,64,8,5,hot_spot,512,0,0.345703125,1.1704816314606197,2.677626399374929,1.2505263110846598,7fe954001f677f8902674d5d07c59657feb4c535e73546e5efa0967d16463150,b041c414a3dfa3a4fe4aa0d2f2bc35892cd097d6ff94645a7df5117e16a6aafc,5d4f8e07862dbcece22ad678c67173be216b883601976db51ee0c741d232ee2a
3tier_os4,64,8,6,none,512,0,0.18359375,1.0494791666666667,1.9999999999999993,1.0525587828492393,be4c0fc6e75a7e7d535b2a3c9a0d53bc36fad4462d4d638dfc822d091a2e8ec4,b041c414a3dfa3a4fe4aa0d2f2bc35892cd097d6ff94645a7df5117e16a6aafc,6d035d8d3cbef2e46d4d773bbbe8513b3714dcbcbf06c71d4ecd5077180179cf
3tier_os4,64,8,6,hot_spot,512,0,0.330078125,1.1783500275398955,2.35950978737617,1.269643574822084,be4c0fc6e75a7e7d535b2a3c9a0d53bc36fad4462d4d638dfc822d091a2e8ec4,b041c414a3dfa3a4fe4aa0d2f2bc35892cd097d6ff94645a7df5117e16a6aafc,6d035d8d3cbef2e46d4d773bbbe8513b3714dcbcbf06c71d4ecd5077180179cf
3tier_os4,64,8,7,none,512,0,0.2421875,1.0530598958333333,2.0,1.0561101549053358,36c33cd7cff6722d709e5eee46e01c45eb2d5facdc85f6953c893f90b1d56ff7,b041c414a3dfa3a4fe4aa0d2f2bc35892cd097d6ff94645a7df5117e16a6aafc,9855762cbc81b8d17f70e65087cd22100c6ad2b5efdf5752a3826fc84939b611
3tier_os4,64,8,7,hot_spot,512,0,0.330078125,1.190012866976482,4.666767969783658,1.2745017940160837,36c33cd7cff6722d709e5eee46e01c45eb2d5facdc85f6953c893f90b1d56ff7,b041c414a3dfa3a4fe4aa0d2f2bc35892cd097d6ff94645a7df5117e16a6aafc,9855762cbc81b8d17f70e65087cd22100c6ad2b5efdf5752a3826fc84939b611
3tier_os4,64,8,8,none,512,0,0.298828125,1.0728190104166666,2.0,1.078116147308782,3b6a25d47fa9d68be752b471d334a363c8e0e75d344497858630788b247e655e,b041c414a3dfa3a4fe4aa0d2f2bc35892cd097d6ff94645a7df5117e16a6aafc,08b4e571816f3e3943d36a069976a3a3653219f0641b9d1d3589776a875b6ff2
3tier_os4,64,8,8,hot_spot,512,0,0.302734375,1.157731095632606,2.2616223257991757,1.2391628441511353,3b6a25d47fa9d68be752b471d334a363c8e0e75d344497858630788b247e655e,b041c414a3dfa3a4fe4aa0d2f2bc35892cd097d6ff94645a7df5117e16a6aafc,08b4e571816f3e3943d36a069976a3a3653219f0641b9d1d3589776a875b6ff2
3tier_os4,64,8,9,none,512,0,0.259765625,1.0553850446428572,2.0,1.0589343557876645,44a5888f8c0febef06a54112aa7edc1524da66ae0c001733d03a043d73a7c605,b041c414a3dfa3a4fe4aa0d2f2bc35892cd097d6ff94645a7df5117e16a6aafc,05152159213a5995421562f67c75e6e3780d6380dcee77836e2a129ace8e4588
3tier_os4,64,8,9,hot_spot,512,0,0.3125,1.154591144872283,2.2500000000000004,1.2266375734058566,44a5888f8c0febef06a54112aa7edc1524da66ae0c001733d03a043d73a7c605,b041c414a3dfa3a4fe4aa0d2f2bc35892cd097d6ff94645a7df5117e16a6aafc,05152159213a5995421562f67c75e6e3780d6380dcee77836e2a129ace8e4588
3tier_os4,64,16,0,none,1024,0,0.310546875,1.013671875,1.175,1.0138613861386139,02b8b93c846ec5f679f63d5afcacddba0972d2f5532fd0d0b699941360977e2e,b041c414a3dfa3a4fe4aa0d2f2bc35892cd097d6ff94645a7df5117e16a6aafc,659442d1d28acfbfdcd24f5042bb7d305051c7c2daeb94dd8621531ebb5b02a7
3tier_os4,64,16,0,hot_spot,1024,0,0.4912109375,1.2519867104514735,4.000000000000003,1.3347308913189304,02b8b93c846ec5f679f63d5afcacddba0972d2f5532fd0d0b699941360977e2e,b041c414a3dfa3a4fe4aa0d2f2bc35892cd097d6ff94645a7df5117e16a6aafc,659442d1d28acfbfdcd24f5042bb7d305051c7c2daeb94dd8621531ebb5b02a7
3tier_os4,64,16,1,none,1024,0,0.369140625,1.0185546875,1.1466666666666667,1.0189054726368159,42fc3d1a36e35ae96fdc889ba4dbfb0015bb19d453abcbd93aa9c15f01b5f4c5,b041c414a3dfa3a4fe4aa0d2f2bc35892cd097d6ff94645a7df5117e16a6aafc,094d3d4638e73eb7f83baee8c10d6e3cc6956fc747d94ac532c0c93b8473935c
3tier_os4,64,16,1,hot_spot,1024,0,0.54296875,1.2658318611548292,4.000000000000001,1.3581793565439493,42fc3d1a36e35ae96fdc889ba4dbfb0015bb19d453abcbd93aa9c15f01b5f4c5,b041c414a3dfa3a4fe4aa0d2f2bc35892cd097d6ff94645a7df5117e16a6aafc,094d3d4638e73eb7f83baee8c10d6e3cc6956fc747d94ac532c0c93b8473935c
3tier_os4,64,16,2,none,1024,0,0.40625,1.0388020833333333,1.4370370370370367,1.0402275497765137,3fa4df2aab9675a00992e2ce7174f31fe16626cae86f92405dd3b8e199b11a97,b041c414a3dfa3a4fe4aa0d2f2bc35892cd097d6ff94645a7df5117e16a6aafc,b182089b8248fdb3cd193d861419cf5354685718ee542b8207c682ed2934a121
3tier_os4,64,16,2,hot_spot,1024,0,0.5107421875,1.251698074074732,4.176692750372801,1.3427937555147074,3fa4df2aab9675a00992e2ce7174f31fe16626cae86f92405dd3b8e199b11a97,b041c414a3dfa3a4fe4aa0d2f2bc35892cd097d6ff94645a7df5117e16a6aafc,b182089b8248fdb3cd193d861419cf5354685718ee542b8207c682ed2934a121
3tier_os4,64,16,3,none,1024,0,0.365234375,1.01865234375,1.25,1.0189054726368159,226e9f772c7263b0f56a583e4dce815d2ad3f5fb85f07b3e90fbce6eb4d8275c,b041c414a3dfa3a4fe4aa0d2f2bc35892cd097d6ff94645a7df5117e16a6aafc,8d20d174887534422c9426f7b15d92231d8ab95b0bcc616f119198c8260e3a1d
3tier_os4,64,16,3,hot_spot,1024,0,0.560546875,1.2623435472538642,4.000000000000001,1.34458101239649,226e9f772c7263b0f56a583e4dce815d2ad3f5fb85f07b3e90fbce6eb4d8275c,b041c414a3dfa3a4fe4aa0d2f2bc35892cd097d6ff94645a7df5117e16a6aafc,8d20d174887534422c9426f7b15d92231d8ab95b0bcc616f119198c8260e3a1d
3tier_os4,64,16,4,none,1024,0,0.2490234375,1.0135323660714286,1.1619047619047622,1.013660661255197,c5546007423070a62a9cabdd169eb133e1e5a98bfadec3fd376df938f05c914d,b041c414a3dfa3a4fe4aa0d2f2bc35892cd097d6ff94645a7df5117e16a6aafc,1b80fdcb8e3f93c71d5676acd3a63801d9a78f53f5ae64a1d3a72953b78a4cbd
3tier_os4,64,16,4,hot_spot,1024,0,0.576171875,1.2510749832775068,3.9999999999999982,1.3173583963503708,c5546007423070a62a9cabdd169eb133e1e5a98bfadec3fd376df938f05c914d,b041c414a3dfa3a4fe4aa0d2f2bc35892cd097d6ff94645a7df5117e16a6aafc,1b80fdcb8e3f93c71d5676acd3a63801d9a78f53f5ae64a1d3a72953b78a4cbd
3tier_os4,64,16,5,none,1024,0,0.4697265625,1.014453125,1.0909090909090908,1.0146650812524771,7fe954001f677f8902674d5d07c59657feb4c535e73546e5efa0967d16463150,b041c414a3dfa3a4fe4aa0d2f2bc35892cd097d6ff94645a7df5117e16a6aafc,932ffa2b4c41b8937f01a74d9f5900cbfcfd7ea87d990d81443df4737219bba8
3tier_os4,64,16,5,hot_spot,1024,0,0.5498046875,1.2826070959873372,4.000000000000001,1.3825106901750184,7fe954001f677f8902674d5d07c59657feb4c535e73546e5efa0967d16463150,b041c414a3dfa3a4fe4aa0d2f2bc35892cd097d6ff94645a7df5117e16a6aafc,932ffa2b4c41b8937f01a74d9f5900cbfcfd7ea87d990d81443df4737219bba8
3tier_os4,64,16,6,none,1024,0,0.3955078125,1.0171875,1.1555555555555552,1.0174880763116056,be4c0fc6e75a7e7d535b2a3c9a0d53bc36fad4462d4d638dfc822d091a2e8ec4,b041c414a3dfa3a4fe4aa0d2f2bc35892cd097d6ff94645a7df5117e16a6aafc,9f51b0f277f217e2b5a163b0c03fbe4c444874fb23b46a9666fd5e2ffd18afb4
3tier_os4,64,16,6,hot_spot,1024,0,0.578125,1.266724145168755,3.9999999999999964,1.3628119980559172,be4c0fc6e75a7e7d535b2a3c9a0d53bc36fad4462d4d638dfc822d091a2e8ec4,b041c414a3dfa3a4fe4aa0d2f2bc35892cd097d6ff94645a7df5117e16a6aafc,9f51b0f277f217e2b5a163b0c03fbe4c444874fb23b46a9666fd5e2ffd18afb4
3tier_os4,64,16,7,none,1024,0,0.2763671875,1.009765625,1.123809523809524,1.009861932938856,36c33cd7cff6722d709e5eee46e01c45eb2d5facdc85f6953c893f90b1d56ff7,b041c414a3dfa3a4fe4aa0d2f2bc35892cd097d6ff94645a7df5117e16a6aafc,b74d5524240e12318ad266fb566dc9a3be97ba408e6e2475134a5aacf176130e
3tier_os4,64,16,7,hot_spot,1024,0,0.5009765625,1.2348363492264776,3.999999999999995,1.3028204262648897,36c33cd7cff6722d709e5eee46e01c45eb2d5facdc85f6953c893f90b1d56ff7,b041c414a3dfa3a4fe4aa0d2f2bc35892cd097d6ff94645a7df5117e16a6aafc,b74d5524240e12318ad266fb566dc9a3be97ba408e6e2475134a5aacf176130e
3tier_os4,64,16,8,none,1024,0,0.34375,1.02099609375,1.25,1.021344504288849,3b6a25d47fa9d68be752b471d334a363c8e0e75d344497858630788b247e655e,b041c414a3dfa3a4fe4aa0d2f2bc35892cd097d6ff94645a7df5117e16a6aafc,f57057b2e7467bf73b30c5febd362ee00f6cae9c7d53d87448fc7c4af1a5ebc1
3tier_os4,64,16,8,hot_spot,1024,0,0.5087890625,1.256217527767936,4.0,1.349873981930154,3b6a25d47fa9d68be752b471d334a363c8e0e75d344497858630788b247e655e,b041c414a3dfa3a4fe4aa0d2f2bc35892cd097d6ff94645a7df5117e16a6aafc,f57057b2e7467bf73b30c5febd362ee00f6cae9c7d53d87448fc7c4af1a5ebc1
3tier_os4,64,16,9,none,1024,0,0.2841796875,1.0107421875,1.2,1.0108588351431391,44a5888f8c0febef06a54112aa7edc1524da66ae0c001733d03a043d73a7c605,b041c414a3dfa3a4fe4aa0d2f2bc35892cd097d6ff94645a7df5117e16a6aafc,107c7a6118fa1d9cf98483d844b2bf60bdd2125b0a5da175887d80edb7f95c9a
3tier_os4,64,16,9,hot_spot,1024,0,0.5107421875,1.2499645107066435,4.0,1.33358867013235,44a5888f8c0febef06a54112aa7edc1524da66ae0c001733d03a043d73a7c605,b041c414a3dfa3a4fe4aa0d2f2bc35892cd097d6ff94645a7df5117e16a6aafc,107c7a6118fa1d9cf98483d844b2bf60bdd2125b0a5da175887d80edb7f95c9a
