arm_id,family,policy,fabric,ring_size,k,n_pairs,ratio_mean,ratio_mean_ci_low,ratio_mean_ci_high,ratio_geometric_mean,ratio_geometric_ci_low,ratio_geometric_ci_high,ratio_median,ratio_min,ratio_max,maxmin_faster_count,bit_equal_count,maxmin_slower_count,inference
background_p16_k1_rate0,background,pipelined_allreduce,3tier_nb,16,1,100,0.99995337995338,0.9998601398601398,1.0,0.9999532720347915,0.9998598226547806,1.0,1.0,0.9953379953379953,1.0,1,99,0,pointwise_95pct_CI_includes_one
background_p16_k1_rate1000,background,pipelined_allreduce,3tier_nb,16,1,100,0.9998889324401368,0.9996841148802735,1.0,0.9998885694715177,0.9996832799014856,1.0,1.0,0.9920182440136829,1.0,2,98,0,pointwise_95pct_CI_includes_one
background_p16_k1_rate200,background,pipelined_allreduce,3tier_nb,16,1,100,0.99995337995338,0.9998601398601398,1.0,0.9999532720347915,0.9998598226547806,1.0,1.0,0.9953379953379953,1.0,1,99,0,pointwise_95pct_CI_includes_one
background_p16_k1_rate500,background,pipelined_allreduce,3tier_nb,16,1,100,1.0,1.0,1.0,1.0,1.0,1.0,1.0,1.0,1.0,0,100,0,bit_exact_no_allocator_effect
background_p16_k4_rate0,background,pipelined_allreduce,3tier_nb,16,4,100,1.0,1.0,1.0,1.0,1.0,1.0,1.0,1.0,1.0,0,100,0,bit_exact_no_allocator_effect
background_p16_k4_rate1000,background,pipelined_allreduce,3tier_nb,16,4,100,1.0,1.0,1.0,1.0,1.0,1.0,1.0,1.0,1.0,0,100,0,bit_exact_no_allocator_effect
background_p16_k4_rate200,background,pipelined_allreduce,3tier_nb,16,4,100,1.0,1.0,1.0,1.0,1.0,1.0,1.0,1.0,1.0,0,100,0,bit_exact_no_allocator_effect
background_p16_k4_rate500,background,pipelined_allreduce,3tier_nb,16,4,100,1.0,1.0,1.0,1.0,1.0,1.0,1.0,1.0,1.0,0,100,0,bit_exact_no_allocator_effect
congestion_hot_spot_p16_k1,congestion,equal,3tier_nb,16,1,100,0.9972150150024399,0.9950301839067778,0.9990847170160415,0.997158972315864,0.9949330035112537,0.999063138950396,1.0,0.948111847794756,1.0,7,93,0,maxmin_faster_pointwise_95pct_CI
congestion_hot_spot_p16_k2,congestion,equal,3tier_nb,16,2,100,0.9787010755844219,0.974388897297466,0.98296971800194,0.9784527893289275,0.9741282837295797,0.9827415405504714,0.9779161688121624,0.9300349825087514,1.0,52,48,0,maxmin_faster_pointwise_95pct_CI
congestion_hot_spot_p16_k4,congestion,equal,3tier_nb,16,4,100,0.9739047478141637,0.9694352250239555,0.9783158360459165,0.9736417974034952,0.9691561270796845,0.9780827886921356,0.9754295400502184,0.9161248374512443,1.0,73,27,0,maxmin_faster_pointwise_95pct_CI
congestion_hot_spot_p16_k8,congestion,equal,3tier_nb,16,8,100,0.973571009336285,0.9699240869559075,0.9771349091354384,0.9733941179041272,0.9697478277411694,0.9769687641566948,0.973981864083199,0.9245107176141651,1.0,90,10,0,maxmin_faster_pointwise_95pct_CI
congestion_iid_p16_k1,congestion,equal,3tier_nb,16,1,100,0.9960086385619908,0.9942022789516833,0.9975840465806944,0.9959700504398763,0.9941488122912869,0.9975607063579357,1.0,0.9642058165548094,1.0,22,78,0,maxmin_faster_pointwise_95pct_CI
congestion_iid_p16_k2,congestion,equal,3tier_nb,16,2,100,0.9846504589318489,0.9815073012626876,0.9876476878645852,0.9845228208581173,0.9813528820080921,0.9875477693944954,0.9892703862660942,0.9396551724137918,1.0,77,23,0,maxmin_faster_pointwise_95pct_CI
congestion_iid_p16_k4,congestion,equal,3tier_nb,16,4,100,0.9760952347646995,0.9740794216074989,0.9780829525237307,0.976040808675411,0.9740233652624138,0.9780330690019176,0.9763025809574761,0.9515418502202633,1.0,99,1,0,maxmin_faster_pointwise_95pct_CI
congestion_iid_p16_k8,congestion,equal,3tier_nb,16,8,100,0.9851257875224718,0.9840323448053051,0.9861547151916167,0.9851108234516806,0.9840133734251809,0.9861421994388678,0.9863013698630134,0.9601769911504415,0.9956521739130434,100,0,0,maxmin_faster_pointwise_95pct_CI
congestion_microburst_p16_k1,congestion,equal,3tier_nb,16,1,100,0.9997026981017545,0.9995327921570355,0.9998519124276853,0.9997023634815886,0.9995322484441327,0.9998517366411726,1.0,0.996523754345307,1.0,13,87,0,maxmin_faster_pointwise_95pct_CI
congestion_microburst_p16_k2,congestion,equal,3tier_nb,16,2,100,0.9984133106868854,0.997916649421791,0.9988595582074107,0.9984103750448322,0.9979130443982892,0.9988579325757483,1.0,0.9885057471264365,1.0,38,62,0,maxmin_faster_pointwise_95pct_CI
congestion_microburst_p16_k4,congestion,equal,3tier_nb,16,4,100,0.9969517323222186,0.996582969106969,0.9972999269513826,0.9969500335459658,0.9965810257050111,0.9972981550502075,0.9976851851851851,0.9908045977011493,1.0,89,11,0,maxmin_faster_pointwise_95pct_CI
congestion_microburst_p16_k8,congestion,equal,3tier_nb,16,8,100,0.9979870733897873,0.9977558057480116,0.9982183410315629,0.9979863425899526,0.9977551931655532,0.9982175455646184,0.9976851851851851,0.995381062355658,1.0,79,21,0,maxmin_faster_pointwise_95pct_CI
congestion_onoff_p16_k1,congestion,equal,3tier_nb,16,1,100,0.996260040515981,0.9926386201213575,0.9989912935724817,0.9961170640396622,0.9923195817296653,0.9989723784080498,1.0,0.8791451731761325,1.0,10,90,0,maxmin_faster_pointwise_95pct_CI
congestion_onoff_p16_k2,congestion,equal,3tier_nb,16,2,100,0.9812021898512501,0.9753372821627236,0.9864358409894961,0.9807700742080907,0.9746714291083552,0.9861895183836491,0.9984705096637669,0.8479184367034821,1.0,52,48,0,maxmin_faster_pointwise_95pct_CI
congestion_onoff_p16_k4,congestion,equal,3tier_nb,16,4,100,0.9631322963580703,0.95651431284414,0.9694694746806922,0.9625648371918103,0.9558407910425087,0.9690141654689645,0.973053232756945,0.8704784130688432,1.0,92,8,0,maxmin_faster_pointwise_95pct_CI
congestion_onoff_p16_k8,congestion,equal,3tier_nb,16,8,100,0.9637990368863895,0.9582515335133607,0.9690389253788418,0.9633887172686997,0.9577597052997796,0.9687301317309855,0.9687529370937769,0.8734567901234548,1.0,98,2,0,maxmin_faster_pointwise_95pct_CI
controller_p16_af00_adaptive,controller,adaptive,3tier_nb,16,1,100,0.9997522343832146,0.9993733212254458,1.0,0.9997507125608383,0.9993695466678048,1.0,1.0,0.9868852459016392,1.0,2,98,0,diagnostic_frozen_controller_requires_recalibration
controller_p16_af00_baseline,controller,equal,3tier_nb,16,1,100,1.0,1.0,1.0,1.0,1.0,1.0,1.0,1.0,1.0,0,100,0,bit_exact_no_allocator_effect
controller_p16_af00_static_k4,controller,equal,3tier_nb,16,4,100,1.0,1.0,1.0,1.0,1.0,1.0,1.0,1.0,1.0,0,100,0,bit_exact_no_allocator_effect
controller_p16_af01_adaptive,controller,adaptive,3tier_nb,16,1,100,0.983776552437988,0.9775858061754086,0.9897782205646009,0.9832845506253034,0.977067187121257,0.9892990375640365,0.9885148151113663,0.9004854368932026,1.0620384047267366,66,10,24,diagnostic_frozen_controller_requires_recalibration
controller_p16_af01_baseline,controller,equal,3tier_nb,16,1,100,0.9989053350999129,0.9972156401376598,0.9999476439790576,0.9988768891861286,0.9971235456292349,0.9999475078189013,1.0,0.9305169538632637,1.0,4,96,0,maxmin_faster_pointwise_95pct_CI
controller_p16_af01_static_k4,controller,equal,3tier_nb,16,4,100,0.9730386858070915,0.9642299068260033,0.9806824215442199,0.9720270016479194,0.9626201236194444,0.9801877150207984,0.9860774476441548,0.7634920634920597,1.0,76,24,0,maxmin_faster_pointwise_95pct_CI
controller_p16_af03_adaptive,controller,adaptive,3tier_nb,16,1,100,0.9620633264762057,0.9545213148325232,0.9692073838524842,0.9613089438900754,0.9535575428908831,0.9686414774500391,0.9670219717091035,0.7812197483059029,1.0381355932203393,87,3,10,diagnostic_frozen_controller_requires_recalibration
controller_p16_af03_baseline,controller,equal,3tier_nb,16,1,100,0.9968695277592089,0.9933421060960829,0.9994291266244459,0.9967384560024831,0.9930622511326294,0.9994208126003908,1.0,0.8782608695652265,1.0,5,95,0,maxmin_faster_pointwise_95pct_CI
controller_p16_af03_static_k4,controller,equal,3tier_nb,16,4,100,0.9643364878329775,0.9576708715688934,0.9706942581488962,0.9637409067681221,0.9569569369642953,0.9702256022432716,0.9734429515254988,0.8662251655629121,1.0,89,11,0,maxmin_faster_pointwise_95pct_CI
controller_p16_af05_adaptive,controller,adaptive,3tier_nb,16,1,100,0.9637428929363057,0.9578007537379591,0.9694758894467538,0.9632622182163979,0.9572406461886896,0.969057163267825,0.9681111111111107,0.8644859813084099,1.032290615539859,90,3,7,diagnostic_frozen_controller_requires_recalibration
controller_p16_af05_baseline,controller,equal,3tier_nb,16,1,100,0.9963600717922968,0.9928401674514574,0.9989878226769866,0.9962220900239556,0.9925143733143347,0.9989716124813792,1.0,0.8727901614143047,1.0,9,91,0,maxmin_faster_pointwise_95pct_CI
controller_p16_af05_static_k4,controller,equal,3tier_nb,16,4,100,0.9561196398661513,0.9494087670815349,0.9623619501240244,0.9555192573356432,0.9486866763210556,0.9618810626763326,0.9622654423991949,0.8496815286624184,1.0,95,5,0,maxmin_faster_pointwise_95pct_CI
controller_p64_af00_adaptive,controller,adaptive,3tier_nb,64,1,100,0.9928409514596978,0.9904095922068212,0.9949132835082769,0.9927739790022341,0.990298274820992,0.9948859234612075,0.9934264185594295,0.931610942249239,1.005952380952381,55,41,4,diagnostic_frozen_controller_requires_recalibration
controller_p64_af00_baseline,controller,equal,3tier_nb,64,1,100,1.0,1.0,1.0,1.0,1.0,1.0,1.0,1.0,1.0,0,100,0,bit_exact_no_allocator_effect
controller_p64_af00_static_k4,controller,equal,3tier_nb,64,4,100,1.0,1.0,1.0,1.0,1.0,1.0,1.0,1.0,1.0,0,100,0,bit_exact_no_allocator_effect
controller_p64_af01_adaptive,controller,adaptive,3tier_nb,64,1,100,0.9815214023815879,0.9738695040155027,0.9893666950191273,0.9807148759183973,0.9730411669263469,0.9886489617946422,0.990296066048145,0.8923976608187122,1.0694597574421176,64,8,28,diagnostic_frozen_controller_requires_recalibration
controller_p64_af01_baseline,controller,equal,3tier_nb,64,1,100,0.9883670310336314,0.9829441773512501,0.9931612373542167,0.9879982449569175,0.982372984491526,0.9929515101562132,1.0,0.8597260273972728,1.0,27,73,0,maxmin_faster_pointwise_95pct_CI
controller_p64_af01_static_k4,controller,equal,3tier_nb,64,4,100,0.9763593469884274,0.9708140364753925,0.9815571123729262,0.9759726530136493,0.9703404785447254,0.9812684468976989,0.9870218837351665,0.8960943257185057,1.0,73,27,0,maxmin_faster_pointwise_95pct_CI
controller_p64_af03_adaptive,controller,adaptive,3tier_nb,64,1,100,0.9636834998597607,0.9560676778022609,0.97092268084657,0.9629156787382972,0.955197318294156,0.9703221881353076,0.9730414962203602,0.831558567279766,1.060135790494666,90,2,8,diagnostic_frozen_controller_requires_recalibration
controller_p64_af03_baseline,controller,equal,3tier_nb,64,1,100,0.9686728667658175,0.961612717459821,0.9754324393955431,0.9680377639544837,0.960896430991099,0.9748838097895312,0.9856115607229865,0.877022653721691,1.0,59,41,0,maxmin_faster_pointwise_95pct_CI
controller_p64_af03_static_k4,controller,equal,3tier_nb,64,4,100,0.9565501196711448,0.9481894008054692,0.9642681556930257,0.9556333260450625,0.9470876796623928,0.9635852607638755,0.9707700173261014,0.8280898876404474,1.0,90,10,0,maxmin_faster_pointwise_95pct_CI
controller_p64_af05_adaptive,controller,adaptive,3tier_nb,64,1,100,0.9522114772709718,0.9454660702274934,0.9587263306508716,0.9516027354063499,0.9448216688065741,0.9582056295565692,0.9562269488528423,0.8572418572418722,1.0213351686166527,95,2,3,diagnostic_frozen_controller_requires_recalibration
controller_p64_af05_baseline,controller,equal,3tier_nb,64,1,100,0.9568898293853547,0.9510030355739468,0.9626199638814225,0.9564151130771582,0.9504929279692672,0.9621923310155636,0.9582030946177207,0.8622754491018054,1.0,89,11,0,maxmin_faster_pointwise_95pct_CI
controller_p64_af05_static_k4,controller,equal,3tier_nb,64,4,100,0.949757591796187,0.9428836383798569,0.9563497509699901,0.9491350097459271,0.9421829971531848,0.955791962723365,0.9521650221239668,0.8538163001293816,1.0,95,5,0,maxmin_faster_pointwise_95pct_CI
equal_2tier_p16_k1,static_split,equal,2tier,16,1,100,1.0,1.0,1.0,1.0,1.0,1.0,1.0,1.0,1.0,0,100,0,bit_exact_no_allocator_effect
equal_2tier_p16_k16,static_split,equal,2tier,16,16,100,1.0,1.0,1.0,1.0,1.0,1.0,1.0,1.0,1.0,0,100,0,bit_exact_no_allocator_effect
equal_2tier_p16_k2,static_split,equal,2tier,16,2,100,1.0,1.0,1.0,1.0,1.0,1.0,1.0,1.0,1.0,0,100,0,bit_exact_no_allocator_effect
equal_2tier_p16_k32,static_split,equal,2tier,16,32,100,1.0,1.0,1.0,1.0,1.0,1.0,1.0,1.0,1.0,0,100,0,bit_exact_no_allocator_effect
equal_2tier_p16_k4,static_split,equal,2tier,16,4,100,1.0,1.0,1.0,1.0,1.0,1.0,1.0,1.0,1.0,0,100,0,bit_exact_no_allocator_effect
equal_2tier_p16_k8,static_split,equal,2tier,16,8,100,1.0,1.0,1.0,1.0,1.0,1.0,1.0,1.0,1.0,0,100,0,bit_exact_no_allocator_effect
equal_2tier_p64_k1,static_split,equal,2tier,64,1,100,1.0,1.0,1.0,1.0,1.0,1.0,1.0,1.0,1.0,0,100,0,bit_exact_no_allocator_effect
equal_2tier_p64_k16,static_split,equal,2tier,64,16,100,1.0,1.0,1.0,1.0,1.0,1.0,1.0,1.0,1.0,0,100,0,bit_exact_no_allocator_effect
equal_2tier_p64_k2,static_split,equal,2tier,64,2,100,1.0,1.0,1.0,1.0,1.0,1.0,1.0,1.0,1.0,0,100,0,bit_exact_no_allocator_effect
equal_2tier_p64_k32,static_split,equal,2tier,64,32,100,1.0,1.0,1.0,1.0,1.0,1.0,1.0,1.0,1.0,0,100,0,bit_exact_no_allocator_effect
equal_2tier_p64_k4,static_split,equal,2tier,64,4,100,1.0,1.0,1.0,1.0,1.0,1.0,1.0,1.0,1.0,0,100,0,bit_exact_no_allocator_effect
equal_2tier_p64_k8,static_split,equal,2tier,64,8,100,1.0,1.0,1.0,1.0,1.0,1.0,1.0,1.0,1.0,0,100,0,bit_exact_no_allocator_effect
equal_3tier_nb_p16_k1,static_split,equal,3tier_nb,16,1,100,1.0,1.0,1.0,1.0,1.0,1.0,1.0,1.0,1.0,0,100,0,bit_exact_no_allocator_effect
equal_3tier_nb_p16_k16,static_split,equal,3tier_nb,16,16,100,1.0,1.0,1.0,1.0,1.0,1.0,1.0,1.0,1.0,0,100,0,bit_exact_no_allocator_effect
equal_3tier_nb_p16_k2,static_split,equal,3tier_nb,16,2,100,1.0,1.0,1.0,1.0,1.0,1.0,1.0,1.0,1.0,0,100,0,bit_exact_no_allocator_effect
equal_3tier_nb_p16_k32,static_split,equal,3tier_nb,16,32,100,1.0,1.0,1.0,1.0,1.0,1.0,1.0,1.0,1.0,0,100,0,bit_exact_no_allocator_effect
equal_3tier_nb_p16_k4,static_split,equal,3tier_nb,16,4,100,1.0,1.0,1.0,1.0,1.0,1.0,1.0,1.0,1.0,0,100,0,bit_exact_no_allocator_effect
equal_3tier_nb_p16_k8,static_split,equal,3tier_nb,16,8,100,1.0,1.0,1.0,1.0,1.0,1.0,1.0,1.0,1.0,0,100,0,bit_exact_no_allocator_effect
equal_3tier_nb_p64_k1,static_split,equal,3tier_nb,64,1,100,1.0,1.0,1.0,1.0,1.0,1.0,1.0,1.0,1.0,0,100,0,bit_exact_no_allocator_effect
equal_3tier_nb_p64_k16,static_split,equal,3tier_nb,64,16,100,1.0,1.0,1.0,1.0,1.0,1.0,1.0,1.0,1.0,0,100,0,bit_exact_no_allocator_effect
equal_3tier_nb_p64_k2,static_split,equal,3tier_nb,64,2,100,1.0,1.0,1.0,1.0,1.0,1.0,1.0,1.0,1.0,0,100,0,bit_exact_no_allocator_effect
equal_3tier_nb_p64_k32,static_split,equal,3tier_nb,64,32,100,1.0,1.0,1.0,1.0,1.0,1.0,1.0,1.0,1.0,0,100,0,bit_exact_no_allocator_effect
equal_3tier_nb_p64_k4,static_split,equal,3tier_nb,64,4,100,1.0,1.0,1.0,1.0,1.0,1.0,1.0,1.0,1.0,0,100,0,bit_exact_no_allocator_effect
equal_3tier_nb_p64_k8,static_split,equal,3tier_nb,64,8,100,1.0,1.0,1.0,1.0,1.0,1.0,1.0,1.0,1.0,0,100,0,bit_exact_no_allocator_effect
equal_3tier_os2_p16_k1,static_split,equal,3tier_os2,16,1,100,1.0,1.0,1.0,1.0,1.0,1.0,1.0,1.0,1.0,0,100,0,bit_exact_no_allocator_effect
equal_3tier_os2_p16_k16,static_split,equal,3tier_os2,16,16,100,1.0,1.0,1.0,1.0,1.0,1.0,1.0,1.0,1.0,0,100,0,bit_exact_no_allocator_effect
equal_3tier_os2_p16_k2,static_split,equal,3tier_os2,16,2,100,1.0,1.0,1.0,1.0,1.0,1.0,1.0,1.0,1.0,0,100,0,bit_exact_no_allocator_effect
equal_3tier_os2_p16_k32,static_split,equal,3tier_os2,16,32,100,1.0,1.0,1.0,1.0,1.0,1.0,1.0,1.0,1.0,0,100,0,bit_exact_no_allocator_effect
equal_3tier_os2_p16_k4,static_split,equal,3tier_os2,16,4,100,1.0,1.0,1.0,1.0,1.0,1.0,1.0,1.0,1.0,0,100,0,bit_exact_no_allocator_effect
equal_3tier_os2_p16_k8,static_split,equal,3tier_os2,16,8,100,1.0,1.0,1.0,1.0,1.0,1.0,1.0,1.0,1.0,0,100,0,bit_exact_no_allocator_effect
equal_3tier_os2_p64_k1,static_split,equal,3tier_os2,64,1,100,1.0,1.0,1.0,1.0,1.0,1.0,1.0,1.0,1.0,0,100,0,bit_exact_no_allocator_effect
equal_3tier_os2_p64_k16,static_split,equal,3tier_os2,64,16,100,1.0,1.0,1.0,1.0,1.0,1.0,1.0,1.0,1.0,0,100,0,bit_exact_no_allocator_effect
equal_3tier_os2_p64_k2,static_split,equal,3tier_os2,64,2,100,1.0,1.0,1.0,1.0,1.0,1.0,1.0,1.0,1.0,0,100,0,bit_exact_no_allocator_effect
equal_3tier_os2_p64_k32,static_split,equal,3tier_os2,64,32,100,1.0,1.0,1.0,1.0,1.0,1.0,1.0,1.0,1.0,0,100,0,bit_exact_no_allocator_effect
equal_3tier_os2_p64_k4,static_split,equal,3tier_os2,64,4,100,1.0,1.0,1.0,1.0,1.0,1.0,1.0,1.0,1.0,0,100,0,bit_exact_no_allocator_effect
equal_3tier_os2_p64_k8,static_split,equal,3tier_os2,64,8,100,1.0,1.0,1.0,1.0,1.0,1.0,1.0,1.0,1.0,0,100,0,bit_exact_no_allocator_effect
equal_3tier_os4_p16_k1,static_split,equal,3tier_os4,16,1,100,1.0,1.0,1.0,1.0,1.0,1.0,1.0,1.0,1.0,0,100,0,bit_exact_no_allocator_effect
equal_3tier_os4_p16_k16,static_split,equal,3tier_os4,16,16,100,1.0,1.0,1.0,1.0,1.0,1.0,1.0,1.0,1.0,0,100,0,bit_exact_no_allocator_effect
equal_3tier_os4_p16_k2,static_split,equal,3tier_os4,16,2,100,1.0,1.0,1.0,1.0,1.0,1.0,1.0,1.0,1.0,0,100,0,bit_exact_no_allocator_effect
equal_3tier_os4_p16_k32,static_split,equal,3tier_os4,16,32,100,1.0,1.0,1.0,1.0,1.0,1.0,1.0,1.0,1.0,0,100,0,bit_exact_no_allocator_effect
equal_3tier_os4_p16_k4,static_split,equal,3tier_os4,16,4,100,1.0,1.0,1.0,1.0,1.0,1.0,1.0,1.0,1.0,0,100,0,bit_exact_no_allocator_effect
equal_3tier_os4_p16_k8,static_split,equal,3tier_os4,16,8,100,1.0,1.0,1.0,1.0,1.0,1.0,1.0,1.0,1.0,0,100,0,bit_exact_no_allocator_effect
equal_3tier_os4_p64_k1,static_split,equal,3tier_os4,64,1,100,1.0,1.0,1.0,1.0,1.0,1.0,1.0,1.0,1.0,0,100,0,bit_exact_no_allocator_effect
equal_3tier_os4_p64_k16,static_split,equal,3tier_os4,64,16,100,1.0,1.0,1.0,1.0,1.0,1.0,1.0,1.0,1.0,0,100,0,bit_exact_no_allocator_effect
equal_3tier_os4_p64_k2,static_split,equal,3tier_os4,64,2,100,1.0,1.0,1.0,1.0,1.0,1.0,1.0,1.0,1.0,0,100,0,bit_exact_no_allocator_effect
equal_3tier_os4_p64_k32,static_split,equal,3tier_os4,64,32,100,1.0,1.0,1.0,1.0,1.0,1.0,1.0,1.0,1.0,0,100,0,bit_exact_no_allocator_effect
equal_3tier_os4_p64_k4,static_split,equal,3tier_os4,64,4,100,1.0,1.0,1.0,1.0,1.0,1.0,1.0,1.0,1.0,0,100,0,bit_exact_no_allocator_effect
equal_3tier_os4_p64_k8,static_split,equal,3tier_os4,64,8,100,1.0,1.0,1.0,1.0,1.0,1.0,1.0,1.0,1.0,0,100,0,bit_exact_no_allocator_effect
placement_compact_pod_p64_k1,placement,equal,3tier_os4,64,1,100,1.0,1.0,1.0,1.0,1.0,1.0,1.0,1.0,1.0,0,100,0,bit_exact_no_allocator_effect
placement_compact_pod_p64_k8,placement,equal,3tier_os4,64,8,100,0.9642946388491147,0.9592232252718194,0.9689203975087625,0.9639671394753779,0.95878552269519,0.9687019235509324,0.9692168338907463,0.8544839255499128,0.9965095986038394,100,0,0,maxmin_faster_pointwise_95pct_CI
placement_random_p64_k1,placement,equal,3tier_os4,64,1,100,0.9619341645242767,0.9555956986717936,0.9682684934489945,0.9613836264567921,0.9550185227215019,0.9677924538311959,0.9641238276236866,0.8843309253525988,1.0,80,20,0,maxmin_faster_pointwise_95pct_CI
placement_random_p64_k8,placement,equal,3tier_os4,64,8,100,0.9462000369582916,0.9391879901867793,0.9531487094944311,0.9455067438065902,0.93847169045062,0.952546514732491,0.9475222049367038,0.8522622345337101,1.0,98,2,0,maxmin_faster_pointwise_95pct_CI
placement_spread_p64_k1,placement,equal,3tier_os4,64,1,100,0.9919686780359229,0.9898703041117537,0.9939484888873618,0.991913218123905,0.9897989676882728,0.9939106126351825,0.9966724996467753,0.9504608294930887,1.0,57,43,0,maxmin_faster_pointwise_95pct_CI
placement_spread_p64_k8,placement,equal,3tier_os4,64,8,100,0.9866459725995607,0.9834043879670868,0.9897199649730756,0.9865105043524056,0.9832266424101932,0.9896292947315788,0.9946784433102859,0.9280639431616393,1.0,92,8,0,maxmin_faster_pointwise_95pct_CI
proportional_2tier_p16_k16,static_split,proportional,2tier,16,16,100,1.0,1.0,1.0,1.0,1.0,1.0,1.0,1.0,1.0,0,100,0,bit_exact_no_allocator_effect
proportional_2tier_p16_k2,static_split,proportional,2tier,16,2,100,0.9732782227013709,0.9641438934236871,0.9815117434159866,0.9721691077144898,0.9625024969786383,0.9809032445283085,1.0,0.750000000000001,1.0,43,57,0,maxmin_faster_pointwise_95pct_CI
proportional_2tier_p16_k4,static_split,proportional,2tier,16,4,100,0.9807277249624772,0.9706378389824765,0.9897713934190359,0.9794132871590717,0.9687267279320365,0.989056093804514,1.0,0.7883211678832125,1.0,15,85,0,maxmin_faster_pointwise_95pct_CI
proportional_2tier_p16_k8,static_split,proportional,2tier,16,8,100,0.9993103448275862,0.9979310344827585,1.0,0.9992856656185499,0.9978585273119694,1.0,1.0,0.931034482758621,1.0,1,99,0,pointwise_95pct_CI_includes_one
proportional_2tier_p64_k16,static_split,proportional,2tier,64,16,100,0.9417799221200832,0.9348778880605865,0.9486038568854435,0.9411142005348149,0.9341585438025211,0.9480100301577634,0.9473684210526319,0.8372093023255821,1.0,92,8,0,maxmin_faster_pointwise_95pct_CI
proportional_2tier_p64_k2,static_split,proportional,2tier,64,2,100,0.9769174193530327,0.9723715612138617,0.9812221776330513,0.9766508877529275,0.9720595564278314,0.9810106870513782,0.9833333333333334,0.9111111111111114,1.0,75,25,0,maxmin_faster_pointwise_95pct_CI
proportional_2tier_p64_k4,static_split,proportional,2tier,64,4,100,0.9217577780130736,0.9112416476161996,0.9315281743132897,0.9202136497468734,0.9091737290044346,0.9303908934710376,0.9353896103896107,0.7292817679558019,0.985611510791367,100,0,0,maxmin_faster_pointwise_95pct_CI
proportional_2tier_p64_k8,static_split,proportional,2tier,64,8,100,0.8742020411971655,0.8645164902154907,0.8838852476314932,0.8728048446777795,0.8631607842980216,0.8825406866515999,0.8780487804878054,0.7448275862068975,1.0,99,1,0,maxmin_faster_pointwise_95pct_CI
proportional_3tier_nb_p16_k16,static_split,proportional,3tier_nb,16,16,100,1.0,1.0,1.0,1.0,1.0,1.0,1.0,1.0,1.0,0,100,0,bit_exact_no_allocator_effect
proportional_3tier_nb_p16_k2,static_split,proportional,3tier_nb,16,2,100,0.9977806868935778,0.9957585091637148,0.9994039735099338,0.9977357100626896,0.9956709636302123,0.9993926282981501,1.0,0.9536423841059605,1.0,7,93,0,maxmin_faster_pointwise_95pct_CI
proportional_3tier_nb_p16_k4,static_split,proportional,3tier_nb,16,4,100,0.9962737211805358,0.9903172265337337,1.0,0.9958645888069035,0.9892468347510261,1.0,1.0,0.776978417266188,1.0,2,98,0,pointwise_95pct_CI_includes_one
proportional_3tier_nb_p16_k8,static_split,proportional,3tier_nb,16,8,100,1.0,1.0,1.0,1.0,1.0,1.0,1.0,1.0,1.0,0,100,0,bit_exact_no_allocator_effect
proportional_3tier_nb_p64_k16,static_split,proportional,3tier_nb,64,16,100,1.0,1.0,1.0,1.0,1.0,1.0,1.0,1.0,1.0,0,100,0,bit_exact_no_allocator_effect
proportional_3tier_nb_p64_k2,static_split,proportional,3tier_nb,64,2,100,0.9741434052686166,0.9671797834392374,0.9804889480226725,0.9735216333002584,0.9662370627957537,0.980135812772667,0.9933774834437087,0.8372093023255821,1.0,84,16,0,maxmin_faster_pointwise_95pct_CI
proportional_3tier_nb_p64_k4,static_split,proportional,3tier_nb,64,4,100,0.9530717619804964,0.9387557933669544,0.9666037016874377,0.9502891523771866,0.9354482453674378,0.9644831517018994,1.0,0.776978417266188,1.0,36,64,0,maxmin_faster_pointwise_95pct_CI
proportional_3tier_nb_p64_k8,static_split,proportional,3tier_nb,64,8,100,0.9960729486211716,0.9929987833866019,0.998588728458314,0.9959637336620796,0.992825442500767,0.9985552406266784,1.0,0.931034482758621,1.0,7,93,0,maxmin_faster_pointwise_95pct_CI
proportional_3tier_os2_p16_k16,static_split,proportional,3tier_os2,16,16,100,1.0,1.0,1.0,1.0,1.0,1.0,1.0,1.0,1.0,0,100,0,bit_exact_no_allocator_effect
proportional_3tier_os2_p16_k2,static_split,proportional,3tier_os2,16,2,100,0.9989583333333333,0.996875,1.0,0.9989005958359264,0.9967054122474887,1.0,1.0,0.8958333333333313,1.0,1,99,0,pointwise_95pct_CI_includes_one
proportional_3tier_os2_p16_k4,static_split,proportional,3tier_os2,16,4,100,0.9663400423728814,0.9518750000000002,0.9798675847457627,0.9633326341119243,0.9478048778041511,0.9779522222008038,1.0,0.750000000000001,1.0,19,81,0,maxmin_faster_pointwise_95pct_CI
proportional_3tier_os2_p16_k8,static_split,proportional,3tier_os2,16,8,100,1.0,1.0,1.0,1.0,1.0,1.0,1.0,1.0,1.0,0,100,0,bit_exact_no_allocator_effect
proportional_3tier_os2_p64_k16,static_split,proportional,3tier_os2,64,16,100,0.9999082568807338,0.9997247706422019,1.0,0.9999078376961569,0.9997235385693585,1.0,1.0,0.9908256880733946,1.0,1,99,0,pointwise_95pct_CI_includes_one
proportional_3tier_os2_p64_k2,static_split,proportional,3tier_os2,64,2,100,0.9958112386589063,0.9925397780124992,0.9983903883029538,0.995693940996716,0.9923160066182906,0.9983605190238234,1.0,0.8958333333333313,1.0,11,89,0,maxmin_faster_pointwise_95pct_CI
proportional_3tier_os2_p64_k4,static_split,proportional,3tier_os2,64,4,100,0.8938843592205141,0.8807322804368449,0.9069526804056423,0.8913697758333257,0.8781600853279643,0.9046249611824284,0.9067257821649661,0.7439024390243911,1.0,99,1,0,maxmin_faster_pointwise_95pct_CI
proportional_3tier_os2_p64_k8,static_split,proportional,3tier_os2,64,8,100,0.9753513713722307,0.9687274364291022,0.9816284647586232,0.9747836713780824,0.968044691564809,0.9811684184034114,1.0,0.8780487804878054,1.0,41,59,0,maxmin_faster_pointwise_95pct_CI
proportional_3tier_os4_p16_k16,static_split,proportional,3tier_os4,16,16,100,0.9952083044852025,0.9924695214252446,0.9976056695793537,0.9951176502185505,0.9923317097054554,0.9975566264161243,1.0,0.9473684210526319,1.0,12,88,0,maxmin_faster_pointwise_95pct_CI
proportional_3tier_os4_p16_k2,static_split,proportional,3tier_os4,16,2,100,1.0,1.0,1.0,1.0,1.0,1.0,1.0,1.0,1.0,0,100,0,bit_exact_no_allocator_effect
proportional_3tier_os4_p16_k4,static_split,proportional,3tier_os4,16,4,100,1.0,1.0,1.0,1.0,1.0,1.0,1.0,1.0,1.0,0,100,0,bit_exact_no_allocator_effect
proportional_3tier_os4_p16_k8,static_split,proportional,3tier_os4,16,8,100,0.9309177375987567,0.9221680056126043,0.9398927580150213,0.929850499681166,0.9212009122052476,0.9387749271402069,0.9230769230769235,0.8244274809160312,1.0,76,24,0,maxmin_faster_pointwise_95pct_CI
proportional_3tier_os4_p64_k16,static_split,proportional,3tier_os4,64,16,100,0.9162881868105893,0.9118138495432297,0.9207163930337458,0.9160057648568843,0.9114893833565207,0.9204829043703139,0.915254237288136,0.8503937007874022,0.9473684210526319,100,0,0,maxmin_faster_pointwise_95pct_CI
proportional_3tier_os4_p64_k2,static_split,proportional,3tier_os4,64,2,100,1.0,1.0,1.0,1.0,1.0,1.0,1.0,1.0,1.0,0,100,0,bit_exact_no_allocator_effect
proportional_3tier_os4_p64_k4,static_split,proportional,3tier_os4,64,4,100,0.9962055439982723,0.9937713349084786,0.9982648149410426,0.9961351644606479,0.9936370974616068,0.9982381130806813,1.0,0.9242424242424244,1.0,15,85,0,maxmin_faster_pointwise_95pct_CI
proportional_3tier_os4_p64_k8,static_split,proportional,3tier_os4,64,8,100,0.8973950334069621,0.8873633252695606,0.9070964353733348,0.8959474064559774,0.8857143357031537,0.9058275869050411,0.9025167084377614,0.7200000000000011,0.9712230215827339,100,0,0,maxmin_faster_pointwise_95pct_CI
