fabric,ring_size,k,n_pairs,legacy_prop_advantage_mean,legacy_prop_advantage_mean_ci_low,legacy_prop_advantage_mean_ci_high,maxmin_prop_advantage_mean,maxmin_prop_advantage_mean_ci_low,maxmin_prop_advantage_mean_ci_high,amplification_geometric_mean,amplification_geometric_ci_low,amplification_geometric_ci_high,amplification_mean,amplification_mean_ci_low,amplification_mean_ci_high,amplification_gt_one_count,amplification_equal_one_count,amplification_lt_one_count,inference
2tier,16,2,100,1.0513684288207812,1.036145795899858,1.0685185648647257,1.0869081128747795,1.059750352733686,1.1189870436507932,1.0286276246227766,1.0196428740334096,1.0392226282616912,1.0299095238095237,1.0203371626984126,1.041288492063492,43,57,0,masking_supported_pointwise_95pct_CI
2tier,16,4,100,1.0148860173289111,1.007319924809226,1.0236742095518068,1.0398072215422274,1.0209302325581393,1.0611842105263154,1.0210194338905112,1.0112520064672255,1.0322212391962389,1.0225088399292805,1.012069336778639,1.034414298018949,15,85,0,masking_supported_pointwise_95pct_CI
2tier,16,8,100,1.0004310344827585,1.0,1.001293103448276,1.0012037037037036,1.0,1.0036111111111112,1.000714845019825,1.0,1.0021460684349708,1.0007407407407407,1.0,1.0022222222222223,1,99,0,pointwise_95pct_CI_includes_one
2tier,16,16,100,1.0,1.0,1.0,1.0,1.0,1.0,1.0,1.0,1.0,1.0,1.0,1.0,0,100,0,models_identical_in_this_cell
2tier,64,2,100,1.1683373166610869,1.1436846883331733,1.1933188148331275,1.1983246788683266,1.1695193305284426,1.228030057807606,1.0239073271113222,1.0193824980032917,1.028848218234476,1.0241914886069876,1.0196051274631586,1.0291879234661625,75,25,0,masking_supported_pointwise_95pct_CI
2tier,64,4,100,1.2522552646295368,1.232675790939026,1.2722181524173921,1.3671100278119992,1.3332121886607533,1.403740016735582,1.0867041586212873,1.07466359498012,1.099696092672392,1.0886557644228583,1.076002321096002,1.1023172096722802,100,0,0,masking_supported_pointwise_95pct_CI
2tier,64,8,100,1.21006906363351,1.193423923371472,1.2273224529554252,1.3915831660795797,1.3611836248764497,1.4231181030659155,1.1457314955317166,1.1331357745571358,1.1585269346613918,1.147575900396714,1.1349571432714178,1.1604113335646946,99,1,0,masking_supported_pointwise_95pct_CI
2tier,64,16,100,1.1124771198912997,1.099199656271371,1.1262822066304221,1.1852777777777768,1.163238425925925,1.208425925925925,1.0625703017037906,1.0548512860151058,1.0706040361924078,1.0633333333333328,1.0555532407407402,1.0714814814814808,92,8,0,masking_supported_pointwise_95pct_CI
3tier_nb,16,2,100,1.006929000462036,1.002185430463576,1.013858000924072,1.0094571428571428,1.00285,1.0180214285714286,1.0022694285816112,1.00060774082643,1.0043437853586257,1.0023158730158732,1.0006194444444443,1.004431746031746,7,93,0,masking_supported_pointwise_95pct_CI
3tier_nb,16,4,100,1.0022845975188353,1.0,1.0062238712966636,1.0075,1.0,1.02,1.0041525838347671,1.0,1.0108700527221604,1.0046296296296295,1.0,1.0121296296296296,2,98,0,pointwise_95pct_CI_includes_one
3tier_nb,16,8,100,1.0,1.0,1.0,1.0,1.0,1.0,1.0,1.0,1.0,1.0,1.0,1.0,0,100,0,models_identical_in_this_cell
3tier_nb,16,16,100,1.0,1.0,1.0,1.0,1.0,1.0,1.0,1.0,1.0,1.0,1.0,1.0,0,100,0,models_identical_in_this_cell
3tier_nb,64,2,100,1.0819701524055834,1.070324094145154,1.0945713213931894,1.113667080571784,1.095149993959107,1.1340164867015872,1.0271985396051029,1.0204285701404237,1.0349340972755003,1.0278940901041775,1.0207962928153715,1.0359851407632328,84,16,0,masking_supported_pointwise_95pct_CI
3tier_nb,64,4,100,1.03267155677976,1.023231495677716,1.0427694348374503,1.0938953488372087,1.0668604651162787,1.1226453488372088,1.0523112859895956,1.0368681309740915,1.068605740247319,1.0555889319552108,1.0393375322997416,1.0726550387596896,36,64,0,masking_supported_pointwise_95pct_CI
3tier_nb,64,8,100,1.0040261739181644,1.0014761040532365,1.0071902788708116,1.0084259259259258,1.0024074074074074,1.0144444444444445,1.0040526238069727,1.0014302010430527,1.0072072894816553,1.0041666666666667,1.0014814814814814,1.0074074074074073,7,93,0,masking_supported_pointwise_95pct_CI
3tier_nb,64,16,100,1.0,1.0,1.0,1.0,1.0,1.0,1.0,1.0,1.0,1.0,1.0,1.0,0,100,0,models_identical_in_this_cell
3tier_os2,16,2,100,1.1679840039449751,1.1241566174779607,1.2122288572165796,1.1694720991830705,1.1266573019518031,1.214160876161637,1.0011006141838905,1.0,1.0033054779396475,1.0011627906976743,1.0,1.0034883720930232,1,99,0,pointwise_95pct_CI_includes_one
3tier_os2,16,4,100,1.0481906191148773,1.0285031191148775,1.070131238229755,1.0999074074074067,1.0599999999999996,1.1447222222222215,1.0380630371998956,1.0224711415537182,1.0556086842285657,1.0416666666666663,1.0246296296296293,1.0605555555555553,19,81,0,masking_supported_pointwise_95pct_CI
3tier_os2,16,8,100,1.0,1.0,1.0,1.0,1.0,1.0,1.0,1.0,1.0,1.0,1.0,1.0,0,100,0,models_identical_in_this_cell
3tier_os2,16,16,100,1.0,1.0,1.0,1.0,1.0,1.0,1.0,1.0,1.0,1.0,1.0,1.0,0,100,0,models_identical_in_this_cell
3tier_os2,64,2,100,1.2096052827907964,1.167256833211584,1.2544647144590797,1.215303464755261,1.1725502741320306,1.2603518882322506,1.0043246813362885,1.0016664714590104,1.0077331482425207,1.0044487081541134,1.0016933561556993,1.0079858875612708,11,89,0,masking_supported_pointwise_95pct_CI
3tier_os2,64,4,100,1.2988623922064324,1.2724428877747729,1.3264050087329333,1.4600288356871978,1.4264730029662216,1.494876932514076,1.1218688664478418,1.1054190781314388,1.138528071563686,1.125084032318561,1.1083239040682453,1.141911833148555,99,1,0,masking_supported_pointwise_95pct_CI
3tier_os2,64,8,100,1.0825447823961807,1.0614043863600715,1.1049175461681904,1.114814814814814,1.084907407407407,1.1459282407407398,1.0258686407685393,1.0191392680533218,1.0329619046450553,1.0264814814814816,1.0196296296296294,1.0337037037037036,41,59,0,masking_supported_pointwise_95pct_CI
3tier_os2,64,16,100,1.0011009174311927,1.0,1.003302752293578,1.0012037037037036,1.0,1.0036111111111112,1.0000921707985162,1.0,1.0002765378827003,1.0000925925925928,1.0,1.0002777777777778,1,99,0,pointwise_95pct_CI_includes_one
3tier_os4,16,2,100,1.1696558910393566,1.125126356699601,1.2152237037276559,1.1696558910393566,1.1261097644680078,1.2150615499688655,1.0,1.0,1.0,1.0,1.0,1.0,0,100,0,models_identical_in_this_cell
3tier_os4,16,4,100,1.5456337137641287,1.5012547334396862,1.5902535699552174,1.5456337137641287,1.501542164699325,1.5909233351944387,1.0,1.0,1.0,1.0,1.0,1.0,0,100,0,models_identical_in_this_cell
3tier_os4,16,8,100,1.2977575168876698,1.2604667854110747,1.334855523792563,1.4045370370370347,1.35472222222222,1.454166666666664,1.0754416977168775,1.065378553833269,1.085424537514947,1.076666666666666,1.0665740740740737,1.0865740740740735,76,24,0,masking_supported_pointwise_95pct_CI
3tier_os4,16,16,100,1.0263997611374764,1.012430019305019,1.042296952384174,1.0324999999999998,1.015,1.0524999999999998,1.0049063040740733,1.0023691637359158,1.007725145798149,1.005,1.0024074074074074,1.0078703703703702,12,88,0,masking_supported_pointwise_95pct_CI
3tier_os4,64,2,100,1.2277850050689205,1.1833259645675638,1.2739725136040598,1.2277850050689205,1.184128310145628,1.274000282001239,1.0,1.0,1.0,1.0,1.0,1.0,0,100,0,models_identical_in_this_cell
3tier_os4,64,4,100,1.7293677664576095,1.6920057171579617,1.7675687461848049,1.736335772269077,1.6984732128259907,1.775424957950969,1.0038798304459462,1.0017886631716695,1.0064625471022566,1.0039529788793755,1.0018151813021066,1.0065957486534,15,85,0,masking_supported_pointwise_95pct_CI
3tier_os4,64,8,100,1.686417153872907,1.642446581759366,1.7323261894253348,1.8852680815737026,1.8309598758944787,1.9397913596529113,1.1161369437471946,1.1040024768084375,1.1290725097966319,1.1179981244005428,1.1055313013600983,1.131327853241681,100,0,0,masking_supported_pointwise_95pct_CI
3tier_os4,64,16,100,1.4571434543557558,1.426084020617293,1.488544064648796,1.5934259259259227,1.5546273148148118,1.632407407407404,1.0916961861656393,1.0865201307830847,1.0971213337061794,1.0920370370370365,1.0868518518518513,1.0974999999999995,100,0,0,masking_supported_pointwise_95pct_CI
